date,ticker,name,major,sub,benchmark,close,signal,entry_pct,minentry,maxentry,stop,atrpct,dev,selfvol,er22,er55,r0,mult,buf
2026-09-01,AA,Alcoa Corporation,矿业,铝加工,XME,50.9,Wait,,54.589,55.2872,60.8343,0.0457,0.3715,-0.1305,0.185,0.2387,-5.5471,3.5,0.2187
2026-09-01,AAOI,"Applied Optoelectronics, Inc.",科技硬件,光通信,XLK,103.39,Wait,,157.4693,161.3381,139.9649,0.1247,-1.7911,-0.1612,0.0511,0.14,21.3733,4,0.2
2026-09-01,AAPL,Apple Inc.,科技硬件,消费电子,XLK,325.13,Enter,0.9524,322.9513,325.2388,317.2052,0.0235,1.9144,0.0253,0.2266,0.1386,8.0336,3,0.4264
2026-09-01,ABCL,AbCellera Biologics Inc.,医疗健康,生物制药,XBI,11.28,Wait,,12.6645,12.9112,9.2106,0.0729,1.2479,0.321,0.4547,0.2769,3.7006,4,0.2
2026-09-01,ABNB,"Airbnb, Inc.",消费,在线旅游,XLY,182.545,Bad Market,,192.3254,193.9464,171.5885,0.0296,0.8471,0.0884,0.3976,0.319,22.3579,3.5,0.3378
2026-09-01,ABVX,Abivax SA,医疗健康,生物技术,XLV,113.67,Wait,,132.0667,133.414,128.931,0.0395,-1.7049,-0.2664,0.2615,0.0738,4.483,3.5,0.2531
2026-09-01,ACGL,Arch Capital Group Ltd.,金融地产,保险,XLF,98.61,Wait,,102.0772,102.6395,100.8569,0.019,-0.2411,-0.0815,0.1602,0.1195,1.7825,3,0.5
2026-09-01,ACLS,"Axcelis Technologies, Inc.",半导体,半导体,SOXX,110.09,Bad Market,,145.7226,148.1416,159.3476,0.0732,-2.7341,-0.1124,0.1642,0.1832,-11.206,4,0.2
2026-09-01,ACMR,"ACM Research, Inc.",半导体,半导体设备,SOXX,70.04,Bad Market,,86.8579,88.6849,102.5312,0.0869,-1.6445,-0.0941,0.1665,0.0848,-13.8463,4,0.2
2026-09-01,ADI,"Analog Devices, Inc.",半导体,半导体,SOXX,354.52,Bad Market,,393.8252,397.4064,403.6993,0.0337,-1.9167,-0.1103,0.1143,0.1531,-6.2929,3.5,0.297
2026-09-01,ADM,Archer-Daniels-Midland Company,基础材料,农业,MOO,84.55,Too High,,83.2955,84.0868,78.0878,0.0312,1.8161,0.1357,0.1333,0.0913,5.9991,3.5,0.3205
2026-09-01,AEHR,Aehr Test Systems,半导体,半导体材料,SOXX,76.59,Bad Market,,147.923,151.3926,99.3491,0.151,-2.675,0.0618,0.0016,0.0675,52.0435,4,0.2
2026-09-01,AEM,Agnico Eagle Mines Limited,矿业,金,GDX,193.46,Wait,,226.0446,228.6065,194.2214,0.0441,0.3432,0.1186,0.3258,0.1516,34.3851,3.5,0.2265
2026-09-01,AES,The AES Corporation,公用电力,再生能源,XLU,14.77,Bad Market,,14.8756,14.8909,14.7066,0.0035,0.8214,-0.4764,0.1333,0.0676,0.1843,3,0.5
2026-09-01,AEVA,"Aeva Technologies, Inc.",科技硬件,电子元件,XLK,14.78,Wait,,27.0112,27.598,20.8958,0.1323,-2.9529,-0.094,0.0552,0.1112,6.7023,4,0.2
2026-09-01,AG,First Majestic Silver Corp.,矿业,银,SIL,19.86,Wait,,21.9499,22.2648,17.5416,0.0529,0.242,-0.0775,0.3602,0.0714,4.7232,4,0.2
2026-09-01,AGI,Alamos Gold Inc.,矿业,金,GDX,34.92,Wait,,39.3692,39.818,33.784,0.0428,0.4171,-0.1032,0.3196,0.0091,6.034,3.5,0.2334
2026-09-01,AGRO,Adecoagro S.A.,基础材料,农业,MOO,12.02,Too High,,11.5002,11.6601,9.8251,0.0443,3.7741,-0.0056,0.2844,0.0207,1.835,3.5,0.2256
2026-09-01,AHR,"American Healthcare REIT, Inc.",金融地产,医疗地产,XLRE,56.54,Bad Market,,57.7254,58.1263,53.7109,0.0236,1.0293,-0.0446,0.0459,0.2388,4.4155,3,0.4231
2026-09-01,AIR,AAR Corp.,航空国防,航空航天国防,ITA,124.48,Bad Market,,154.9548,156.7808,132.4071,0.0489,-2.8505,0.0803,0.1893,0.015,24.3737,3.5,0.2045
2026-09-01,AKAM,"Akamai Technologies, Inc.",软件,软件,IGV,106.46,Wait,,126.3546,127.9191,115.9475,0.049,-1.7412,-0.0999,0.1045,0.1588,11.9716,3.5,0.2041
2026-09-01,ALAB,"Astera Labs, Inc.",半导体,半导体,SOXX,279.91,Bad Market,,366.4335,373.5786,387.751,0.0851,-1.1948,-0.1149,0.1222,0.0872,-14.1724,4,0.2
2026-09-01,ALB,Albemarle Corporation,基础材料,锂电池,XLB,135.54,Wait,,144.6054,146.276,150.9295,0.0411,0.7363,-0.189,0.3146,0.1506,-4.6535,3.5,0.2434
2026-09-01,ALGM,"Allegro MicroSystems, Inc.",半导体,半导体,SOXX,35.47,Bad Market,,44.917,45.7076,59.0791,0.0743,-1.8804,-0.166,0.2756,0.1061,-13.3715,4,0.2
2026-09-01,ALKS,Alkermes plc,医疗健康,生物制药,XBI,47.2,Wait,,50.752,51.2252,49.6991,0.0334,-1.228,-0.0266,0.1997,0.0486,1.5261,3.5,0.2992
2026-09-01,ALM,Almonty Industries Inc.,矿业,钨矿,XME,17.635,Wait,,19.1772,19.548,13.9862,0.0701,1.5846,-0.0748,0.3757,0.015,5.5617,4,0.2
2026-09-01,ALSN,"Allison Transmission Holdings, ",工业,工业机械,XLI,122.71,Bad Market,,134.4571,135.6904,118.841,0.0335,-0.5626,0.0319,0.1376,0.0583,16.8494,3.5,0.2985
2026-09-01,AMAT,"Applied Materials, Inc.",半导体,半导体设备,SOXX,441.85,Bad Market,,553.5871,561.7427,614.2584,0.0615,-2.548,-0.0884,0.2091,0.0875,-52.5157,4,0.2
2026-09-01,AMBQ,"Ambiq Micro, Inc.",半导体,半导体,SOXX,55.94,Bad Market,,68.7193,70.0082,73.2942,0.0768,-1.5613,-0.109,0.1563,0.1603,-3.2859,4,0.2
2026-09-01,AMD,"Advanced Micro Devices, Inc.",半导体,半导体,SOXX,459.61,Bad Market,,523.3274,530.4484,485.9627,0.0516,-0.9155,-0.1242,0.0595,0.0508,44.4857,4,0.2
2026-09-01,AMGN,Amgen Inc.,医疗健康,制药,XLV,438.12,Wait,,448.2212,451.2709,413.3427,0.0232,1.6515,0.0691,0.3877,0.3139,37.9282,3,0.431
2026-09-01,AMKR,"Amkor Technology, Inc.",半导体,半导体材料,SOXX,45.73,Bad Market,,62.0445,63.1612,78.6606,0.0814,-1.936,-0.1995,0.0939,0.2245,-15.4994,4,0.2
2026-09-01,AMLX,"Amylyx Pharmaceuticals, Inc.",医疗健康,生物制药,XBI,33.81,Wait,,40.1269,40.8271,30.3229,0.069,2.0233,0.5166,0.3873,0.3961,10.5043,4,0.2
2026-09-01,AMPX,"Amprius Technologies, Inc.",基础材料,锂电池,XLB,9.48,Wait,,12.6561,12.8752,13.8985,0.077,-2.09,-0.3448,0.013,0.2322,-1.0233,4,0.2
2026-09-01,AMT,American Tower Corporation (REI,金融地产,通信铁塔,XLRE,176.02,Bad Market,,180.3302,181.5613,176.9994,0.0233,0.5892,-0.0976,0.0378,0.099,4.5619,3,0.4289
2026-09-01,AMZN,"Amazon.com, Inc.",消费,互联网零售,XLY,254.92,Bad Market,,286.5692,288.7427,258.6619,0.0284,-1.484,-0.0195,0.1788,0.0642,30.0808,3.5,0.3518
2026-09-01,ANAB,"AnaptysBio, Inc.",医疗健康,生物制药,XBI,55.28,Wait,,60.2428,61.057,60.3113,0.0491,-0.6609,-0.1445,0.0104,0.0102,0.7457,3.5,0.2037
2026-09-01,ANDG,Andersen Group Inc.,金融地产,个性化服务,XLF,55.72,Wait,,57.1172,57.8598,47.896,0.0444,2.364,0.0433,0.3536,0.3122,9.9638,3.5,0.2251
2026-09-01,ANET,"Arista Networks, Inc.",科技硬件,硬件,XLK,189.26,Wait,,212.3926,215.0266,179.7695,0.0464,-0.5852,0.0021,0.1496,0.1108,35.2571,3.5,0.2156
2026-09-01,APA,APA Corporation,油气,油气勘探开发,XLE,44.3,Wait,,44.833,45.2887,39.0731,0.0343,2.5087,0.0437,0.3658,0.1733,6.2156,3.5,0.2916
2026-09-01,APD,"Air Products and Chemicals, Inc",基础材料,化工,XLB,305.32,Wait,,312.5132,314.4756,294.5664,0.0214,0.3045,-0.0503,0.0758,0.1383,19.9092,3,0.4668
2026-09-01,APG,APi Group Corporation,工业,工业服务,XLI,39.12,Bad Market,,45.1112,45.4637,40.6079,0.03,-2.3764,-0.0671,0.0057,0.1139,4.8558,3.5,0.333
2026-09-01,APH,Amphenol Corporation,科技硬件,光通信,XLK,163.18,Wait,,173.8718,175.6669,155.3769,0.0367,-0.109,-0.0558,0.051,0.0572,20.29,3.5,0.2727
2026-09-01,APLD,Applied Digital Corporation,数据中心,数据中心,DTCR,24.29,Bad Market,,31.6969,32.3372,38.0521,0.0879,-2.1017,-0.2397,0.135,0.2567,-5.7149,4,0.2
2026-09-01,APP,Applovin Corporation,软件,广告技术,IGV,311.74,Wait,,423.1203,428.2507,496.2046,0.0549,-1.0741,-0.3289,0.4088,0.224,-67.9539,4,0.2
2026-09-01,APPS,"Digital Turbine, Inc.",软件,软件,IGV,10.0,Wait,,14.57,14.8401,10.7895,0.09,-2.0536,0.1096,0.1393,0.0048,4.0505,4,0.2
2026-09-01,AR,Antero Resources Corporation,油气,油气勘探生产,XLE,39.81,Too High,,38.9281,39.2642,34.6089,0.0281,2.5007,-0.0376,0.3383,0.1792,4.6553,3.5,0.3553
2026-09-01,ARM,Arm Holdings plc,半导体,半导体,SOXX,234.82,Bad Market,,290.3533,295.8632,365.9944,0.0782,-1.444,-0.1363,0.0389,0.151,-70.1312,4,0.2
2026-09-01,ARMK,Aramark,消费,餐饮服务,XLY,56.62,Bad Market,,62.9562,63.3415,58.5374,0.0227,-1.7139,0.056,0.0353,0.0673,4.8041,3,0.4409
2026-09-01,AROC,"Archrock, Inc.",油气,油气中游,AMLP,31.69,Wait,,36.0769,36.4542,37.5477,0.0397,-1.0582,-0.0189,0.3055,0.1134,-1.0935,3.5,0.2519
2026-09-01,ARQQ,Arqit Quantum Inc.,半导体,半导体,SOXX,18.9,Bad Market,,24.75,25.2901,22.519,0.0953,-1.6328,-0.1139,0.0584,0.0665,2.7711,4,0.2
2026-09-01,ARXS,"Arxis, Inc.",航空国防,航空航天国防,ITA,51.31,Bad Market,,60.5175,61.3087,49.44,0.0514,-1.7807,-0.0008,0.081,0.1369,11.8687,4,0.2
2026-09-01,ASC,Ardmore Shipping Corporation,航运,海运,SEA,17.68,Wait,,18.5768,18.7787,16.0444,0.0381,0.4131,-0.0089,0.0565,0.0578,2.7343,3.5,0.2627
2026-09-01,ASTS,"AST SpaceMobile, Inc.",航空国防,通讯设备,ITA,55.8,Bad Market,,75.2117,76.5642,70.8261,0.0808,-2.444,-0.3249,0.0541,0.1455,5.7381,4,0.2
2026-09-01,ASX,"ASE Technology Holding Co., Ltd",半导体,半导体,SOXX,37.43,Bad Market,,40.2879,40.8548,37.5619,0.0505,-0.1146,-0.0447,0.1354,0.0081,3.2929,4,0.2
2026-09-01,ATRO,Astronics Corporation,航空国防,航空航天国防,ITA,72.99,Bad Market,,94.3497,95.6993,75.4558,0.0616,-1.5057,0.1128,0.0713,0.0215,20.2434,4,0.2
2026-09-01,AU,AngloGold Ashanti PLC,矿业,金,GDX,108.13,Wait,,124.4713,125.9616,106.0034,0.0459,1.0866,0.0616,0.341,0.1732,19.9582,3.5,0.2177
2026-09-01,AUGO,Aura Minerals Inc.,矿业,金,GDX,79.045,Wait,,91.3938,92.7794,71.9944,0.0584,0.289,0.0217,0.3664,0.1577,20.785,4,0.2
2026-09-01,AVAH,Aveanna Healthcare Holdings Inc,医疗健康,医疗服务,XLV,13.46,Wait,,13.9546,14.1341,11.7263,0.0444,3.1955,0.2863,0.5033,0.4792,2.4077,3.5,0.225
2026-09-01,AVGO,Broadcom Inc.,半导体,半导体,SOXX,369.68,Bad Market,,431.4568,435.3972,381.7892,0.0355,-1.5443,-0.1433,0.1333,0.0268,53.608,3.5,0.2815
2026-09-01,AVNT,Avient Corporation,基础材料,化工,XLB,42.62,Wait,,46.7662,47.1911,41.3823,0.0332,-0.7755,0.0412,0.3046,0.1347,5.8088,3.5,0.3009
2026-09-01,AVT,"Avnet, Inc.",科技硬件,电子元器,XLK,89.39,Wait,,99.5239,100.5992,86.0853,0.0401,-0.9434,0.125,0.0609,0.0091,14.5138,3.5,0.2494
2026-09-01,AVTR,"Avantor, Inc.",医疗健康,生命科学工具,XLV,14.2,Wait,,14.752,14.8904,12.9953,0.0325,0.6232,-0.0126,0.0821,0.3118,1.8951,3.5,0.3078
2026-09-01,AXP,American Express Company,金融地产,支付,XLF,324.19,Wait,,352.1508,354.0473,342.6049,0.0195,-2.4167,-0.1441,0.1921,0.0254,11.4424,3,0.5
2026-09-01,AXTI,AXT Inc,半导体,半导体,SOXX,56.11,Bad Market,,97.7085,100.3163,75.9697,0.1549,-1.9576,-0.1144,0.0345,0.1292,24.3466,4,0.2
2026-09-01,B,Barrick Mining Corporation,矿业,金,GDX,43.1,Wait,,49.301,49.8146,42.8777,0.0397,-0.123,0.0288,0.192,0.0741,6.9369,3.5,0.2517
2026-09-01,BA,Boeing Company (The),航空国防,航空航天国防,ITA,205.66,Bad Market,,242.2466,243.7857,224.799,0.0249,-3.6576,-0.1792,0.2042,0.0821,18.9867,3,0.4009
2026-09-01,BAC,Bank of America Corporation,金融地产,银行,XLF,61.99,Wait,,65.3511,65.6757,61.5637,0.0175,-0.9791,-0.0436,0.0236,0.2162,4.112,3,0.5
2026-09-01,BAM,Brookfield Asset Management Inc,金融地产,资管,XLF,49.66,Wait,,56.3566,56.763,51.1189,0.0273,-2.2697,-0.0218,0.0786,0.0685,5.6441,3.5,0.3666
2026-09-01,BB,BlackBerry Limited,软件,软件,IGV,7.83,Wait,,9.0848,9.2271,10.9135,0.0606,-1.3973,-0.102,0.1441,0.077,-1.6865,4,0.2
2026-09-01,BBIO,"BridgeBio Pharma, Inc.",医疗健康,生物科技,XBI,76.57,Wait,,85.4357,86.2007,81.2446,0.0333,-1.9715,-0.1238,0.2359,0.1202,4.9562,3.5,0.3003
2026-09-01,BBVA,Banco Bilbao Vizcaya Argentaria,金融地产,银行,XLF,28.64,Wait,,29.4354,29.5706,27.8577,0.0157,0.0477,-0.1619,0.26,0.3107,1.713,3,0.5
2026-09-01,BCPC,Balchem Corporation,基础材料,化工,XLB,173.31,Wait,,183.0131,184.1676,169.7347,0.0222,-1.2917,-0.0116,0.2254,0.0886,14.4329,3,0.4503
2026-09-01,BDC,Belden Inc,科技硬件,网络基础,XLK,112.06,Wait,,139.1506,140.5711,121.4575,0.0423,-3.2526,-0.0088,0.0837,0.0004,19.1136,3.5,0.2367
2026-09-01,BE,Bloom Energy Corporation,公用电力,电力,GRID,213.63,Bad Market,,241.0206,246.8115,268.6379,0.0904,-0.2321,-0.1503,0.0505,0.0636,-21.8264,4,0.2
2026-09-01,BELFB,Bel Fuse Inc.,科技硬件,电子元件,XLK,243.42,Wait,,303.4042,307.5505,277.7563,0.0568,-2.325,-0.0825,0.0579,0.1033,29.7942,4,0.2
2026-09-01,BEPC,Brookfield Renewable Corporatio,公用电力,电力,XLU,31.64,Bad Market,,36.1864,36.4838,34.4705,0.0313,-2.1951,-0.1242,0.1269,0.2163,2.0133,3.5,0.3192
2026-09-01,BG,Bunge Limited,基础材料,农业,MOO,121.04,Too High,,117.7804,119.0241,112.6605,0.0342,2.2482,0.0848,0.4075,0.0376,6.3636,3.5,0.292
2026-09-01,BHE,"Benchmark Electronics, Inc.",科技硬件,解决方案,XLK,70.48,Wait,,86.1177,87.1793,84.5154,0.0502,-2.156,-0.0515,0.2631,0.1551,2.6639,4,0.2
2026-09-01,BHP,BHP Group Limited,矿业,金属采矿,XME,92.82,Wait,,99.6182,100.3381,90.291,0.0259,0.628,0.0116,0.2014,0.0581,10.0471,3.5,0.3868
2026-09-01,BKH,Black Hills Corporation,公用电力,天然气/电力,XLU,72.4,Bad Market,,75.374,75.8181,71.5988,0.0204,-0.3911,-0.0835,0.0107,0.0149,4.2193,3,0.4891
2026-09-01,BKNG,Booking Holdings Inc. Common St,消费,在线旅游,XLY,195.69,Bad Market,,216.3769,218.3465,191.4414,0.0335,-1.8933,-0.0031,0.0361,0.1608,26.9051,3.5,0.2981
2026-09-01,BKR,Baker Hughes Company,油气,油气设备服务,XLE,63.655,Wait,,65.5366,66.0338,59.0982,0.026,0.3849,-0.0724,0.2461,0.0037,6.9356,3.5,0.384
2026-09-01,BKV,BKV Corporation,油气,油气勘探开发,XLE,25.12,Wait,,26.9812,27.2787,23.8897,0.0395,0.0681,-0.0392,0.088,0.0217,3.3889,3.5,0.2534
2026-09-01,BLK,"BlackRock, Inc.",金融地产,资管,XLF,1128.1,Wait,,1194.121,1201.0758,1113.2916,0.0206,-1.0679,-0.0948,0.1097,0.1361,87.7842,3,0.4866
2026-09-01,BLZE,"Backblaze, Inc.",软件,软件,IGV,13.53,Wait,,20.7087,21.1268,14.8554,0.103,-2.8626,0.2262,0.044,0.135,6.2715,4,0.2
2026-09-01,BMY,Bristol-Myers Squibb Company,医疗健康,制药,XLV,66.92,Wait,,68.5892,69.0678,63.1337,0.0238,0.8339,0.0356,0.1199,0.2069,5.9341,3,0.4194
2026-09-01,BNTX,BioNTech SE,医疗健康,生物技术,XBI,101.945,Wait,,117.5894,118.9575,100.609,0.0447,0.4094,0.2815,0.1507,0.1275,18.3485,3.5,0.2235
2026-09-01,BP,BP p.l.c.,油气,综合油气,XLE,44.47,Wait,,45.6647,45.9762,42.1047,0.0234,1.4012,-0.0,0.0153,0.0454,3.8715,3,0.4282
2026-09-01,BRZE,"Braze, Inc.",软件,软件,IGV,32.78,Wait,,34.4178,34.9011,28.4512,0.0491,2.2007,0.0487,0.4004,0.2531,6.4499,3.5,0.2035
2026-09-01,BTSG,"BrightSpring Health Services, I",医疗健康,医疗健康,XLV,59.16,Wait,,73.4716,74.3173,63.0436,0.0477,-0.3907,0.109,0.3188,0.05,11.2737,3.5,0.2099
2026-09-01,BTU,Peabody Energy Corporation,油气,煤矿,XLE,29.1,Wait,,29.981,30.3327,25.5866,0.0403,2.9943,-0.0981,0.5798,0.0899,4.7461,3.5,0.2482
2026-09-01,BUD,Anheuser-Busch Inbev SA Sponsor,消费,消费必需品,XLP,79.13,Wait,,87.1889,87.6142,82.2269,0.0179,-0.9198,-0.0827,0.3884,0.0595,5.3873,3,0.5
2026-09-01,BVN,Buenaventura Mining Company Inc,矿业,金,GDX,33.42,Wait,,36.6342,37.0926,30.9525,0.0457,-0.4621,-0.0478,0.0995,0.0155,6.1401,3.5,0.2187
2026-09-01,BWLP,BW LPG Limited,航运,海运,SEA,24.21,Wait,,25.0421,25.2902,21.9055,0.0342,1.6608,0.1476,0.1953,0.1039,3.3847,3.5,0.2927
2026-09-01,BWXT,"BWX Technologies, Inc.",航空国防,航空航天国防,ITA,161.54,Bad Market,,175.4054,177.3461,187.359,0.04,-0.3677,-0.1308,0.0564,0.164,-10.0129,3.5,0.2497
2026-09-01,C,"Citigroup, Inc.",金融地产,银行,XLF,132.54,Wait,,140.6554,141.5298,136.9261,0.022,-0.7879,-0.1199,0.0071,0.0571,4.6037,3,0.4547
2026-09-01,CAKE,The Cheesecake Factory Incorpor,消费,餐饮,XLY,108.36,Bad Market,,118.3736,119.6107,102.8567,0.0381,-0.4138,0.2675,0.1389,0.3284,16.7541,3.5,0.2628
2026-09-01,CALM,"Cal-Maine Foods, Inc.",基础材料,农业,MOO,79.02,Wait,,88.5702,89.3857,83.9855,0.0344,-1.3857,0.0014,0.3439,0.0112,5.4003,3.5,0.2907
2026-09-01,CAMT,Camtek Ltd.,半导体,半导体,SOXX,128.14,Bad Market,,176.2089,179.2224,157.5711,0.0784,-2.4929,-0.0763,0.0726,0.1571,21.6512,4,0.2
2026-09-01,CART,Maplebear Inc.,消费,互联网零售,XLY,50.05,Bad Market,,52.2805,52.7946,45.7822,0.0342,0.5144,-0.0404,0.2715,0.1656,7.0124,3.5,0.2921
2026-09-01,CAT,"Caterpillar, Inc.",工业,工业机械,XLI,779.16,Bad Market,,889.4416,898.6337,957.6593,0.0393,-1.9288,-0.0728,0.0994,0.1076,-59.0256,3.5,0.2543
2026-09-01,CB,Chubb Limited,金融地产,保险,XLF,338.74,Wait,,356.965,358.726,345.89,0.0173,-1.0733,-0.0966,0.2236,0.0494,12.836,3,0.5
2026-09-01,CBRS,Cerebras Systems Inc.,半导体,半导体,SOXX,172.62,Bad Market,,265.684,271.1201,189.5793,0.105,-2.2049,-0.2382,0.0967,0.0595,81.5408,4,0.2
2026-09-01,CCJ,Cameco Corporation,矿业,铀,URA,96.26,Bad Market,,108.3226,109.6322,93.6118,0.0453,-0.5248,-0.0791,0.1661,0.0238,16.0204,3.5,0.2205
2026-09-01,CDE,"Coeur Mining, Inc.",矿业,银,SIL,20.2,Wait,,22.4303,22.7607,17.804,0.0545,0.7113,-0.017,0.3321,0.0914,4.9567,4,0.2
2026-09-01,CDNA,"CareDx, Inc.",医疗健康,诊断检测,XLV,48.97,Wait,,52.8643,53.6208,42.274,0.0515,0.5304,0.332,0.3567,0.3802,11.3468,4,0.2
2026-09-01,CDW,CDW Corporation,科技硬件,IT,XLK,150.3,Wait,,155.503,157.503,130.6664,0.0444,1.5121,0.1196,0.0578,0.1163,26.8367,3.5,0.2254
2026-09-01,CEG,Constellation Energy Corporatio,公用电力,核电,XLU,280.31,Bad Market,,285.3031,288.0994,249.8767,0.0333,0.6811,-0.1276,0.1804,0.1326,38.2227,3.5,0.3007
2026-09-01,CELC,Celcuity Inc.,医疗健康,生物技术,XBI,91.98,Wait,,96.0463,97.4957,96.394,0.0525,0.0723,-0.2016,0.0838,0.0161,1.1017,4,0.2
2026-09-01,CENX,Century Aluminum Company,基础材料,铝,XLB,46.78,Wait,,52.836,53.6551,50.2692,0.0584,0.1209,-0.097,0.0761,0.1962,3.3859,4,0.2
2026-09-01,CF,"CF Industries Holdings, Inc.",基础材料,化肥,MOO,135.6,Too High,,131.386,132.8912,112.4696,0.037,2.8243,0.0454,0.1748,0.2334,20.4215,3.5,0.2703
2026-09-01,CFR,"Cullen/Frost Bankers, Inc.",金融地产,银行,XLF,158.32,Wait,,171.6466,172.5866,160.6803,0.0198,-2.3447,0.0102,0.1856,0.1571,11.9063,3,0.5
2026-09-01,CGAU,Centerra Gold Inc.,矿业,金,GDX,21.78,Wait,,24.4678,24.7641,20.7931,0.0453,0.0127,0.108,0.2399,0.212,3.971,3.5,0.2205
2026-09-01,CGNX,Cognex Corporation,工业,工业设备,XLI,60.08,Bad Market,,72.1208,72.9387,62.8772,0.0454,-1.3281,-0.0369,0.0595,0.0209,10.0615,3.5,0.2204
2026-09-01,CGON,"CG Oncology, Inc.",医疗健康,生物技术,XLV,75.86,Wait,,81.4386,82.3954,69.5177,0.042,-0.1146,-0.0328,0.081,0.1885,12.8777,3.5,0.2379
2026-09-01,CHRD,Chord Energy Corporation,油气,油气勘探开发,XLE,150.41,Enter,0.0639,150.3141,151.8143,131.3082,0.0332,2.0107,0.0213,0.1955,0.1103,20.5061,3.5,0.3008
2026-09-01,CHRN,ChronoScale Holdings Corporatio,数据中心,数据中心,DTCR,17.66,Bad Market,,24.9557,25.7143,19.5159,0.1432,-1.6249,0.0449,0.1578,0.0032,6.1984,4,0.2
2026-09-01,CHYM,"Chime Financial, Inc.",金融地产,消费金融,XLF,31.66,Wait,,33.6766,34.0928,28.5045,0.0438,0.4599,0.0619,0.4339,0.3723,5.5883,3.5,0.2282
2026-09-01,CIEN,Ciena Corporation,科技硬件,光通信,XLK,360.33,Wait,,450.8317,459.3093,377.5257,0.0784,-1.5639,-0.0669,0.0365,0.098,81.7836,4,0.2
2026-09-01,CIFR,Cipher Digital Inc.,数据中心,数据中心,DTCR,14.61,Bad Market,,24.5261,25.0754,21.8571,0.1253,-1.2769,-0.1346,0.3093,0.1366,3.2183,4,0.2
2026-09-01,CL,Colgate-Palmolive Company,消费,消费必需品,XLP,89.63,Wait,,94.1763,94.7414,89.479,0.021,-1.1164,-0.073,0.0975,0.004,5.2624,3,0.4758
2026-09-01,CLBK,"Columbia Financial, Inc.",金融地产,银行,XLF,11.5,Wait,,11.935,12.0134,11.0355,0.0227,0.3738,0.0791,0.2174,0.3056,0.978,3,0.4398
2026-09-01,CLF,Cleveland-Cliffs Inc.,基础材料,钢铁,XLB,11.54,Wait,,12.7779,12.9698,11.2216,0.0554,-0.4831,-0.0219,0.0139,0.1208,1.7482,4,0.2
2026-09-01,CLH,"Clean Harbors, Inc.",工业,环境服务,XLI,315.25,Bad Market,,329.2025,331.2952,305.4125,0.0221,0.0451,-0.0452,0.0282,0.1608,25.8828,3,0.4519
2026-09-01,CLMT,"Calumet, Inc",油气,燃料油,XLE,51.52,Enter,0.283,51.3252,52.0135,42.78,0.0445,2.3177,0.2565,0.2182,0.2925,9.2335,3.5,0.2246
2026-09-01,CLS,"Celestica, Inc.",科技硬件,电子元件,XLK,292.59,Wait,,375.2236,381.334,321.9781,0.0696,-1.4236,-0.1224,0.2157,0.1303,59.3559,4,0.2
2026-09-01,CLSK,"CleanSpark, Inc.",数据中心,数据中心,DTCR,11.06,Bad Market,,14.8637,15.1842,13.1767,0.0966,-1.1181,-0.092,0.2143,0.1504,2.0075,4,0.2
2026-09-01,CM,Canadian Imperial Bank of Comme,金融地产,银行,XLF,112.42,Wait,,124.8642,125.6425,115.9565,0.0231,-2.4062,0.1449,0.2019,0.0082,9.6861,3,0.4333
2026-09-01,CMBT,CMB.TECH NV,航运,海运,SEA,18.27,Wait,,18.4627,18.6192,16.4547,0.0285,2.1409,0.0169,0.4431,0.2015,2.1645,3.5,0.3503
2026-09-01,CMG,"Chipotle Mexican Grill, Inc.",消费,餐饮,XLY,37.51,Bad Market,,38.8951,39.2732,34.1094,0.0336,2.1037,-0.0062,0.0581,0.1354,5.1638,3.5,0.2977
2026-09-01,CNH,CNH Industrial N.V.,工业,工业机械,XLI,12.5,Bad Market,,11.995,12.1474,10.0922,0.0406,3.0643,0.1236,0.3333,0.1531,2.0552,3.5,0.2461
2026-09-01,CNP,"CenterPoint Energy, Inc (Holdin",公用电力,电力,XLU,39.47,Bad Market,,42.5447,42.7988,42.4989,0.0215,-0.8972,0.0001,0.3807,0.1322,0.2999,3,0.466
2026-09-01,CNQ,Canadian Natural Resources Limi,油气,油气勘探开发,XLE,51.81,Wait,,51.9181,52.2831,47.7497,0.0235,2.8522,-0.0026,0.3174,0.1602,4.5334,3,0.4258
2026-09-01,COHR,Coherent Corp.,科技硬件,光通信,XLK,272.03,Wait,,384.1888,391.777,324.3039,0.093,-1.6253,-0.0934,0.0241,0.1209,67.4731,4,0.2
2026-09-01,COIN,"Coinbase Global, Inc.",金融地产,加密金融,XLF,176.82,Wait,,192.9637,196.3292,145.8464,0.0634,1.1872,0.015,0.2148,0.0521,50.4828,4,0.2
2026-09-01,COP,ConocoPhillips,油气,油气勘探开发,XLE,136.19,Wait,,136.2519,137.24,125.0092,0.0242,2.9498,0.0123,0.387,0.2026,12.2307,3,0.4135
2026-09-01,CORT,Corcept Therapeutics Incorporat,医疗健康,生物制药,XBI,113.38,Wait,,124.7038,126.0721,107.606,0.0402,-0.4619,0.1353,0.1072,0.2256,18.4662,3.5,0.2486
2026-09-01,CORZ,"Core Scientific, Inc.",数据中心,数据中心,DTCR,16.07,Bad Market,,23.0942,23.4905,23.876,0.0822,-2.3588,-0.1321,0.3218,0.2427,-0.3855,4,0.2
2026-09-01,COST,Costco Wholesale Corporation,消费,消费必需品,XLP,939.96,Wait,,980.3213,985.6741,933.1521,0.019,-0.6458,-0.0594,0.0757,0.0683,52.5221,3,0.5
2026-09-01,CP,Canadian Pacific Kansas City Li,工业,铁路,IYT,88.97,Bad Market,,97.5797,98.1827,90.6605,0.0226,-2.0295,0.0449,0.0353,0.0064,7.5222,3,0.4427
2026-09-01,CPAY,"Corpay, Inc.",金融地产,支付,XLF,404.81,Wait,,429.2881,432.2106,396.0151,0.0241,-0.1193,-0.1021,0.1346,0.1725,36.1955,3,0.4155
2026-09-01,CRC,California Resources Corporatio,油气,油气勘探开发,XLE,53.88,Wait,,54.6688,55.1274,53.2593,0.0284,0.6515,-0.1394,0.1897,0.0713,1.8682,3.5,0.3524
2026-09-01,CRDO,Credo Technology Group Holding ,半导体,半导体,SOXX,206.63,Bad Market,,286.7437,292.6293,224.046,0.0949,-1.7276,-0.0198,0.0217,0.0794,68.5832,4,0.2
2026-09-01,CRGY,Crescent Energy Company,油气,油气勘探开发,XLE,14.07,Wait,,14.2007,14.3398,12.4369,0.033,3.1343,-0.0005,0.4603,0.1875,1.9029,3.5,0.3034
2026-09-01,CRL,Charles River Laboratories Inte,医疗健康,CRO,XLV,282.34,Wait,,301.4034,304.4504,263.0315,0.036,0.3198,0.0983,0.4191,0.3744,41.4189,3.5,0.278
2026-09-01,CROX,"Crocs, Inc.",消费,服饰鞋类,XLY,115.28,Bad Market,,142.3428,143.769,124.5515,0.0412,-3.0227,0.0064,0.1303,0.0718,19.2175,3.5,0.2425
2026-09-01,CRUS,"Cirrus Logic, Inc.",半导体,半导体,SOXX,109.07,Bad Market,,134.6807,135.8507,152.2903,0.0358,-2.6443,-0.2295,0.544,0.4397,-16.4396,3.5,0.2797
2026-09-01,CRWD,"CrowdStrike Holdings, Inc.",软件,软件,IGV,215.07,Wait,,233.5543,237.3858,179.9137,0.0594,0.3674,0.3375,0.1398,0.1414,57.4721,4,0.2
2026-09-01,CRWV,"CoreWeave, Inc.",数据中心,数据中心,DTCR,81.85,Bad Market,,109.0259,110.9698,92.0319,0.0792,-1.5777,-0.1447,0.1168,0.0813,18.9379,4,0.2
2026-09-01,CSCO,"Cisco Systems, Inc.",科技硬件,通讯,XLK,109.74,Wait,,124.9774,125.9126,112.9694,0.0284,-1.7751,-0.0706,0.0947,0.1174,12.9432,3.5,0.352
2026-09-01,CSTM,Constellium SE,基础材料,铝加工,XLB,26.91,Wait,,30.1891,30.5334,31.5833,0.0426,-1.2151,-0.1133,0.1248,0.2173,-1.0499,3.5,0.2345
2026-09-01,CSX,CSX Corporation,工业,铁路/联运,IYT,48.7,Bad Market,,52.247,52.5701,49.9988,0.0221,-1.8666,0.0836,0.1636,0.0493,2.5714,3,0.4521
2026-09-01,CTVA,"Corteva, Inc.",基础材料,农业,MOO,87.73,Wait,,90.2173,90.9233,82.273,0.0268,3.7751,0.1202,0.0475,0.1913,8.6504,3.5,0.3728
2026-09-01,CVE,Cenovus Energy Inc,油气,综合油气,XLE,33.13,Wait,,33.2613,33.5654,29.3817,0.0306,2.3713,0.0686,0.2264,0.1512,4.1837,3.5,0.3268
2026-09-01,CVX,Chevron Corporation,油气,综合油气,XLE,211.05,Too High,,208.1944,209.4271,193.8135,0.0195,2.9976,-0.0192,0.2675,0.1781,15.6135,3,0.5
2026-09-01,CWEN,"Clearway Energy, Inc.",公用电力,电力,XLU,31.52,Bad Market,,34.8152,35.0978,35.3124,0.0299,-1.479,-0.1263,0.0222,0.2295,-0.2146,3.5,0.3345
2026-09-01,D,"Dominion Energy, Inc.",公用电力,电力,XLU,66.38,Bad Market,,70.291,70.6277,68.3238,0.0169,-1.1644,-0.0849,0.3275,0.0108,2.3039,3,0.5
2026-09-01,DAL,"Delta Air Lines, Inc.",工业,航空运输,IYT,76.38,Bad Market,,93.9038,94.6395,85.0773,0.0321,-4.3186,-0.0586,0.3603,0.0676,9.5622,3.5,0.3115
2026-09-01,DAR,Darling Ingredients Inc.,基础材料,化工,XLB,67.7,Wait,,69.017,69.8884,58.174,0.0429,1.4353,0.2638,0.2016,0.1661,11.7143,3.5,0.2331
2026-09-01,DAVE,Dave Inc.,金融地产,消费金融,XLF,340.64,Wait,,434.7811,441.7128,350.1078,0.0678,-0.5448,0.0545,0.1123,0.0812,91.605,4,0.2
2026-09-01,DB,Deutsche Bank AG,金融地产,银行,XLF,39.58,Wait,,40.5694,40.773,38.1936,0.0171,1.7561,-0.1626,0.3325,0.2457,2.5794,3,0.5
2026-09-01,DBD,Diebold Nixdorf Incorporated,科技硬件,硬件,XLK,66.65,Wait,,78.7865,79.5921,81.3509,0.0403,-1.7181,-0.0753,0.1482,0.1889,-1.7588,3.5,0.2482
2026-09-01,DBX,"Dropbox, Inc.",软件,软件,IGV,34.26,Wait,,36.2726,36.6096,31.9983,0.0328,-0.2047,0.0717,0.1539,0.2243,4.6113,3.5,0.305
2026-09-01,DDOG,"Datadog, Inc.",软件,软件,IGV,223.84,Wait,,291.037,295.3675,230.41,0.0645,-1.5203,0.1261,0.2004,0.026,64.9575,4,0.2
2026-09-01,DE,Deere & Company,工业,工业机械,XLI,676.08,Bad Market,,661.6708,667.9856,581.2375,0.0311,2.7416,0.1465,0.2923,0.1833,86.7481,3.5,0.3212
2026-09-01,DELL,Dell Technologies Inc.,科技硬件,硬件,XLK,425.0,Wait,,500.0901,508.4601,382.9091,0.0656,-1.2293,0.0834,0.057,0.0335,125.5511,4,0.2
2026-09-01,DEO,Diageo plc,消费,消费必需品,XLP,90.06,Wait,,98.0106,98.6211,91.0054,0.0226,-1.518,-0.02,0.0316,0.117,7.6156,3,0.4426
2026-09-01,DGII,Digi International Inc.,科技硬件,通讯设备,XLK,71.13,Wait,,85.9513,86.902,74.1479,0.0446,-2.3118,0.0874,0.0677,0.0322,12.7541,3.5,0.2244
2026-09-01,DGX,Quest Diagnostics Incorporated,医疗健康,诊断检测,XLV,236.22,Wait,,247.3622,248.9268,229.3545,0.0221,-0.5255,0.0271,0.055,0.2555,19.5723,3,0.4529
2026-09-01,DHR,Danaher Corporation,医疗健康,生命科学工具,XLV,206.93,Wait,,220.9193,222.8094,196.799,0.0304,-0.0886,0.0423,0.1663,0.1463,26.0104,3.5,0.3284
2026-09-01,DHT,"DHT Holdings, Inc.",航运,海运,SEA,19.69,Wait,,20.1869,20.4014,17.4878,0.0363,0.9931,0.0159,0.1377,0.1325,2.9136,3.5,0.2754
2026-09-01,DINO,HF Sinclair Corporation,油气,炼油,XLE,103.97,Too High,,102.6497,103.8017,88.1696,0.0369,3.2818,0.215,0.2417,0.3422,15.6321,3.5,0.2707
2026-09-01,DIOD,Diodes Incorporated,半导体,半导体,SOXX,87.13,Bad Market,,108.7261,110.4752,99.4384,0.0669,-1.4555,-0.0433,0.0548,0.0875,11.0368,4,0.2
2026-09-01,DIS,Walt Disney Company (The),通讯服务,影视娱乐,XLC,106.22,Bad Market,,112.3122,113.0117,104.2545,0.022,0.4248,0.004,0.3109,0.0756,8.7572,3,0.4555
2026-09-01,DK,"Delek US Holdings, Inc.",油气,炼油,XLE,73.34,Wait,,75.1865,76.4562,57.41,0.0577,1.696,0.3343,0.1131,0.2604,19.0463,4,0.2
2026-09-01,DLR,"Digital Realty Trust, Inc.",金融地产,房地产,XLRE,183.27,Bad Market,,201.9827,203.6405,180.8087,0.0302,-1.8125,0.0791,0.1723,0.0026,22.8319,3.5,0.3316
2026-09-01,DLTR,"Dollar Tree, Inc.",消费,消费必需品,XLP,131.71,Wait,,138.0671,139.5187,119.8148,0.0367,0.3209,0.0847,0.0733,0.1401,19.7039,3.5,0.2722
2026-09-01,DOC,"Healthpeak Properties, Inc.",金融地产,医疗地产,XLRE,20.82,Bad Market,,22.2682,22.3969,21.5325,0.0206,-0.713,-0.0653,0.2366,0.0221,0.8644,3,0.4851
2026-09-01,DOW,Dow Inc.,基础材料,化工,XLB,30.46,Wait,,33.2046,33.5145,30.2344,0.0339,-0.3136,-0.1587,0.0306,0.0993,3.2801,3.5,0.2949
2026-09-01,DSX,Diana Shipping inc.,航运,海运,SEA,2.75,Wait,,2.7775,2.8078,2.396,0.0368,1.7746,-0.02,0.4369,0.1475,0.4119,3.5,0.2719
2026-09-01,DTM,"DT Midstream, Inc.",油气,油气中游,AMLP,129.99,Wait,,139.2999,140.4426,137.4083,0.0293,-0.6868,0.0924,0.1792,0.1109,3.0343,3.5,0.3413
2026-09-01,DUK,Duke Energy Corporation (Holdin,公用电力,电力,XLU,120.39,Bad Market,,127.2798,127.8857,124.461,0.0168,-1.2138,-0.068,0.2658,0.0589,3.4247,3,0.5
2026-09-01,DVN,Devon Energy Corporation,油气,油气勘探开发,XLE,49.05,Wait,,49.7905,50.1824,44.7283,0.0266,2.2489,-0.0613,0.2684,0.109,5.454,3.5,0.3755
2026-09-01,ECO,Okeanis Eco Tankers Corp.,航运,海运,SEA,67.96,Enter,0.7332,67.4196,68.1566,58.1417,0.0361,2.0489,0.07,0.2415,0.2351,10.0149,3.5,0.2766
2026-09-01,EFXT,Enerflex Ltd,油气,油气设备服务,XLE,20.36,Wait,,22.6836,22.9536,22.6699,0.0442,-0.6572,-0.0326,0.1585,0.131,0.2837,3.5,0.2262
2026-09-01,EGO,Eldorado Gold Corporation,矿业,金,GDX,42.86,Wait,,48.5734,49.2235,39.4723,0.0506,1.0123,0.1329,0.2944,0.2033,9.7512,4,0.2
2026-09-01,EIX,Edison International,公用电力,电力,XLU,58.8,Bad Market,,79.5024,80.661,64.9321,0.0657,-3.0442,0.5889,0.3685,0.1684,15.7289,4,0.2
2026-09-01,EL,"Estee Lauder Companies, Inc. (T",消费,消费必需品,XLP,100.0,Wait,,107.21,108.2695,93.8494,0.0353,2.0419,0.0525,0.3322,0.1337,14.4201,3.5,0.2832
2026-09-01,ELAN,Elanco Animal Health Incorporat,医疗健康,动物制药,XLV,23.91,Wait,,26.6991,26.9715,23.2814,0.038,-0.0694,-0.0675,0.1972,0.0057,3.6901,3.5,0.2633
2026-09-01,EMN,Eastman Chemical Company,基础材料,化工,XLB,70.14,Wait,,75.8614,76.4086,68.8958,0.026,-1.7785,-0.1181,0.0033,0.0617,7.5128,3.5,0.3845
2026-09-01,EMR,Emerson Electric Company,工业,工业机械,XLI,147.63,Bad Market,,165.8563,167.1032,149.8324,0.0282,-2.6872,-0.0168,0.0178,0.0425,17.2708,3.5,0.3552
2026-09-01,ENB,Enbridge Inc,油气,油气中游,AMLP,50.72,Wait,,55.9044,56.1891,54.0135,0.0187,-0.4743,-0.0037,0.4202,0.1968,2.1756,3,0.5
2026-09-01,ENPH,"Enphase Energy, Inc.",公用电力,太阳能,TAN,35.54,Bad Market,,42.7325,43.3813,46.2798,0.0608,-1.7861,-0.273,0.067,0.2444,-2.8985,4,0.2
2026-09-01,ENS,EnerSys,工业,锂电池,XLI,181.09,Bad Market,,205.2109,207.6759,205.0611,0.0454,-1.314,-0.0379,0.0469,0.1623,2.6148,3.5,0.2204
2026-09-01,ENTG,"Entegris, Inc.",半导体,半导体材料,SOXX,129.51,Bad Market,,165.5287,168.1067,149.6265,0.0664,-2.0191,-0.0664,0.1033,0.0413,18.4802,4,0.2
2026-09-01,EOG,"EOG Resources, Inc.",油气,油气勘探开发,XLE,148.35,Wait,,154.5335,155.6255,142.1299,0.0245,1.0843,-0.0283,0.0509,0.0963,13.4956,3,0.4076
2026-09-01,EPD,Enterprise Products Partners L.,油气,油气中游,AMLP,39.28,Wait,,39.4492,39.6348,37.2846,0.0157,1.6129,-0.0711,0.1758,0.1062,2.3502,3,0.5
2026-09-01,EQIX,"Equinix, Inc.",数据中心,数据中心,DTCR,1027.59,Bad Market,,1112.3759,1122.1688,1001.6897,0.0318,-1.1379,0.153,0.0677,0.0193,120.4791,3.5,0.3148
2026-09-01,EQNR,Equinor ASA,油气,综合油气,XLE,44.23,Too High,,43.3023,43.6408,38.9109,0.0255,2.8423,-0.0363,0.2358,0.19,4.7299,3.5,0.392
2026-09-01,EQT,EQT Corporation,油气,油气勘探开发,XLE,55.59,Enter,0.5547,55.3459,55.7859,49.6564,0.0264,1.398,-0.0167,0.2297,0.123,6.1295,3.5,0.379
2026-09-01,EQX,Equinox Gold Corp.,矿业,金,GDX,12.18,Wait,,14.1031,14.2877,11.5181,0.0505,0.3745,-0.0424,0.313,0.1092,2.7696,4,0.2
2026-09-01,ERAS,"Erasca, Inc.",医疗健康,生物技术,XBI,16.76,Wait,,19.7428,20.1219,16.2047,0.0754,-1.1319,0.0624,0.1811,0.0877,3.9173,4,0.2
2026-09-01,ERIC,Ericsson,科技硬件,通讯设备,XLK,10.06,Wait,,10.4806,10.543,11.6559,0.0207,-0.4326,-0.2696,0.1245,0.2118,-1.1129,3,0.4836
2026-09-01,ERO,Ero Copper Corp.,矿业,铜,COPX,34.82,Wait,,40.7829,41.3571,32.7429,0.055,-0.1418,0.1263,0.2469,0.1199,8.6143,4,0.2
2026-09-01,EROC,"ERock, Inc.",公用电力,电气设备,GRID,11.41,Bad Market,,17.6618,18.0544,12.1648,0.1147,-1.2802,-0.0734,0.0629,0.129,5.8896,4,0.2
2026-09-01,ES,Eversource Energy (D/B/A),公用电力,电力,XLU,70.5,Bad Market,,74.4873,74.8757,71.506,0.0184,-0.9049,-0.097,0.2459,0.0551,3.3697,3,0.5
2026-09-01,ESE,ESCO Technologies Inc.,航空国防,航空航天国防,ITA,267.63,Bad Market,,330.7063,333.8911,317.7436,0.0397,-2.9379,-0.0526,0.3577,0.1401,16.1476,3.5,0.2521
2026-09-01,ESI,Element Solutions Inc.,基础材料,化工,XLB,34.36,Wait,,39.5636,39.9784,44.2502,0.0402,-2.073,-0.1398,0.082,0.152,-4.2718,3.5,0.2485
2026-09-01,ESTC,Elastic N.V.,软件,软件,IGV,92.39,Wait,,98.5084,99.9459,78.3827,0.0519,2.4925,0.3062,0.4405,0.3094,21.5632,4,0.2
2026-09-01,ETN,"Eaton Corporation, PLC",工业,工业机械,XLI,390.71,Bad Market,,463.8671,468.3956,407.1277,0.0386,-2.9252,-0.0283,0.0204,0.0056,61.2678,3.5,0.2588
2026-09-01,ETR,Entergy Corporation,公用电力,电力,XLU,107.02,Bad Market,,109.8983,110.5212,110.1003,0.0194,-0.0108,-0.0624,0.0528,0.05,0.4209,3,0.5
2026-09-01,ETSY,"Etsy, Inc.",消费,互联网零售,XLY,81.75,Bad Market,,87.8475,88.8244,75.6323,0.0398,-0.1058,0.0577,0.0344,0.1267,13.1921,3.5,0.251
2026-09-01,EVRG,"Evergy, Inc.",公用电力,电力,XLU,81.52,Bad Market,,84.7072,85.1135,84.0669,0.0166,-0.8701,-0.0538,0.1436,0.0332,1.0466,3,0.5
2026-09-01,EW,Edwards Lifesciences Corporatio,医疗健康,医疗器械,IHI,90.74,Wait,,94.5674,95.1925,88.929,0.023,-0.0257,-0.077,0.1977,0.0859,6.2635,3,0.4355
2026-09-01,EXC,Exelon Corporation,公用电力,电力,XLU,43.83,Bad Market,,46.2918,46.5509,45.289,0.0197,-1.3547,-0.0587,0.2318,0.067,1.2619,3,0.5
2026-09-01,EXE,Expand Energy Corporation,油气,油气勘探开发,XLE,99.98,Too High,,99.2398,99.9701,90.9369,0.0243,1.9137,-0.0527,0.2809,0.2006,9.0332,3,0.4107
2026-09-01,EXK,Endeavour Silver Corporation,矿业,银,SIL,10.24,Wait,,11.4271,11.6178,8.7577,0.0621,0.1471,0.0209,0.2717,0.1205,2.8601,4,0.2
2026-09-01,EXPE,"Expedia Group, Inc.",消费,在线旅游,XLY,304.23,Bad Market,,342.1723,345.8618,296.0858,0.0404,-1.393,0.0772,0.078,0.2266,49.776,3.5,0.2474
2026-09-01,EXTR,"Extreme Networks, Inc.",科技硬件,网络,XLK,21.78,Wait,,32.564,32.9001,29.229,0.0514,-2.2875,-0.0731,0.4251,0.2266,3.6711,4,0.2
2026-09-01,F,Ford Motor Company,消费,可选消费,XLY,13.84,Bad Market,,14.8184,14.9394,13.8678,0.0292,-0.4759,-0.122,0.1834,0.0874,1.0716,3.5,0.343
2026-09-01,FANG,"Diamondback Energy, Inc.",油气,油气勘探开发,XLE,203.16,Wait,,213.0516,214.822,190.3655,0.029,0.4432,-0.0227,0.0485,0.0672,24.4564,3.5,0.3443
2026-09-01,FAST,Fastenal Company,工业,工业分销,XLI,48.75,Bad Market,,52.8675,53.2014,49.0407,0.0228,-1.959,-0.0262,0.1594,0.0716,4.1607,3,0.438
2026-09-01,FCX,"Freeport-McMoRan, Inc.",矿业,铜,COPX,72.47,Wait,,80.6347,81.51,69.6977,0.0403,0.4594,0.0303,0.2213,0.068,11.8123,3.5,0.2484
2026-09-01,FE,FirstEnergy Corp.,公用电力,电力,XLU,46.16,Bad Market,,49.1167,49.3608,47.4796,0.0176,-1.1125,-0.0604,0.3756,0.0216,1.8812,3,0.5
2026-09-01,FERG,Ferguson Enterprises Inc.,工业,工业分销,XLI,218.91,Bad Market,,265.9691,268.0735,239.2289,0.032,-3.7292,0.0186,0.0715,0.0445,28.8446,3.5,0.3121
2026-09-01,FIVE,"Five Below, Inc.",消费,折扣零售,XLY,245.08,Bad Market,,265.1708,267.8021,232.0216,0.0358,0.5128,0.0548,0.2356,0.2033,35.7805,3.5,0.2794
2026-09-01,FIVN,"Five9, Inc.",软件,软件,IGV,34.03,Wait,,34.926,35.46,27.4503,0.0523,1.0257,0.1136,0.2714,0.2829,8.0097,4,0.2
2026-09-01,FLEX,Flex Ltd.,科技硬件,电子元件,XLK,106.86,Wait,,131.2984,133.2459,136.1024,0.0608,-1.7426,-0.1065,0.0675,0.1777,-2.8565,4,0.2
2026-09-01,FLNC,"Fluence Energy, Inc.",公用电力,电力,GRID,10.42,Bad Market,,15.8531,16.1278,21.5276,0.0879,-2.1136,-0.4252,0.3431,0.3504,-5.3998,4,0.2
2026-09-01,FLNG,FLEX LNG Ltd.,航运,海运,SEA,31.47,Wait,,32.7947,33.0595,29.3907,0.028,0.5772,0.0486,0.0343,0.0351,3.6688,3.5,0.3565
2026-09-01,FLOC,Flowco Holdings Inc.,油气,油气设备服务,XLE,21.7,Wait,,23.947,24.2429,20.2776,0.0455,-0.3082,-0.0017,0.1751,0.0796,3.9653,3.5,0.22
2026-09-01,FLR,Fluor Corporation,工业,建筑,XLI,56.25,Bad Market,,57.5625,58.2438,49.0519,0.0404,1.656,0.0291,0.194,0.0893,9.1919,3.5,0.2477
2026-09-01,FLS,Flowserve Corporation,工业,工业机械,XLI,76.64,Bad Market,,83.5664,84.3311,73.8784,0.0333,-1.2538,-0.0871,0.0571,0.0186,10.4528,3.5,0.3007
2026-09-01,FN,Fabrinet,科技硬件,光通信,XLK,402.07,Wait,,605.4187,615.6767,498.8067,0.085,-2.7623,-0.128,0.0748,0.1549,116.87,4,0.2
2026-09-01,FORM,"FormFactor, Inc.",半导体,半导体材料,SOXX,95.41,Bad Market,,139.9429,142.6172,124.2728,0.0934,-2.4421,-0.0656,0.0961,0.0918,18.3444,4,0.2
2026-09-01,FOXA,Fox Corporation,通讯服务,影视娱乐,XLC,65.93,Bad Market,,70.9893,71.5366,63.9452,0.0277,0.1872,-0.0529,0.2915,0.0332,7.5914,3.5,0.3614
2026-09-01,FPS,"Forgent Power Solutions, Inc.",工业,电气设备,XLI,29.27,Bad Market,,40.1082,40.7804,54.4466,0.0766,-2.7867,-0.2521,0.166,0.3529,-13.6662,4,0.2
2026-09-01,FRO,Frontline Plc,航运,海运,SEA,44.32,Wait,,44.8932,45.3638,38.9597,0.0354,1.8729,0.0281,0.2639,0.139,6.4041,3.5,0.2825
2026-09-01,FROG,JFrog Ltd.,软件,软件,IGV,91.78,Wait,,105.2689,107.1274,79.2511,0.0675,0.1814,0.2169,0.1926,0.0838,27.8763,4,0.2
2026-09-01,FRSH,Freshworks Inc.,软件,软件,IGV,13.46,Wait,,14.0546,14.2129,12.0734,0.0392,1.7831,0.0447,0.3454,0.2759,2.1395,3.5,0.2551
2026-09-01,FSLR,"First Solar, Inc.",公用电力,太阳能,TAN,199.65,Bad Market,,252.0641,255.0852,233.2283,0.0504,-2.4441,-0.1436,0.0479,0.2444,21.857,4,0.2
2026-09-01,FSLY,"Fastly, Inc.",软件,软件,IGV,20.77,Wait,,30.4037,30.9793,22.3453,0.0924,-2.4204,0.0405,0.0596,0.045,8.634,4,0.2
2026-09-01,FTI,TechnipFMC plc,油气,油气设备服务,XLE,78.31,Wait,,80.5931,81.3063,71.4894,0.0304,1.4106,0.0291,0.3564,0.1093,9.8169,3.5,0.3294
2026-09-01,FTNT,"Fortinet, Inc.",软件,网络安全,IGV,161.85,Wait,,174.3985,176.5076,148.1741,0.0434,0.2228,0.1862,0.0843,0.0906,28.3335,3.5,0.2302
2026-09-01,FUL,H. B. Fuller Company,基础材料,材料,XLB,53.82,Wait,,64.1182,64.6893,58.1973,0.0354,-2.9638,-0.0531,0.0585,0.1661,6.4919,3.5,0.2827
2026-09-01,GD,General Dynamics Corporation,航空国防,航空航天国防,ITA,369.41,Bad Market,,399.6254,401.8186,374.0378,0.0198,-2.4276,-0.0357,0.1789,0.0516,27.7808,3,0.5
2026-09-01,GE,GE Aerospace,航空国防,航空航天国防,ITA,331.09,Bad Market,,384.5309,387.409,347.6417,0.029,-3.1132,-0.0295,0.1705,0.0055,39.7674,3.5,0.3451
2026-09-01,GEHC,GE HealthCare Technologies Inc.,医疗健康,医疗器械,IHI,70.42,Wait,,75.5242,76.051,69.5521,0.0249,-1.2238,-0.1104,0.026,0.0956,6.4989,3,0.401
2026-09-01,GEL,"Genesis Energy, L.P.",油气,油气中游,AMLP,16.57,Wait,,16.6057,16.7275,15.2219,0.0245,1.9173,-0.1205,0.3534,0.0876,1.5057,3,0.4081
2026-09-01,GEN,Gen Digital Inc.,软件,网络安全,IGV,30.02,Wait,,31.3002,31.5891,27.6292,0.0321,1.2714,0.0659,0.2448,0.2342,3.9599,3.5,0.3117
2026-09-01,GENB,"Generate Biomedicines, Inc.",医疗健康,生物制药,XBI,15.79,Wait,,20.6803,21.1306,14.3748,0.0951,0.1189,0.2345,0.1077,0.0906,6.7558,4,0.2
2026-09-01,GEV,GE Vernova Inc.,公用电力,电气设备,GRID,898.53,Bad Market,,1088.4414,1102.6035,986.0316,0.0525,-1.9983,-0.0411,0.215,0.0051,116.5719,4,0.2
2026-09-01,GFI,Gold Fields Limited,矿业,金,GDX,44.66,Wait,,49.3166,49.8678,42.4394,0.0411,1.3577,-0.0279,0.3931,0.1543,7.4284,3.5,0.2431
2026-09-01,GFS,GlobalFoundries Inc.,半导体,半导体,SOXX,43.93,Bad Market,,55.1054,55.8935,79.1616,0.0598,-2.1767,-0.247,0.1864,0.3118,-23.2681,4,0.2
2026-09-01,GH,"Guardant Health, Inc.",医疗健康,诊断检测,XLV,164.41,Wait,,172.5641,174.9735,142.8105,0.0488,0.0991,0.1107,0.1282,0.1466,32.1629,3.5,0.2047
2026-09-01,GILD,"Gilead Sciences, Inc.",医疗健康,制药,XLV,149.92,Wait,,150.3592,151.519,135.3295,0.0258,2.5434,0.0409,0.4181,0.225,16.1895,3.5,0.3878
2026-09-01,GLNG,Golar LNG Limited,油气,油气中游,AMLP,52.33,Wait,,53.0133,53.4206,47.7383,0.0259,0.7874,-0.0314,0.4393,0.0646,5.6822,3.5,0.3855
2026-09-01,GLW,Corning Incorporated,科技硬件,电子元件,XLK,145.56,Wait,,175.1628,178.0921,216.6333,0.0671,-1.1147,-0.1788,0.0861,0.0672,-38.5412,4,0.2
2026-09-01,GM,General Motors Company,消费,汽车,XLY,85.63,Bad Market,,90.2063,90.8338,84.0248,0.0244,-0.5507,-0.1007,0.126,0.0731,6.809,3,0.4094
2026-09-01,GMAB,Genmab A/S,医疗健康,生物制药,XBI,33.29,Wait,,34.6929,34.9551,31.3005,0.0263,1.4975,0.0517,0.4097,0.3375,3.6546,3.5,0.3808
2026-09-01,GNK,Genco Shipping & Trading Limite,航运,海运,SEA,26.03,Wait,,27.5803,27.8657,23.9902,0.0365,0.0935,0.1032,0.0058,0.0955,3.8755,3.5,0.2736
2026-09-01,GOOGL,Alphabet Inc.,通讯服务,互联网媒体,XLC,335.02,Bad Market,,381.0002,383.5156,348.3036,0.025,-1.6153,-0.142,0.2023,0.0735,35.2121,3.5,0.3996
2026-09-01,GPN,Global Payments Inc.,金融地产,支付,XLF,90.06,Wait,,95.7306,96.564,85.1068,0.0308,-0.1091,-0.0381,0.1027,0.2635,11.4572,3.5,0.3242
2026-09-01,GRDN,"Guardian Pharmacy Services, Inc",医疗健康,药房,XLV,38.87,Wait,,44.2187,44.7253,37.9196,0.0434,-0.0207,-0.0152,0.1227,0.0923,6.8057,3.5,0.2302
2026-09-01,GRMN,Garmin Ltd.,消费,可选消费,XLY,275.17,Bad Market,,315.9117,318.2276,286.1417,0.0281,-3.3046,0.0367,0.2695,0.1673,32.0859,3.5,0.3565
2026-09-01,GS,"Goldman Sachs Group, Inc. (The)",金融地产,投行,XLF,1002.56,Wait,,1070.4056,1078.6526,1055.8555,0.0274,-1.2853,-0.0775,0.0793,0.0342,22.7971,3.5,0.3647
2026-09-01,GSAT,"Globalstar, Inc.",航空国防,卫星通信,ITA,81.37,Bad Market,,84.5965,84.8463,81.6812,0.0102,-1.7085,-0.427,0.1217,0.0108,3.1651,3,0.5
2026-09-01,GSK,GSK plc,医疗健康,制药,XLV,50.66,Wait,,53.4666,53.7912,50.4644,0.0214,-0.6581,-0.0367,0.1024,0.0588,3.3268,3,0.4683
2026-09-01,GTLB,GitLab Inc.,软件,软件,IGV,45.09,Wait,,46.9909,47.6017,39.4135,0.0452,2.0771,0.0838,0.4145,0.2902,8.1883,3.5,0.2214
2026-09-01,HAE,Haemonetics Corporation,医疗健康,医疗器械,IHI,101.95,Wait,,109.8195,110.7907,97.4692,0.0318,1.7341,0.1012,0.3981,0.2679,13.3216,3.5,0.3149
2026-09-01,HAFN,Hafnia Limited,航运,海运,SEA,8.59,Enter,0.8328,8.5259,8.6029,7.5421,0.0299,3.1845,0.0423,0.2727,0.1627,1.0608,3.5,0.3348
2026-09-01,HAL,Halliburton Company,油气,油气设备服务,XLE,36.8,Wait,,37.218,37.5369,35.8796,0.0289,2.4742,-0.0365,0.3363,0.0841,1.6573,3.5,0.3462
2026-09-01,HALO,"Halozyme Therapeutics, Inc.",医疗健康,生物制药,XBI,107.72,Wait,,110.3972,111.2663,99.181,0.0269,2.4482,0.0939,0.5542,0.4385,12.0852,3.5,0.3719
2026-09-01,HBM,Hudbay Minerals Inc.,矿业,铜,COPX,27.02,Wait,,31.0673,31.4833,25.2432,0.0513,-0.4734,0.0028,0.227,0.0084,6.2401,4,0.2
2026-09-01,HCC,"Warrior Met Coal, Inc.",矿业,焦煤,XME,106.23,Wait,,109.3223,110.6435,92.8458,0.0415,1.9202,0.0521,0.5511,0.118,17.7977,3.5,0.2412
2026-09-01,HD,"Home Depot, Inc. (The)",消费,家居零售,XLY,319.77,Bad Market,,358.8177,361.2305,329.7503,0.0252,-2.7152,-0.052,0.1415,0.0231,31.4802,3.5,0.3976
2026-09-01,HEI,Heico Corporation,航空国防,航空航天国防,ITA,325.15,Bad Market,,377.9215,381.0579,338.0794,0.0322,-3.3446,0.0452,0.296,0.0576,42.9785,3.5,0.311
2026-09-01,HESM,Hess Midstream LP,油气,油气中游,AMLP,40.23,Wait,,41.2323,41.4744,38.4088,0.0201,0.3841,-0.0179,0.0049,0.0741,3.0656,3,0.4985
2026-09-01,HHH,Howard Hughes Holdings Inc.,金融地产,房地产,XLRE,63.11,Bad Market,,68.8311,69.313,69.1379,0.0255,-2.084,-0.057,0.084,0.0725,0.1751,3.5,0.3929
2026-09-01,HIMX,"Himax Technologies, Inc.",半导体,半导体,SOXX,13.41,Bad Market,,15.5615,15.7888,15.5096,0.0565,-0.9933,-0.2526,0.0979,0.1451,0.2792,4,0.2
2026-09-01,HLN,Haleon plc,消费,消费必需品,XLP,10.07,Wait,,10.2676,10.3201,9.7545,0.0174,0.8648,-0.0446,0.022,0.1787,0.5657,3,0.5
2026-09-01,HNGE,"Hinge Health, Inc.",医疗健康,医疗科技,XLV,90.02,Wait,,93.7702,95.1504,74.4467,0.0511,0.608,0.2082,0.3688,0.2576,20.7037,4,0.2
2026-09-01,HP,"Helmerich & Payne, Inc.",油气,油气设备服务,XLE,46.21,Too High,,45.1821,45.6811,38.8982,0.036,3.0402,0.0941,0.5409,0.1497,6.7829,3.5,0.2778
2026-09-01,HPE,Hewlett Packard Enterprise Comp,科技硬件,IT,XLK,50.87,Wait,,60.3539,61.1548,49.1418,0.0525,-1.3686,0.0767,0.0998,0.0362,12.0129,4,0.2
2026-09-01,HPQ,HP Inc.,科技硬件,硬件,XLK,31.32,Wait,,31.6132,32.0468,26.2418,0.0461,1.2939,0.216,0.2652,0.1935,5.805,3.5,0.2167
2026-09-01,HRB,"H&R Block, Inc.",消费,消费服务,XLY,50.92,Bad Market,,54.6892,55.2793,47.2953,0.0386,0.2882,0.138,0.2904,0.2866,7.984,3.5,0.2589
2026-09-01,HTFL,"Heartflow, Inc.",医疗健康,医疗科技,XLV,50.43,Wait,,50.8943,51.6438,41.6461,0.0495,4.6589,0.1465,0.8066,0.3065,9.9977,3.5,0.2019
2026-09-01,HUN,Huntsman Corporation,基础材料,化工,XLB,9.39,Wait,,12.1639,12.2884,14.4371,0.0442,-1.5995,-0.285,0.4855,0.3038,-2.1487,3.5,0.2262
2026-09-01,HUT,Hut 8 Corp.,数据中心,数据中心,DTCR,77.57,Bad Market,,113.8106,116.4066,89.8272,0.1116,-1.177,-0.0358,0.3342,0.1438,26.5795,4,0.2
2026-09-01,HWKN,"Hawkins, Inc.",基础材料,化工,XLB,124.58,Wait,,136.5358,137.9268,149.2811,0.0372,-0.3195,-0.1708,0.1075,0.2481,-11.3542,3.5,0.2687
2026-09-01,HWM,Howmet Aerospace Inc.,航空国防,航空航天国防,ITA,254.89,Bad Market,,295.1989,298.1483,258.2404,0.0386,-2.4324,0.1034,0.2053,0.0423,39.9079,3.5,0.2593
2026-09-01,IAG,Iamgold Corporation,矿业,金,GDX,19.29,Wait,,22.3629,22.6503,18.8165,0.0497,0.4801,0.037,0.3305,0.1133,3.8338,3.5,0.2013
2026-09-01,IBKR,"Interactive Brokers Group, Inc.",金融地产,券商,XLF,90.39,Wait,,99.0939,100.148,85.8926,0.0389,-0.3985,0.0568,0.0022,0.0148,14.2553,3.5,0.2573
2026-09-01,IBM,International Business Machines,科技硬件,IT,XLK,231.4,Wait,,241.104,243.3256,280.2112,0.032,-0.3921,-0.2256,0.1244,0.1326,-36.8856,3.5,0.3125
2026-09-01,IMNM,"Immunome, Inc.",医疗健康,生物制药,XBI,27.065,Wait,,30.0971,30.5054,24.3821,0.0503,-0.0184,0.0781,0.2127,0.2654,6.1233,4,0.2
2026-09-01,IMOS,ChipMOS TECHNOLOGIES INC.,半导体,半导体,SOXX,57.27,Bad Market,,59.8862,60.7955,63.6657,0.0529,0.8695,-0.127,0.28,0.0427,-2.8701,4,0.2
2026-09-01,INCY,Incyte Corporation,医疗健康,生物制药,XBI,125.01,Wait,,130.9701,132.0292,117.5734,0.0282,0.4406,0.003,0.0596,0.1604,14.4558,3.5,0.3541
2026-09-01,INFQ,"Infleqtion, Inc.",科技硬件,量子计算,QTUM,12.69,Bad Market,,14.5185,14.8163,11.9899,0.0782,0.0741,-0.1665,0.216,0.0212,2.8263,4,0.2
2026-09-01,INGM,Ingram Micro Holding Corporatio,科技硬件,IT,XLK,27.61,Wait,,30.6761,30.9618,27.0671,0.0345,-0.628,-0.053,0.2374,0.0601,3.8947,3.5,0.2899
2026-09-01,INSW,"International Seaways, Inc.",航运,海运,SEA,99.76,Wait,,100.9476,102.0348,87.266,0.0363,1.114,0.0511,0.1188,0.1619,14.7688,3.5,0.2753
2026-09-01,INTC,Intel Corporation,半导体,半导体,SOXX,88.97,Bad Market,,105.6396,107.2589,119.3487,0.0607,-1.2639,-0.1865,0.0235,0.1596,-12.0898,4,0.2
2026-09-01,IONQ,"IonQ, Inc.",科技硬件,量子计算,QTUM,37.78,Bad Market,,47.4141,48.2752,49.6987,0.076,-1.6972,-0.1867,0.0324,0.1924,-1.4235,4,0.2
2026-09-01,IPGP,IPG Photonics Corporation,科技硬件,光电,XLK,75.2,Wait,,95.0185,96.4412,101.0406,0.0631,-1.4482,-0.2259,0.1583,0.1897,-4.5994,4,0.2
2026-09-01,IRDM,Iridium Communications Inc,航空国防,卫星通信,ITA,46.72,Bad Market,,50.6672,51.0829,50.8701,0.0297,-1.4401,-0.3039,0.073,0.0544,0.2128,3.5,0.3372
2026-09-01,IREN,IREN LIMITED,数据中心,数据中心,DTCR,36.82,Bad Market,,45.5923,46.6308,47.0032,0.094,-1.1901,-0.159,0.0005,0.1933,-0.3724,4,0.2
2026-09-01,JBL,Jabil Inc.,科技硬件,电子元件,XLK,299.14,Wait,,373.3514,377.581,336.2844,0.0471,-2.4685,-0.0647,0.0521,0.1709,41.2966,3.5,0.2122
2026-09-01,JEF,Jefferies Financial Group Inc.,金融地产,投行,XLF,51.98,Wait,,57.1398,57.6432,56.9372,0.0323,-1.3734,-0.1275,0.2435,0.1374,0.706,3.5,0.3098
2026-09-01,JNJ,Johnson & Johnson,医疗健康,制药,XLV,271.19,Wait,,276.1141,277.7366,257.1854,0.0199,1.3262,0.0241,0.2806,0.1767,20.5512,3,0.5
2026-09-01,JPM,JP Morgan Chase & Co.,金融地产,银行,XLF,354.95,Wait,,368.0527,369.7763,347.944,0.0162,-0.5361,-0.1184,0.0838,0.2236,21.8323,3,0.5
2026-09-01,KALU,Kaiser Aluminum Corporation,基础材料,铝加工,XLB,163.31,Wait,,195.1363,197.7557,160.7046,0.0535,-0.7265,0.0575,0.0317,0.0882,37.051,4,0.2
2026-09-01,KEYS,Keysight Technologies Inc.,科技硬件,科技仪器,XLK,319.27,Wait,,364.3427,368.0039,330.6258,0.0382,-1.1978,-0.0362,0.0458,0.0489,37.3781,3.5,0.2616
2026-09-01,KGS,"Kodiak Gas Services, Inc.",油气,油气中游,AMLP,59.55,Wait,,66.7155,67.6037,65.9071,0.0497,-0.3751,0.0798,0.0439,0.0835,1.6966,3.5,0.2011
2026-09-01,KKR,KKR & Co. Inc.,金融地产,私募股权,XLF,106.41,Wait,,116.3641,117.4514,102.6151,0.0341,-0.5216,-0.0332,0.1122,0.1075,14.8362,3.5,0.2936
2026-09-01,KLAC,KLA Corporation,半导体,半导体,SOXX,170.89,Bad Market,,211.2576,214.089,263.9581,0.0552,-2.2118,-0.1782,0.1328,0.1775,-49.8692,4,0.2
2026-09-01,KLIC,"Kulicke and Soffa Industries, I",半导体,半导体,SOXX,78.04,Bad Market,,102.8594,104.4936,112.0216,0.0698,-2.1592,-0.1079,0.1798,0.1636,-7.528,4,0.2
2026-09-01,KMI,"Kinder Morgan, Inc.",油气,油气中游,AMLP,32.1,Wait,,33.191,33.4365,30.3253,0.0255,0.5412,0.105,0.0461,0.0371,3.1112,3.5,0.3922
2026-09-01,KMX,CarMax Inc,消费,汽车零售,XLY,61.0,Bad Market,,64.83,65.4051,57.5102,0.0314,0.59,-0.0649,0.1063,0.1578,7.8949,3.5,0.3182
2026-09-01,KNOP,KNOT Offshore Partners LP,航运,海运,SEA,10.97,Enter,0.6227,10.9097,11.0065,9.8803,0.0294,1.1123,-0.0129,0.2521,0.0496,1.1262,3.5,0.3399
2026-09-01,KNSA,Kiniksa Pharmaceuticals Interna,医疗健康,制药,XLV,79.28,Wait,,81.5928,82.4003,71.4994,0.034,0.4612,0.0292,0.0392,0.3024,10.9009,3.5,0.2945
2026-09-01,KNTK,Kinetik Holdings Inc.,油气,油气中游,AMLP,55.03,Wait,,55.6503,56.1168,49.6576,0.0283,1.6637,0.0165,0.3193,0.1908,6.4592,3.5,0.3539
2026-09-01,KO,Coca-Cola Company (The),消费,消费必需品,XLP,88.0,Wait,,92.7609,93.2234,87.3647,0.0175,-0.2766,-0.0053,0.0351,0.1127,5.8587,3,0.5
2026-09-01,KOD,Kodiak Sciences Inc,医疗健康,生物技术,XBI,37.06,Wait,,45.9238,46.7095,34.9237,0.0707,-1.4986,-0.0559,0.2061,0.0474,11.7858,4,0.2
2026-09-01,LAES,SEALSQ Corp,半导体,半导体,SOXX,2.39,Bad Market,,3.0403,3.0858,2.7636,0.0634,-1.3984,-0.3027,0.0154,0.1446,0.3222,4,0.2
2026-09-01,LBRT,Liberty Energy Inc.,油气,油气设备服务,XLE,20.1,Wait,,22.4624,22.7961,24.4215,0.0553,-0.0049,-0.1421,0.1781,0.2061,-1.6255,4,0.2
2026-09-01,LFST,"LifeStance Health Group, Inc.",医疗健康,医疗服务,XLV,12.6,Wait,,12.956,13.0976,11.1775,0.0375,1.5832,0.1607,0.324,0.3032,1.9201,3.5,0.2669
2026-09-01,LHX,"L3Harris Technologies, Inc.",航空国防,航空航天国防,ITA,263.56,Bad Market,,294.4556,296.5534,288.6959,0.0265,-2.0695,-0.1163,0.1065,0.1982,7.8575,3.5,0.3769
2026-09-01,LIN,Linde plc,基础材料,化工气体,XLB,486.76,Wait,,513.1224,515.8118,519.7459,0.0184,0.1678,-0.0921,0.2038,0.1025,-3.9341,3,0.5
2026-09-01,LITE,Lumentum Holdings Inc.,科技硬件,光通信,XLK,868.95,Wait,,983.9487,1006.5218,667.9261,0.0866,-0.0794,0.0173,0.1698,0.0087,338.5956,4,0.2
2026-09-01,LLY,Eli Lilly and Company,医疗健康,制药,XLV,1160.0,Wait,,1291.94,1303.5733,1144.6172,0.0334,-1.0738,0.0474,0.0105,0.0009,158.9562,3.5,0.2991
2026-09-01,LMT,Lockheed Martin Corporation,航空国防,航空航天国防,ITA,544.5,Bad Market,,614.125,618.4718,557.9673,0.0266,-2.7153,-0.0098,0.1502,0.0084,60.5045,3.5,0.3758
2026-09-01,LNG,"Cheniere Energy, Inc.",油气,油气中游,XLE,294.13,Wait,,294.6313,297.0333,263.6664,0.0272,2.9061,0.0337,0.3607,0.2314,33.3669,3.5,0.3674
2026-09-01,LNT,Alliant Energy Corporation,公用电力,天然气/电力,XLU,67.92,Bad Market,,71.8805,72.2469,74.3668,0.018,-1.2333,-0.0547,0.2598,0.1205,-2.1199,3,0.5
2026-09-01,LOGI,Logitech International S.A. - R,科技硬件,硬件,XLK,98.07,Wait,,109.9307,110.8029,101.4846,0.0296,-1.2231,-0.0859,0.0817,0.1115,9.3183,3.5,0.3373
2026-09-01,LPG,Dorian LPG Ltd.,航运,海运,SEA,50.86,Wait,,51.8286,52.4129,44.5028,0.0383,1.8588,0.0889,0.1802,0.1188,7.9101,3.5,0.2611
2026-09-01,LQDA,Liquidia Corporation,医疗健康,生物制药,XBI,66.91,Wait,,91.9016,93.2091,73.5976,0.0651,-2.5752,0.0546,0.3758,0.036,19.6115,4,0.2
2026-09-01,LRCX,Lam Research Corporation,半导体,半导体设备,SOXX,290.2,Bad Market,,347.4615,352.8938,360.8997,0.0624,-1.4011,-0.0693,0.0404,0.0949,-8.0059,4,0.2
2026-09-01,LSCC,Lattice Semiconductor Corporati,半导体,半导体,SOXX,111.68,Bad Market,,139.311,141.2774,129.0507,0.0587,-1.956,-0.1009,0.1799,0.1311,12.2267,4,0.2
2026-09-01,LUMN,"Lumen Technologies, Inc.",通讯服务,电信,XLC,6.38,Bad Market,,6.7905,6.8964,7.1192,0.0553,0.4196,-0.1931,0.0391,0.2039,-0.2228,4,0.2
2026-09-01,LUNR,"Intuitive Machines, Inc.",航空国防,航空航天国防,ITA,14.72,Bad Market,,20.6363,21.0209,21.4931,0.0871,-1.615,-0.3456,0.1501,0.2912,-0.4722,4,0.2
2026-09-01,LWLG,"Lightwave Logic, Inc.",科技硬件,电光聚合物材料,XLK,5.13,Wait,,8.2224,8.3909,7.8325,0.1095,-3.0834,-0.3375,0.1085,0.2138,0.5584,4,0.2
2026-09-01,LYB,LyondellBasell Industries NV,基础材料,化工,XLB,65.17,Wait,,68.7517,69.4079,60.444,0.0336,0.8174,-0.0812,0.1589,0.0274,8.9639,3.5,0.2979
2026-09-01,MA,Mastercard Incorporated,金融地产,支付,XLF,581.1,Wait,,605.098,608.2408,568.4319,0.018,0.5077,-0.0687,0.0363,0.2827,39.809,3,0.5
2026-09-01,MANE,"Veradermics, Incorporated",医疗健康,生物制药,XBI,97.51,Wait,,115.6629,117.5722,104.2825,0.0653,-1.4812,-0.1108,0.1175,0.0143,13.2897,4,0.2
2026-09-01,MANH,"Manhattan Associates, Inc.",软件,软件,IGV,216.21,Wait,,225.9221,228.3277,195.6947,0.0371,1.6963,0.0428,0.3636,0.3255,32.633,3.5,0.2696
2026-09-01,MARA,"MARA Holdings, Inc.",数据中心,数据中心,DTCR,10.23,Bad Market,,12.0619,12.3498,11.0115,0.0938,-0.2449,-0.0469,0.1025,0.1321,1.3383,4,0.2
2026-09-01,MCD,McDonald's Corporation,消费,餐饮,XLY,261.11,Bad Market,,278.8463,280.3981,272.4121,0.0198,-1.7011,-0.0441,0.1224,0.1375,7.986,3,0.5
2026-09-01,MCHP,Microchip Technology Incorporat,半导体,半导体,SOXX,71.41,Bad Market,,85.4041,86.37,91.4417,0.0451,-1.8492,-0.1714,0.0613,0.1679,-5.0718,3.5,0.2218
2026-09-01,MDA,MDA Space Ltd.,航空国防,航空航天国防,ITA,28.37,Bad Market,,35.9567,36.4468,35.5755,0.0576,-2.6625,-0.1906,0.1039,0.1987,0.8713,4,0.2
2026-09-01,MDB,"MongoDB, Inc.",软件,软件,IGV,434.21,Wait,,476.6887,483.2867,384.3162,0.0507,0.6866,0.069,0.3174,0.1243,98.9705,4,0.2
2026-09-01,MDLN,Medline Inc.,医疗健康,医疗用品,XLV,35.11,Wait,,42.3911,42.8395,37.9587,0.0426,-0.2253,-0.1148,0.1796,0.0381,4.8808,3.5,0.2349
2026-09-01,MEOH,Methanex Corporation,基础材料,甲醇,XLB,60.12,Wait,,60.7012,61.3726,52.2671,0.0372,1.8016,-0.0267,0.1946,0.0166,9.1055,3.5,0.2686
2026-09-01,META,"Meta Platforms, Inc.",通讯服务,互联网媒体,XLC,578.54,Bad Market,,604.9054,610.9015,611.3558,0.0345,0.1834,-0.0397,0.114,0.0163,-0.4543,3.5,0.2895
2026-09-01,MFC,Manulife Financial Corporation,金融地产,保险,XLF,42.14,Wait,,45.1341,45.3526,42.5853,0.0173,-2.1559,-0.0035,0.3881,0.1248,2.7673,3,0.5
2026-09-01,MGA,"Magna International, Inc.",消费,汽车零部件,XLY,63.63,Bad Market,,73.6863,74.3117,65.7538,0.0328,-2.6995,0.0558,0.2087,0.0341,8.5578,3.5,0.3052
2026-09-01,MGY,Magnolia Oil & Gas Corporation,油气,油气勘探开发,XLE,27.67,Wait,,28.4967,28.7454,25.318,0.03,1.7205,-0.0483,0.2357,0.0162,3.4274,3.5,0.3337
2026-09-01,MKSI,MKS Inc.,半导体,半导体设备,SOXX,246.44,Bad Market,,324.2748,329.5471,374.5035,0.0713,-2.6289,-0.0918,0.2429,0.1311,-44.9564,4,0.2
2026-09-01,MLI,"Mueller Industries, Inc.",工业,工业金属,XLI,61.04,Bad Market,,70.0704,70.6865,62.5672,0.0336,-2.3001,0.0399,0.267,0.1128,8.1193,3.5,0.2972
2026-09-01,MMM,3M Company,工业,工业制造,XLI,170.24,Bad Market,,185.4824,186.5822,172.782,0.0215,-2.7512,-0.0739,0.1881,0.1151,13.8002,3,0.4644
2026-09-01,MNR,Mach Natural Resources LP,油气,油气勘探开发,XLE,12.61,Wait,,13.7661,13.8461,12.8403,0.0211,-1.0222,-0.1759,0.3359,0.0744,1.0058,3,0.473
2026-09-01,MNST,Monster Beverage Corporation,消费,消费必需品,XLP,44.99,Wait,,99.0574,101.1686,71.7911,0.1564,-1.6109,0.1652,0.2163,0.1258,29.3775,4,0.2
2026-09-01,MOG.A,Moog Inc.,航空国防,航空航天国防,ITA,365.03,Bad Market,,449.0303,453.8797,388.8032,0.0443,-2.5079,0.0861,0.2523,0.0912,65.0765,3.5,0.2258
2026-09-01,MOS,Mosaic Company (The),基础材料,化肥,MOO,24.78,Enter,0.3858,24.6578,24.9745,20.715,0.0426,1.7012,0.0376,0.179,0.1341,4.2595,3.5,0.2347
2026-09-01,MPC,Marathon Petroleum Corporation,油气,炼油,XLE,383.0,Too High,,377.15,380.4486,334.8366,0.0287,3.6732,0.1401,0.4512,0.3995,45.612,3.5,0.3483
2026-09-01,MPLX,MPLX LP,油气,油气中游,AMLP,59.09,Wait,,61.0052,61.3024,57.5386,0.0168,-0.0697,-0.0506,0.1109,0.0861,3.7638,3,0.5
2026-09-01,MRCY,Mercury Systems Inc,航空国防,航空航天国防,ITA,82.8,Bad Market,,114.48,116.16,103.8102,0.0676,-3.4637,-0.0033,0.1931,0.191,12.3498,4,0.2
2026-09-01,MRNA,"Moderna, Inc.",医疗健康,生物制药,XBI,154.27,Wait,,177.2796,181.6289,116.3886,0.094,3.7915,0.8113,0.4048,0.3115,65.2404,4,0.2
2026-09-01,MRVL,"Marvell Technology, Inc.",半导体,半导体,SOXX,210.39,Bad Market,,254.364,259.395,243.4996,0.0797,-0.8747,-0.0119,0.1092,0.1098,15.8955,4,0.2
2026-09-01,MRX,Marex Group Limited,金融地产,资本市场,XLF,72.62,Wait,,73.7162,74.7004,61.5081,0.0452,1.3472,0.1235,0.2051,0.102,13.1922,3.5,0.2214
2026-09-01,MS,Morgan Stanley,金融地产,投行,XLF,211.04,Wait,,220.4904,222.0199,213.2551,0.0242,-0.8272,-0.073,0.0199,0.0098,8.7648,3,0.4139
2026-09-01,MSFT,Microsoft Corporation,软件,软件,IGV,501.02,Wait,,518.5402,522.0305,478.6275,0.0232,0.5748,-0.0402,0.2618,0.2615,43.403,3,0.4306
2026-09-01,MSGE,Madison Square Garden Entertain,通讯服务,影视娱乐,XLC,77.04,Bad Market,,89.1904,89.9653,79.3799,0.0335,-1.2631,0.0624,0.0548,0.0413,10.5854,3.5,0.2983
2026-09-01,MSGS,Madison Square Garden Sports Co,通讯服务,体育娱乐,XLC,381.69,Bad Market,,417.9369,421.3275,374.5626,0.0296,-1.5294,0.0262,0.1811,0.0415,46.7649,3.5,0.3377
2026-09-01,MT,Arcelor Mittal NY Registry Shar,基础材料,钢铁,XLB,73.31,Wait,,76.0831,76.7077,68.0628,0.0284,-0.1268,-0.0301,0.1663,0.0648,8.645,3.5,0.3521
2026-09-01,MTCH,"Match Group, Inc.",通讯服务,互联网媒体,XLC,41.91,Bad Market,,42.5991,42.9701,37.8522,0.0295,2.1989,0.0636,0.1454,0.1914,5.1179,3.5,0.3389
2026-09-01,MTDR,Matador Resources Company,油气,油气勘探开发,XLE,59.21,Enter,0.3437,59.0121,59.5879,51.7021,0.0324,2.817,-0.0342,0.436,0.0998,7.8858,3.5,0.3085
2026-09-01,MTRN,Materion Corporation,工业,工业金属,XLI,234.19,Bad Market,,299.953,304.2625,239.9303,0.0613,-1.6498,0.1085,0.1153,0.0239,64.3322,4,0.2
2026-09-01,MTZ,"MasTec, Inc.",工业,建筑,XLI,237.74,Bad Market,,327.738,332.685,363.1299,0.0694,-1.8689,-0.0639,0.4084,0.1865,-30.4449,4,0.2
2026-09-01,MU,"Micron Technology, Inc.",半导体,半导体,SOXX,933.44,Bad Market,,1023.2334,1040.4585,983.8922,0.0615,0.1063,-0.0852,0.215,0.0198,56.5663,4,0.2
2026-09-01,MUFG,"Mitsubishi UFJ Financial Group,",金融地产,银行,XLF,22.83,Wait,,23.3273,23.4637,21.7362,0.0199,0.9722,0.023,0.057,0.1624,1.7275,3,0.5
2026-09-01,MWH,"SOLV Energy, Inc.",公用电力,太阳能,TAN,24.78,Bad Market,,33.0876,33.624,29.6882,0.0722,-2.4584,-0.0951,0.1824,0.124,3.9357,4,0.2
2026-09-01,MXL,"MaxLinear, Inc",半导体,半导体,SOXX,57.59,Bad Market,,86.1729,88.1723,101.3714,0.1157,-1.839,-0.1381,0.1172,0.0753,-13.1991,4,0.2
2026-09-01,NAT,Nordic American Tankers Limited,航运,海运,SEA,6.91,Wait,,7.0891,7.169,6.0873,0.0386,1.0451,0.0476,0.0847,0.2211,1.0818,3.5,0.2593
2026-09-01,NBIS,Nebius Group N.V.,数据中心,数据中心,DTCR,199.54,Bad Market,,281.5846,287.4414,208.5985,0.0978,-1.1839,-0.0475,0.0317,0.0435,78.8429,4,0.2
2026-09-01,NBIX,"Neurocrine Biosciences, Inc.",医疗健康,生物科技,XBI,156.76,Wait,,187.0676,188.435,169.5469,0.0291,-0.1253,-0.0363,0.4606,0.0412,18.8881,3.5,0.3439
2026-09-01,NDAQ,"Nasdaq, Inc.",金融地产,资本市场,XLF,97.54,Wait,,100.4454,101.0517,93.4065,0.0207,0.4408,-0.1072,0.1776,0.1528,7.6452,3,0.4826
2026-09-01,NE,Noble Corporation plc A,油气,油气设备服务,XLE,46.6,Wait,,47.446,47.8763,41.9601,0.0308,1.6995,-0.0747,0.3,0.0096,5.9161,3.5,0.3249
2026-09-01,NEE,"NextEra Energy, Inc.",公用电力,电力,XLU,82.93,Bad Market,,88.6544,89.0891,85.4435,0.0175,-1.5222,-0.1427,0.4216,0.055,3.6456,3,0.5
2026-09-01,NEM,Newmont Corporation,矿业,金,GDX,122.63,Wait,,136.3663,137.7615,118.8627,0.0379,0.8063,0.0544,0.3657,0.1765,18.8988,3.5,0.2637
2026-09-01,NESR,National Energy Services Reunit,油气,油气设备服务,XLE,34.72,Wait,,36.6572,37.1522,30.5356,0.0475,0.9684,0.1127,0.4169,0.2127,6.6166,3.5,0.2104
2026-09-01,NET,"Cloudflare, Inc.",软件,网络安全,IGV,285.51,Wait,,334.2144,339.2909,263.1427,0.0593,-0.7553,0.1469,0.0091,0.1448,76.1482,4,0.2
2026-09-01,NFLX,"Netflix, Inc.",通讯服务,流媒体娱乐,XLC,80.81,Bad Market,,83.0381,83.7024,74.4804,0.0274,1.3292,-0.0906,0.3424,0.0065,9.2219,3.5,0.365
2026-09-01,NGL,NGL ENERGY PARTNERS LP,油气,油气中游,AMLP,18.33,Wait,,19.1548,19.4319,15.2748,0.0504,1.2524,0.1409,0.2071,0.121,4.1571,4,0.2
2026-09-01,NHC,National HealthCare Corporation,医疗健康,医疗服务,XLV,218.97,Wait,,238.9397,241.2545,209.7441,0.0352,-0.6114,0.0545,0.103,0.1137,31.5104,3.5,0.2838
2026-09-01,NI,NiSource Inc,公用电力,天然气/电力,XLU,40.96,Bad Market,,45.4777,45.7223,46.6337,0.0199,-1.3484,-0.0653,0.5006,0.2235,-0.9114,3,0.5
2026-09-01,NJR,NewJersey Resources Corporation,公用电力,天然气,XLU,54.1,Bad Market,,59.121,59.4486,56.7738,0.0202,-0.7495,-0.0691,0.312,0.0112,2.6748,3,0.4954
2026-09-01,NKE,"Nike, Inc.",消费,运动服饰,XLY,38.12,Bad Market,,43.0212,43.3685,41.148,0.0304,-2.0847,-0.1372,0.2126,0.1643,2.2205,3.5,0.3293
2026-09-01,NMM,Navios Maritime Partners LP,航运,海运,SEA,88.91,Wait,,91.7491,92.5383,81.6531,0.0296,2.2089,0.0896,0.3409,0.2159,10.8852,3.5,0.338
2026-09-01,NN,NextNav Inc.,科技硬件,软件基础设施,XLK,15.22,Wait,,20.1448,20.5194,17.7844,0.0821,-1.2291,-0.0709,0.1206,0.2231,2.735,4,0.2
2026-09-01,NOG,"Northern Oil and Gas, Inc.",油气,油气勘探开发,XLE,26.36,Wait,,27.6036,27.8633,24.3101,0.0328,2.3715,-0.0518,0.4734,0.2086,3.5532,3.5,0.3045
2026-09-01,NOK,Nokia Corporation Sponsored,科技硬件,通讯设备,XLK,9.93,Wait,,10.8793,11.026,13.1085,0.0492,-0.3292,-0.2088,0.1439,0.2424,-2.0825,3.5,0.2031
2026-09-01,NRG,"NRG Energy, Inc.",公用电力,电力,XLU,109.51,Bad Market,,139.5768,141.2371,127.2234,0.0505,-1.6408,-0.084,0.315,0.0775,14.0137,4,0.2
2026-09-01,NTAP,"NetApp, Inc.",科技硬件,硬件,XLK,183.16,Wait,,208.9116,211.0592,182.025,0.0391,-1.548,0.0812,0.1091,0.12,29.0341,3.5,0.2559
2026-09-01,NTNX,"Nutanix, Inc.",软件,软件,IGV,66.69,Wait,,70.5069,71.2639,61.0082,0.0378,0.6282,0.1243,0.2735,0.3115,10.2558,3.5,0.2643
2026-09-01,NTR,Nutrien Ltd.,基础材料,化肥,MOO,77.69,Too High,,76.3069,76.9201,68.3757,0.0263,3.9242,0.0475,0.2521,0.2044,8.5444,3.5,0.3801
2026-09-01,NU,Nu Holdings Ltd.,金融地产,银行,XLF,14.46,Wait,,15.3746,15.5562,13.1109,0.0419,0.0636,0.1022,0.0047,0.1652,2.4453,3.5,0.2388
2026-09-01,NVDA,NVIDIA Corporation,半导体,半导体,SOXX,217.44,Bad Market,,230.1544,232.3596,202.2525,0.0338,-0.1788,0.0356,0.1703,0.0515,30.1072,3.5,0.2958
2026-09-01,NVGS,Navigator Holdings Ltd.,航运,海运,SEA,22.22,Wait,,22.5722,22.7536,20.8833,0.0272,1.4592,-0.0654,0.0135,0.0189,1.8704,3.5,0.3674
2026-09-01,NVO,Novo Nordisk A/S,医疗健康,制药,XLV,45.12,Wait,,52.0612,52.4826,46.6938,0.0311,-0.8878,-0.0289,0.2909,0.0266,5.7888,3.5,0.3212
2026-09-01,NVTS,Navitas Semiconductor Corporati,半导体,半导体,SOXX,10.94,Bad Market,,14.7878,15.0994,19.8647,0.095,-1.9633,-0.3176,0.007,0.3118,-4.7653,4,0.2
2026-09-01,NWE,"NorthWestern Energy Group, Inc.",公用电力,天然气/电力,XLU,69.91,Bad Market,,72.7891,73.2237,69.0743,0.0207,-0.4239,-0.079,0.0109,0.0108,4.1494,3,0.4826
2026-09-01,NXE,Nexgen Energy Ltd.,矿业,铀,URA,9.93,Bad Market,,11.3116,11.4639,9.1788,0.0511,-1.0969,-0.0491,0.1015,0.0131,2.285,4,0.2
2026-09-01,NXPI,NXP Semiconductors N.V.,半导体,半导体,SOXX,222.4,Bad Market,,241.934,244.2346,296.4,0.0345,-0.928,-0.2688,0.0849,0.2418,-52.1654,3.5,0.29
2026-09-01,NXT,Nextpower Inc.,公用电力,太阳能,TAN,83.07,Bad Market,,105.9604,107.581,107.4618,0.065,-2.1423,-0.241,0.2202,0.1911,0.1192,4,0.2
2026-09-01,NYT,New York Times Company (The),通讯服务,媒体出版,XLC,67.73,Bad Market,,76.5073,77.065,71.1835,0.0274,0.5691,-0.1007,0.3312,0.098,5.8815,3.5,0.3643
2026-09-01,OGE,OGE Energy Corp,公用电力,电力,XLU,45.99,Bad Market,,47.9102,48.1563,47.489,0.0178,-0.8228,-0.0509,0.1757,0.0559,0.6673,3,0.5
2026-09-01,OGN,Organon & Co.,医疗健康,制药,XLV,13.76,Wait,,13.7889,13.8003,13.6563,0.0028,2.111,-0.7029,0.6,0.2952,0.144,3,0.5
2026-09-01,OKE,"ONEOK, Inc.",油气,油气中游,AMLP,95.69,Wait,,98.0269,98.8148,87.8781,0.0274,1.2885,0.0658,0.2321,0.0936,10.9367,3.5,0.3644
2026-09-01,OKLO,Oklo Inc.,公用电力,核能,NLR,38.53,Bad Market,,49.0551,50.0077,48.468,0.0824,-1.4883,-0.2615,0.0066,0.1773,1.5397,4,0.2
2026-09-01,OKTA,"Okta, Inc.",软件,网络安全,IGV,166.43,Wait,,174.9292,177.763,135.256,0.0568,2.1699,0.3225,0.2419,0.2269,42.5069,4,0.2
2026-09-01,ON,ON Semiconductor Corporation,半导体,半导体,SOXX,72.65,Bad Market,,84.1065,85.1743,119.0923,0.049,-1.4059,-0.287,0.2379,0.2217,-33.918,3.5,0.2041
2026-09-01,ONDS,Ondas Inc,科技硬件,通讯设备,XLK,7.04,Wait,,9.89,10.0699,7.3708,0.0852,-2.9014,-0.2012,0.0579,0.1233,2.6991,4,0.2
2026-09-01,OR,OR Royalties Inc.,矿业,金,GDX,35.59,Wait,,39.2759,39.6863,34.1321,0.0384,0.8578,-0.0472,0.2719,0.0745,5.5542,3.5,0.2602
2026-09-01,ORA,"Ormat Technologies, Inc.",公用电力,再生能源,XLU,107.29,Bad Market,,115.8329,116.9257,125.9612,0.034,-0.0858,-0.045,0.2186,0.2215,-9.0356,3.5,0.2945
2026-09-01,ORCL,Oracle Corporation,软件,软件,IGV,141.32,Wait,,157.6332,159.5847,169.8721,0.046,-0.9266,-0.1908,0.132,0.1837,-10.2874,3.5,0.2172
2026-09-01,OSCR,"Oscar Health, Inc.",医疗健康,健康保险,XLV,29.83,Wait,,33.1069,33.6274,25.8211,0.0582,-0.3052,0.1044,0.0782,0.0206,7.8062,4,0.2
2026-09-01,OVV,Ovintiv Inc. (DE),油气,油气勘探开发,XLE,66.58,Wait,,67.4858,68.0166,60.6275,0.0266,1.7699,-0.0243,0.2224,0.1776,7.3891,3.5,0.3763
2026-09-01,OXY,Occidental Petroleum Corporatio,油气,油气勘探开发,XLE,60.95,Wait,,62.1295,62.5918,56.1265,0.0253,1.6911,-0.0843,0.2413,0.1053,6.4653,3.5,0.3955
2026-09-01,P,"Everpure, Inc.",工业,污水处理,XLI,93.78,Bad Market,,119.4522,121.3905,92.3159,0.0689,-1.3365,0.2602,0.2163,0.1467,29.0746,4,0.2
2026-09-01,PAA,"Plains All American Pipeline, L",油气,油气中游,AMLP,25.86,Wait,,25.8952,26.0423,24.1788,0.019,3.6061,0.0124,0.1398,0.2169,1.8636,3,0.5
2026-09-01,PAAS,Pan American Silver Corp.,矿业,银,SIL,50.0,Wait,,55.39,56.0664,46.9984,0.0451,-0.0914,-0.049,0.1739,0.0504,9.0681,3.5,0.2218
2026-09-01,PACS,"PACS Group, Inc.",医疗健康,医疗服务,XLV,42.14,Wait,,48.8714,49.4643,41.5332,0.0469,-1.389,-0.0151,0.2861,0.1611,7.9311,3.5,0.2132
2026-09-01,PANW,"Palo Alto Networks, Inc.",软件,网络安全,IGV,362.09,Wait,,399.6209,404.971,333.5822,0.0493,-0.2971,0.2518,0.1625,0.1676,71.3888,3.5,0.203
2026-09-01,PARR,"Par Pacific Holdings, Inc. Comm",油气,炼油,XLE,80.03,Wait,,86.9584,88.3511,67.4612,0.058,0.7554,0.1939,0.0876,0.2006,20.8899,4,0.2
2026-09-01,PATH,"UiPath, Inc.",软件,软件,IGV,18.14,Wait,,18.8514,19.0931,15.85,0.0444,2.5922,0.065,0.5134,0.3756,3.2431,3.5,0.2251
2026-09-01,PAY,"Paymentus Holdings, Inc.",软件,软件,IGV,35.13,Wait,,44.9958,45.5894,36.6848,0.0563,-2.1758,0.1985,0.0075,0.2357,8.9046,4,0.2
2026-09-01,PAYC,"Paycom Software, Inc.",软件,软件,IGV,237.95,Wait,,241.4795,243.8931,210.9416,0.0338,2.8151,0.0973,0.7078,0.4534,32.9515,3.5,0.2958
2026-09-01,PBA,Pembina Pipeline Corp.,油气,油气中游,AMLP,49.03,Wait,,50.8765,51.1445,48.6908,0.0182,0.6069,-0.0026,0.1127,0.0125,2.4537,3,0.5
2026-09-01,PBF,PBF Energy Inc.,油气,炼油,XLE,74.99,Wait,,76.0689,77.3722,57.8221,0.0579,1.3246,0.2541,0.0324,0.2798,19.5502,4,0.2
2026-09-01,PBR,Petroleo Brasileiro S.A. Petrob,油气,综合油气,XLE,20.33,Too High,,19.6033,19.7954,17.1586,0.0315,3.0644,0.1531,0.1425,0.115,2.6369,3.5,0.3175
2026-09-01,PCG,Pacific Gas & Electric Co.,公用电力,电力,XLU,14.06,Bad Market,,18.5455,18.8237,14.6505,0.066,-3.5569,0.5927,0.3211,0.1647,4.1731,4,0.2
2026-09-01,PENG,"Penguin Solutions, Inc.",数据中心,数据中心,DTCR,47.59,Bad Market,,64.6803,66.0007,63.7843,0.0925,-1.7902,-0.112,0.0826,0.0901,2.2164,4,0.2
2026-09-01,PEP,"Pepsico, Inc.",消费,消费必需品,XLP,139.79,Wait,,145.9074,146.6498,138.8258,0.0177,-0.2247,-0.1533,0.0179,0.0443,7.824,3,0.5
2026-09-01,PFE,"Pfizer, Inc.",医疗健康,生物技术,XLV,28.55,Wait,,28.8555,29.0399,26.7264,0.0215,2.3335,0.0778,0.4959,0.1423,2.3135,3,0.4646
2026-09-01,PG,Procter & Gamble Company (The),消费,消费必需品,XLP,146.21,Wait,,149.3585,150.1676,144.659,0.0184,0.4312,-0.0788,0.0924,0.0257,5.5086,3,0.5
2026-09-01,PGR,Progressive Corporation (The),金融地产,保险,XLF,220.54,Wait,,226.1254,227.5765,219.9687,0.0219,1.2591,-0.0748,0.13,0.0976,7.6078,3,0.4559
2026-09-01,PH,Parker-Hannifin Corporation,工业,工业机械,XLI,952.09,Bad Market,,1083.3909,1091.2217,982.5105,0.0274,-3.0196,0.0388,0.0315,0.0696,108.7112,3.5,0.3647
2026-09-01,PK,Park Hotels & Resorts Inc.,金融地产,酒店地产,XLRE,15.22,Bad Market,,16.3222,16.4455,14.7318,0.027,-0.0487,0.0122,0.0333,0.0788,1.7136,3.5,0.3704
2026-09-01,PL,Planet Labs PBC,航空国防,航空航天国防,ITA,19.26,Bad Market,,25.006,25.39,28.01,0.0665,-2.6351,-0.4127,0.0967,0.2714,-2.62,4,0.2
2026-09-01,PLAB,"Photronics, Inc.",半导体,半导体材料,SOXX,27.33,Bad Market,,33.9814,34.5535,26.4319,0.0698,-2.2013,-0.0691,0.1493,0.0682,8.1216,4,0.2
2026-09-01,PLD,"Prologis, Inc.",金融地产,工业地产,XLRE,139.68,Bad Market,,147.3475,148.0419,143.1152,0.0166,-0.5694,-0.1752,0.2626,0.0874,4.9267,3,0.5
2026-09-01,PLTR,Palantir Technologies Inc.,软件,软件,IGV,179.92,Wait,,188.1792,190.4018,160.4502,0.0412,0.7911,0.0134,0.4606,0.2209,29.9516,3.5,0.2429
2026-09-01,PM,Philip Morris International Inc,消费,消费必需品,XLP,187.15,Wait,,195.9715,197.3739,186.1458,0.025,-0.3707,-0.0358,0.1043,0.042,11.2281,3,0.4003
2026-09-01,PNR,Pentair plc.,工业,污水处理,XLI,60.45,Bad Market,,70.5045,71.1303,69.4185,0.0345,-2.3893,-0.1059,0.2395,0.1807,1.7118,3.5,0.2898
2026-09-01,PNW,Pinnacle West Capital Corporati,公用电力,电力,XLU,97.66,Bad Market,,102.3629,102.8806,104.1928,0.0177,-1.1766,-0.0749,0.2873,0.0955,-1.3123,3,0.5
2026-09-01,POET,POET Technologies Inc.,半导体,半导体,SOXX,7.1,Bad Market,,9.7016,9.8841,11.4974,0.0857,-2.1796,-0.3739,0.0145,0.2166,-1.6134,4,0.2
2026-09-01,POR,Portland General Electric Co,公用电力,电力,XLU,49.06,Bad Market,,51.3369,51.617,50.2787,0.019,-0.6399,-0.0422,0.0948,0.036,1.3383,3,0.5
2026-09-01,POWI,"Power Integrations, Inc.",半导体,半导体,SOXX,49.78,Bad Market,,65.2483,66.2358,74.1832,0.0661,-2.809,-0.1537,0.2758,0.208,-7.9474,4,0.2
2026-09-01,PPC,Pilgrim's Pride Corporation,基础材料,农业,MOO,31.09,Wait,,32.7409,33.1156,28.0581,0.0402,1.5843,0.0849,0.1148,0.0437,5.0575,3.5,0.2489
2026-09-01,PPL,PPL Corporation,公用电力,电力,XLU,34.47,Bad Market,,36.3387,36.5299,35.1079,0.0185,-1.0747,-0.0624,0.1582,0.0504,1.422,3,0.5
2026-09-01,PR,Permian Resources Corporation,油气,油气勘探开发,XLE,23.79,Wait,,24.1079,24.3055,21.5651,0.0277,2.7378,0.0355,0.3083,0.2289,2.7404,3.5,0.3612
2026-09-01,PRM,"Perimeter Solutions, SA",基础材料,化工,XLB,30.34,Wait,,37.6818,38.1795,31.1443,0.0547,-1.4723,0.0125,0.2663,0.0851,7.0352,4,0.2
2026-09-01,PRU,"Prudential Financial, Inc.",金融地产,保险,XLF,117.14,Wait,,126.3014,127.0304,117.84,0.0207,-2.0123,0.0169,0.2393,0.1582,9.1904,3,0.4821
2026-09-01,PSX,Phillips 66,油气,炼油,XLE,252.02,Too High,,249.1002,251.2431,221.5792,0.0283,3.2758,0.1369,0.478,0.3935,29.6639,3.5,0.3528
2026-09-01,PTEN,"Patterson-UTI Energy, Inc.",油气,油气勘探开发,XLE,12.79,Enter,0.1343,12.7679,12.9324,10.7206,0.0429,2.706,0.0429,0.3941,0.0772,2.2118,3.5,0.2332
2026-09-01,PWR,"Quanta Services, Inc.",工业,建筑工程,XLI,611.39,Bad Market,,728.4239,736.5818,644.9643,0.0445,-1.8387,0.0045,0.1539,0.0807,91.6176,3.5,0.2248
2026-09-01,Q,"Qnity Electronics, Inc.",半导体,半导体材料,SOXX,115.49,Bad Market,,143.9016,145.869,149.4081,0.0568,-2.74,-0.0979,0.1901,0.1412,-3.5391,4,0.2
2026-09-01,QBTS,D-Wave Quantum Inc.,科技硬件,量子计算,QTUM,16.54,Bad Market,,22.0915,22.4838,21.0293,0.0791,-2.3842,-0.2294,0.0793,0.1275,1.4545,4,0.2
2026-09-01,QCOM,QUALCOMM Incorporated,半导体,半导体,SOXX,166.61,Bad Market,,172.1461,174.0942,203.3825,0.039,0.6918,-0.2839,0.2133,0.1428,-29.2883,3.5,0.2566
2026-09-01,QLYS,"Qualys, Inc.",软件,软件,IGV,177.01,Wait,,197.661,200.3325,160.2599,0.0503,-0.5357,0.1849,0.3126,0.2622,40.0726,4,0.2
2026-09-01,QMCO,Quantum Corporation,科技硬件,硬件,XLK,24.17,Wait,,26.5052,27.098,18.206,0.0818,2.3826,0.3165,0.4659,0.2507,8.892,4,0.2
2026-09-01,QNT,Quantinuum Inc.,科技硬件,量子计算,QTUM,47.66,Bad Market,,72.6693,74.0632,64.5841,0.0975,-2.2375,-0.2656,0.059,0.0465,9.4792,4,0.2
2026-09-01,QRVO,"Qorvo, Inc.",半导体,半导体,SOXX,96.4,Bad Market,,100.044,100.8652,92.3995,0.0284,0.1428,-0.1172,0.24,0.0151,8.4657,3.5,0.3522
2026-09-01,QSR,Restaurant Brands International,消费,餐饮,XLY,78.22,Bad Market,,82.3522,82.8661,76.4312,0.0219,0.9163,-0.0274,0.1811,0.079,6.4349,3,0.4566
2026-09-01,QUBT,Quantum Computing Inc.,科技硬件,量子计算,QTUM,7.9,Bad Market,,9.3308,9.4821,9.0832,0.0638,-1.5792,-0.2688,0.0316,0.1007,0.3989,4,0.2
2026-09-01,RBLX,Roblox Corporation,通讯服务,游戏,XLC,40.67,Bad Market,,49.1386,49.8416,48.5771,0.0576,1.2493,-0.2039,0.2608,0.0318,1.2645,4,0.2
2026-09-01,RBRK,"Rubrik, Inc.",软件,软件,IGV,88.4,Wait,,108.2539,110.1047,82.3421,0.0698,-1.2177,0.2785,0.1863,0.1326,27.7626,4,0.2
2026-09-01,RCAT,"Red Cat Holdings, Inc.",航空国防,航空航天国防,ITA,8.25,Bad Market,,11.2719,11.4849,9.1311,0.086,-1.8137,-0.2405,0.0786,0.1224,2.3537,4,0.2
2026-09-01,RCL,Royal Caribbean Cruises Ltd.,消费,旅游,XLY,265.7,Bad Market,,330.077,332.8793,294.7263,0.0352,-4.0281,-0.1677,0.6125,0.0765,38.153,3.5,0.2844
2026-09-01,RDDT,"Reddit, Inc.",通讯服务,互联网媒体,XLC,144.64,Bad Market,,180.0036,182.8739,164.9984,0.0661,-1.2783,-0.1089,0.1983,0.0772,17.8756,4,0.2
2026-09-01,RDW,Redwire Corporation,航空国防,航空航天国防,ITA,10.26,Bad Market,,13.7505,13.9913,11.9098,0.0782,-2.3662,-0.2814,0.1556,0.1784,2.0815,4,0.2
2026-09-01,RGEN,Repligen Corporation,医疗健康,生命科学工具,XLV,170.02,Wait,,183.7302,186.0144,155.3809,0.0448,0.0925,0.0956,0.3946,0.2066,30.6335,3.5,0.2233
2026-09-01,RGTI,"Rigetti Computing, Inc.",科技硬件,量子计算,QTUM,14.99,Bad Market,,19.041,19.3726,18.2793,0.0737,-2.0266,-0.2478,0.0025,0.1454,1.0933,4,0.2
2026-09-01,RIO,Rio Tinto Plc,矿业,金属采矿,XME,101.86,Wait,,107.8286,108.5199,99.8973,0.0226,0.3609,-0.0389,0.1301,0.0213,8.6225,3,0.4421
2026-09-01,RIOT,"Riot Platforms, Inc.",数据中心,数据中心,DTCR,17.79,Bad Market,,21.9147,22.4468,21.5952,0.0997,-1.3275,-0.0164,0.1427,0.1733,0.8516,4,0.2
2026-09-01,RJF,"Raymond James Financial, Inc.",金融地产,券商,XLF,173.5,Wait,,182.915,184.1061,169.2687,0.0229,-1.151,0.0162,0.0381,0.2133,14.8374,3,0.437
2026-09-01,RKLB,Rocket Lab Corporation,航空国防,航空航天国防,ITA,62.54,Bad Market,,83.7363,85.0957,91.1246,0.0725,-2.6303,-0.307,0.0511,0.2218,-6.0289,4,0.2
2026-09-01,RMBS,"Rambus, Inc.",半导体,半导体,SOXX,84.4,Bad Market,,102.5932,104.2031,125.0954,0.0636,-1.8787,-0.3089,0.1106,0.2795,-20.8923,4,0.2
2026-09-01,RNG,"Ringcentral, Inc.",软件,软件,IGV,70.77,Enter,0.5095,70.3277,71.1958,59.492,0.0409,2.1379,0.0804,0.5612,0.4045,11.7038,3.5,0.2446
2026-09-01,ROIV,Roivant Sciences Ltd.,医疗健康,生物技术,XLV,34.52,Wait,,37.9252,38.307,33.1255,0.0369,-1.1468,0.1034,0.0,0.1524,5.1815,3.5,0.2712
2026-09-01,ROK,"Rockwell Automation, Inc.",工业,工业机械,XLI,417.53,Bad Market,,485.1553,488.531,455.6966,0.0269,-2.0677,-0.1199,0.3777,0.1002,32.8344,3.5,0.3711
2026-09-01,ROKU,"Roku, Inc.",通讯服务,流媒体娱乐,XLC,155.53,Bad Market,,160.7682,161.3731,153.7107,0.013,0.5894,-0.3534,0.3653,0.4033,7.6625,3,0.5
2026-09-01,RPRX,Royalty Pharma plc,医疗健康,生物技术,XLV,62.32,Wait,,62.6932,63.0979,58.0233,0.0216,2.0958,0.0578,0.2276,0.1769,5.0746,3,0.462
2026-09-01,RTX,RTX Corporation,航空国防,航空航天国防,ITA,205.16,Bad Market,,227.5416,228.9388,211.5179,0.0227,-2.7391,-0.0147,0.1939,0.1516,17.421,3,0.4405
2026-09-01,S,"SentinelOne, Inc.",软件,网络安全,IGV,20.63,Wait,,24.0696,24.4139,19.2489,0.0556,-0.9248,0.2141,0.0949,0.1884,5.165,4,0.2
2026-09-01,SAIL,"SailPoint, Inc.",软件,网络安全,IGV,19.23,Wait,,20.7778,21.1045,16.2043,0.0566,0.4472,0.0905,0.2332,0.1718,4.9002,4,0.2
2026-09-01,SAN,"Banco Santander, S.A. Sponsored",金融地产,银行,XLF,14.38,Wait,,14.9602,15.0443,13.9789,0.0195,-0.7187,-0.1123,0.1102,0.1795,1.0654,3,0.5
2026-09-01,SANM,Sanmina Corporation,科技硬件,电子元件,XLK,187.3,Wait,,219.3219,222.7598,213.9819,0.0612,-1.1132,-0.0945,0.0286,0.1472,8.7779,4,0.2
2026-09-01,SAP,SAP  SE,软件,软件,IGV,212.04,Wait,,223.2904,225.2033,198.8533,0.0301,0.424,0.0146,0.4028,0.2348,26.35,3.5,0.3325
2026-09-01,SARO,"StandardAero, Inc.",航空国防,航空航天国防,ITA,24.21,Bad Market,,31.2521,31.5258,27.8163,0.0377,-3.3386,-0.0709,0.4116,0.0606,3.7096,3.5,0.2653
2026-09-01,SBGSY,Schneider Electric SE,工业,电气设备,XLI,66.34,Bad Market,,72.2034,72.6407,67.1669,0.022,-2.1321,-0.1438,0.0302,0.0561,5.4738,3,0.4551
2026-09-01,SBLK,Star Bulk Carriers Corp.,航运,海运,SEA,31.05,Wait,,31.4205,31.7058,27.782,0.0306,1.7458,0.0867,0.1896,0.1383,3.9238,3.5,0.3265
2026-09-01,SBS,Companhia de saneamento Basico ,公用电力,污水处理,XLU,4.87,Bad Market,,5.5187,5.5667,5.5004,0.0328,-0.2877,-0.0216,0.3614,0.1255,0.0663,3.5,0.3046
2026-09-01,SBUX,Starbucks Corporation,消费,餐饮,XLY,106.15,Bad Market,,109.6115,110.3899,100.7658,0.0244,-0.0646,-0.0268,0.0113,0.0602,9.6241,3,0.4091
2026-09-01,SCCO,Southern Copper Corporation,矿业,铜,COPX,201.61,Wait,,221.7161,224.3834,188.581,0.0441,0.3381,0.044,0.2003,0.1206,35.8024,3.5,0.2268
2026-09-01,SCHW,Charles Schwab Corporation (The,金融地产,券商,XLF,108.28,Wait,,114.7328,115.4107,106.8712,0.0209,-0.5419,-0.0116,0.1616,0.2833,8.5395,3,0.4792
2026-09-01,SEDG,"SolarEdge Technologies, Inc.",公用电力,太阳能,TAN,32.49,Bad Market,,49.3256,50.1741,49.4874,0.087,-0.3226,-0.2862,0.2224,0.2147,0.6867,4,0.2
2026-09-01,SEZL,Sezzle Inc.,金融地产,消费金融,XLF,114.52,Wait,,180.3763,183.1458,151.6239,0.0806,-1.9399,-0.0384,0.2761,0.0394,31.5218,4,0.2
2026-09-01,SFL,SFL Corporation Ltd,航运,海运,SEA,12.43,Wait,,12.7743,12.878,11.4404,0.0278,0.6626,0.0704,0.0364,0.1273,1.4376,3.5,0.3597
2026-09-01,SHAZ,"SharonAI Holdings, Inc.",数据中心,数据中心,DTCR,52.64,Bad Market,,78.2747,80.3367,65.2064,0.1306,-1.1956,-0.0437,0.053,0.0762,15.1302,4,0.2
2026-09-01,SHEL,Shell PLC,油气,综合油气,XLE,93.51,Wait,,94.3763,94.8121,89.292,0.0155,1.7492,-0.0697,0.0796,0.1409,5.5201,3,0.5
2026-09-01,SHIP,Seanergy Maritime Holdings Corp,航运,海运,SEA,18.01,Wait,,18.3501,18.5623,15.6948,0.0393,1.332,-0.0032,0.0223,0.1085,2.8675,3.5,0.2547
2026-09-01,SHOP,Shopify Inc.,软件,电商软件,IGV,139.82,Wait,,159.9282,161.8464,136.151,0.0457,-1.1896,-0.0033,0.178,0.1496,25.6954,3.5,0.2187
2026-09-01,SHW,Sherwin-Williams Company (The),基础材料,化工,XLB,329.95,Wait,,373.0295,375.584,339.9274,0.0258,-2.9348,-0.0506,0.1288,0.0432,35.6566,3.5,0.3875
2026-09-01,SIMO,Silicon Motion Technology Corpo,半导体,半导体,SOXX,237.35,Bad Market,,276.8301,283.0251,254.299,0.087,-0.6838,0.0011,0.0672,0.0483,28.7262,4,0.2
2026-09-01,SIND,Sinda Ltd.,矿业,银,SIL,15.34,Wait,,18.2105,18.6463,,0.0947,-0.5276,,0.1443,,,4,0.2
2026-09-01,SITM,SiTime Corporation,半导体,半导体,SOXX,552.75,Bad Market,,758.3855,771.8037,574.2105,0.0809,-1.8679,-0.0151,0.0364,0.1051,197.5932,4,0.2
2026-09-01,SKHY,SK hynix Inc.,半导体,半导体,SOXX,160.78,Bad Market,,173.4401,176.5302,,0.0641,0.4641,,0.1462,,,4,0.2
2026-09-01,SLAB,"Silicon Laboratories, Inc.",半导体,半导体,SOXX,219.12,Bad Market,,219.7993,220.1049,217.2842,0.0046,0.5203,-0.3603,0.2762,0.0097,2.8206,3,0.5
2026-09-01,SLB,SLB Limited,油气,油气设备服务,XLE,57.15,Wait,,60.6715,61.2658,53.166,0.0347,2.0579,0.1582,0.3366,0.0218,8.0999,3.5,0.2885
2026-09-01,SLS,"SELLAS Life Sciences Group, Inc",医疗健康,生物制药,XBI,13.22,Wait,,15.7057,16.0742,10.5464,0.0929,0.2157,0.1955,0.2281,0.1424,5.5278,4,0.2
2026-09-01,SM,SM Energy Company,油气,油气勘探开发,XLE,38.04,Enter,0.0446,38.0204,38.4597,32.5152,0.0385,2.8998,0.0386,0.3411,0.1568,5.9445,3.5,0.2598
2026-09-01,SMMT,Summit Therapeutics Inc.,医疗健康,生物技术,XBI,14.16,Wait,,15.3003,15.5782,12.2242,0.0654,0.5591,-0.0528,0.0697,0.0469,3.354,4,0.2
2026-09-01,SMR,NuScale Power Corporation,公用电力,核能,NLR,9.21,Bad Market,,10.0253,10.2282,9.0341,0.0735,-0.2868,-0.2537,0.092,0.0305,1.1942,4,0.2
2026-09-01,SNDK,Sandisk Corporation,半导体,存储硬件,SOXX,1536.87,Bad Market,,1813.6979,1853.9697,1798.0423,0.0873,0.476,-0.0443,0.2123,0.0708,55.9274,4,0.2
2026-09-01,SNOW,Snowflake Inc.,软件,软件,IGV,319.8,Wait,,340.578,344.5424,291.1288,0.0413,-0.421,0.0454,0.1684,0.2704,53.4136,3.5,0.242
2026-09-01,SNPS,"Synopsys, Inc.",软件,软件,IGV,414.82,Wait,,469.0382,474.2791,403.746,0.0421,0.2206,0.0435,0.1986,0.0921,70.5332,3.5,0.2375
2026-09-01,SNX,TD SYNNEX Corporation,科技硬件,IT,XLK,251.39,Wait,,266.3939,268.6996,263.2398,0.0306,-0.5227,-0.0521,0.0086,0.1103,5.4598,3.5,0.3271
2026-09-01,SO,Southern Company (The),公用电力,电力,XLU,88.09,Bad Market,,95.3141,95.7785,93.3355,0.0176,-2.2042,-0.066,0.4834,0.1156,2.443,3,0.5
2026-09-01,SOLV,Solventum Corporation,医疗健康,医疗器械,IHI,90.95,Wait,,92.5195,93.2644,82.92,0.0273,1.2745,0.0384,0.1689,0.1655,10.3443,3.5,0.3663
2026-09-01,SON,Sonoco Products Company,基础材料,包装容器纸制品,XLB,54.09,Wait,,60.0209,60.4982,54.9911,0.0294,-2.2494,-0.0032,0.1664,0.0749,5.5072,3.5,0.3399
2026-09-01,SONY,Sony Group Corporation,消费,消费电子,XLY,24.81,Bad Market,,24.8081,24.9689,22.9516,0.0216,2.2541,0.0147,0.3063,0.204,2.0174,3,0.4628
2026-09-01,SPCX,Space Exploration Technologies ,航空国防,航空航天国防,ITA,142.23,Bad Market,,147.811,150.1824,179.7707,0.0556,0.7886,-0.286,0.2764,0.0534,-29.5883,4,0.2
2026-09-01,SPG,"Simon Property Group, Inc.",金融地产,零售地产,XLRE,211.87,Bad Market,,232.218,233.2849,226.0317,0.0168,-2.4829,-0.0771,0.4785,0.0246,7.2531,3,0.5
2026-09-01,SPOT,Spotify Technology S.A.,通讯服务,流媒体娱乐,XLC,544.15,Bad Market,,558.0115,564.2719,479.5318,0.0383,1.5318,0.0125,0.0825,0.111,84.7401,3.5,0.2608
2026-09-01,SQM,Sociedad Quimica y Minera S.A.,基础材料,化工,XLB,80.51,Wait,,83.1351,83.9574,74.5264,0.034,2.0563,-0.0814,0.3864,0.0009,9.431,3.5,0.2937
2026-09-01,SRE,DBA Sempra,公用电力,电力,XLU,84.26,Bad Market,,90.4226,91.0768,87.6981,0.0259,-0.4581,0.1118,0.193,0.131,3.3787,3.5,0.3864
2026-09-01,SSRM,SSR Mining Inc.,矿业,银,SIL,35.83,Wait,,39.5683,40.0744,33.3049,0.0471,1.3807,0.004,0.3592,0.1754,6.7695,3.5,0.2124
2026-09-01,ST,Sensata Technologies Holding pl,科技硬件,科技仪器,XLK,40.98,Wait,,49.0698,49.5112,46.55,0.0359,-2.4833,-0.1174,0.3901,0.1876,2.9612,3.5,0.2785
2026-09-01,STM,STMicroelectronics N.V.,半导体,半导体,SOXX,49.4,Bad Market,,56.594,57.2868,71.8278,0.0467,-1.326,-0.2127,0.1478,0.243,-14.541,3.5,0.2139
2026-09-01,STNG,Scorpio Tankers Inc.,航运,海运,SEA,79.61,Wait,,81.1261,81.8227,74.3228,0.0292,0.9582,-0.1075,0.146,0.0442,7.5,3.5,0.3428
2026-09-01,STRL,"Sterling Infrastructure, Inc.",工业,建筑工程,XLI,456.1,Bad Market,,619.0339,630.3799,781.4706,0.0829,-2.0854,-0.1632,0.3124,0.255,-151.0907,4,0.2
2026-09-01,STX,Seagate Technology Holdings PLC,科技硬件,存储硬件,XLK,816.64,Wait,,1006.8592,1024.963,852.6556,0.0739,-0.672,0.0047,0.0555,0.024,172.3074,4,0.2
2026-09-01,SU,Suncor Energy  Inc.,油气,综合油气,XLE,68.99,Wait,,69.1099,69.634,62.3056,0.0253,2.1222,0.024,0.0976,0.1308,7.3284,3.5,0.3949
2026-09-01,SUN,Sunoco LP,油气,炼油,XLE,76.99,Wait,,78.1799,78.7687,70.5408,0.0255,1.0774,0.029,0.0408,0.2017,8.2279,3.5,0.3923
2026-09-01,SUNB,"Sunbelt Rentals Holdings, Inc.",工业,设备租赁,XLI,67.07,Bad Market,,85.4707,86.352,75.7784,0.0438,-3.9159,-0.0108,0.1404,0.1522,10.5736,3.5,0.2283
2026-09-01,SWK,"Stanley Black & Decker, Inc.",工业,工业机械,XLI,94.51,Bad Market,,104.9451,105.8024,93.9979,0.0302,-2.1228,-0.0408,0.0301,0.1217,11.8045,3.5,0.3307
2026-09-01,SXI,Standex International Corporati,工业,工业机械,XLI,285.12,Bad Market,,342.9712,346.3284,318.5022,0.0392,-2.9825,-0.0596,0.0168,0.0493,27.8262,3.5,0.2548
2026-09-01,SXT,Sensient Technologies Corporati,基础材料,化工,XLB,134.83,Wait,,138.7983,139.9332,124.2093,0.0281,0.7391,-0.018,0.3039,0.0944,15.7239,3.5,0.3564
2026-09-01,SYNA,Synaptics Incorporated,半导体,半导体,SOXX,95.17,Bad Market,,111.5317,112.8945,127.8903,0.0477,-1.6016,-0.2504,0.2605,0.2093,-14.9958,3.5,0.2095
2026-09-01,T,AT&T Inc.,通讯服务,电信,XLC,26.0,Bad Market,,26.15,26.3175,24.2154,0.0215,2.3657,-0.0926,0.4938,0.1625,2.102,3,0.4658
2026-09-01,TALO,"Talos Energy, Inc.",油气,油气勘探开发,XLE,17.27,Wait,,17.9227,18.1308,15.3225,0.0402,1.9061,0.0342,0.3445,0.1232,2.8082,3.5,0.249
2026-09-01,TDW,Tidewater Inc.,油气,油气设备服务,XLE,96.11,Wait,,97.4511,98.5486,83.6855,0.0381,1.8019,0.0777,0.3796,0.1991,14.8631,3.5,0.2627
2026-09-01,TE,T1 Energy Inc.,公用电力,太阳能,TAN,4.28,Bad Market,,5.9538,6.1095,8.3237,0.1213,-1.2349,-0.2882,0.0187,0.2077,-2.2142,4,0.2
2026-09-01,TECK,Teck Resources Ltd,矿业,铜,COPX,66.79,Wait,,72.2879,72.9181,64.2671,0.0315,0.1026,-0.0979,0.1588,0.0418,8.651,3.5,0.3179
2026-09-01,TEL,TE Connectivity plc,科技硬件,电子元件,XLK,208.0,Wait,,220.77,222.5888,197.4705,0.0291,-0.3005,-0.1248,0.0217,0.0015,25.1183,3.5,0.3431
2026-09-01,TEM,"Tempus AI, Inc.",软件,AI医疗,IGV,62.27,Wait,,73.6293,75.0383,53.9034,0.0754,0.8408,0.1758,0.2907,0.1108,21.1349,4,0.2
2026-09-01,TEVA,Teva Pharmaceutical Industries ,医疗健康,制药,XLV,36.19,Wait,,38.4619,38.7746,34.4519,0.0288,-0.1876,-0.0189,0.0777,0.0492,4.3227,3.5,0.3472
2026-09-01,TFII,TFI International Inc.,工业,铁路/联运,IYT,127.83,Bad Market,,148.4183,149.7731,144.5939,0.0353,-2.6485,0.0009,0.1197,0.2163,5.1792,3.5,0.2831
2026-09-01,TFPM,Triple Flag Precious Metals Cor,矿业,金,GDX,32.65,Wait,,36.0265,36.3902,31.4567,0.0371,0.1043,-0.0402,0.1897,0.1254,4.9335,3.5,0.2693
2026-09-01,TGT,Target Corporation,消费,消费必需品,XLP,163.75,Wait,,171.5275,173.0489,152.1408,0.031,1.522,0.1738,0.336,0.2303,20.908,3.5,0.3229
2026-09-01,TGTX,"TG Therapeutics, Inc.",医疗健康,生物制药,XBI,56.09,Wait,,56.5709,57.3656,49.7889,0.0472,1.8862,0.1846,0.085,0.124,7.5767,3.5,0.2117
2026-09-01,TJX,"TJX Companies, Inc. (The)",消费,折扣零售,XLY,133.27,Bad Market,,163.3927,164.3485,158.8525,0.0239,-5.001,-0.0428,0.6805,0.3818,5.496,3,0.4183
2026-09-01,TK,Teekay Corporation Ltd.,航运,海运,SEA,13.0,Wait,,13.49,13.6388,11.6242,0.0381,1.4528,0.0553,0.2673,0.0776,2.0146,3.5,0.2621
2026-09-01,TMO,Thermo Fisher Scientific Inc,医疗健康,生命科学工具,XLV,600.5,Wait,,639.715,644.7752,574.6742,0.0281,-0.1655,0.0723,0.1527,0.3049,70.101,3.5,0.356
2026-09-01,TMUS,"T-Mobile US, Inc.",通讯服务,电信,XLC,182.16,Bad Market,,185.2016,186.6131,179.1728,0.0258,0.498,-0.1275,0.1909,0.0207,7.4403,3.5,0.3872
2026-09-01,TNK,Teekay Tankers Ltd.,航运,海运,SEA,88.3,Wait,,92.893,93.9089,80.1573,0.0384,1.2176,0.0987,0.2396,0.1574,13.7516,3.5,0.2607
2026-09-01,TPG,TPG Inc.,金融地产,私募股权,XLF,52.41,Wait,,55.7341,56.2777,48.8681,0.0346,0.5753,-0.0177,0.3803,0.1933,7.4096,3.5,0.2892
2026-09-01,TRGP,"Targa Resources, Inc.",油气,油气中游,AMLP,296.06,Wait,,305.2106,307.8471,271.4912,0.0297,1.8972,0.1344,0.2344,0.1054,36.3558,3.5,0.3369
2026-09-01,TRMD,TORM plc,航运,海运,SEA,33.21,Enter,0.2279,33.1421,33.44,29.3349,0.0299,2.9399,-0.0115,0.2409,0.1324,4.1051,3.5,0.3345
2026-09-01,TRP,TC Energy Corporation,油气,油气中游,AMLP,63.14,Wait,,68.7214,69.1636,66.1677,0.0233,-0.1096,0.04,0.337,0.1589,2.996,3,0.4283
2026-09-01,TSEM,Tower Semiconductor Ltd.,半导体,半导体,SOXX,199.06,Bad Market,,268.9634,274.1886,247.1816,0.0875,-2.0351,-0.0764,0.0554,0.0906,27.007,4,0.2
2026-09-01,TSM,Taiwan Semiconductor Manufactur,半导体,半导体,SOXX,414.0,Bad Market,,435.11,438.7258,435.3861,0.0291,-0.4676,-0.1751,0.089,0.0197,3.3397,3.5,0.3435
2026-09-01,TTAN,"ServiceTitan, Inc.",软件,软件,IGV,95.45,Wait,,101.5945,103.0203,84.0062,0.0498,0.9439,0.0396,0.3065,0.2065,19.014,3.5,0.2008
2026-09-01,TTE,TotalEnergies SE,油气,综合油气,XLE,90.35,Wait,,91.7588,92.274,85.7474,0.019,1.4579,-0.0213,0.1551,0.0417,6.5267,3,0.5
2026-09-01,TTMI,"TTM Technologies, Inc.",科技硬件,电子元件,XLK,115.33,Wait,,143.011,146.0574,180.8507,0.0881,-1.0969,-0.1011,0.0017,0.2066,-34.7933,4,0.2
2026-09-01,TWLO,Twilio Inc.,软件,软件,IGV,228.65,Wait,,258.2639,261.7349,209.671,0.0506,0.1497,0.0968,0.2335,0.0779,52.0639,4,0.2
2026-09-01,TWST,Twist Bioscience Corporation,医疗健康,生命科学工具,XLV,132.06,Wait,,155.0469,157.9674,114.1611,0.0737,0.4348,0.3857,0.2613,0.2224,43.8062,4,0.2
2026-09-01,TX,Ternium S.A. Ternium S.A.,基础材料,钢铁,XLB,55.67,Wait,,56.3867,56.8962,49.8859,0.0305,0.988,0.0972,0.3919,0.1766,7.0103,3.5,0.3278
2026-09-01,TXG,"10x Genomics, Inc.",医疗健康,生命科学工具,XLV,59.98,Wait,,65.8637,66.9793,50.2454,0.062,0.6147,0.3255,0.2415,0.343,16.7339,4,0.2
2026-09-01,TXT,Textron Inc.,航空国防,航空航天国防,ITA,79.71,Bad Market,,90.2271,90.8467,88.9012,0.0259,-3.1222,-0.1098,0.3015,0.1953,1.9456,3.5,0.3859
2026-09-01,U,Unity Software Inc.,软件,软件,IGV,40.92,Wait,,47.5192,48.0651,40.7413,0.0445,-1.289,0.0001,0.2961,0.2881,7.3238,3.5,0.2249
2026-09-01,UBER,"Uber Technologies, Inc.",工业,铁路/联运,IYT,75.24,Bad Market,,81.1024,81.8823,71.2512,0.0346,-0.2308,0.0157,0.1538,0.0693,10.631,3.5,0.2894
2026-09-01,UBS,UBS Group AG Registered,金融地产,银行,XLF,54.14,Wait,,56.1814,56.4582,52.9518,0.017,0.4828,-0.0408,0.0794,0.1727,3.5064,3,0.5
2026-09-01,UCTT,"Ultra Clean Holdings, Inc.",半导体,半导体材料,SOXX,65.11,Bad Market,,94.3006,96.3866,114.7774,0.1068,-2.264,-0.0996,0.2195,0.1251,-18.3908,4,0.2
2026-09-01,UEC,Uranium Energy Corp.,矿业,铀,URA,11.59,Bad Market,,13.7714,13.9984,10.5928,0.0653,-0.0297,-0.0753,0.2062,0.0494,3.4056,4,0.2
2026-09-01,UL,Unilever PLC,消费,消费必需品,XLP,64.38,Wait,,65.8523,66.1717,63.6761,0.0165,0.858,-0.0631,0.0641,0.1355,2.4956,3,0.5
2026-09-01,UMC,United Microelectronics Corpora,半导体,半导体,SOXX,20.47,Bad Market,,20.8359,21.1447,23.8923,0.0503,1.3697,-0.0756,0.1431,0.0043,-2.7476,4,0.2
2026-09-01,UNH,UnitedHealth Group Incorporated,医疗健康,医疗服务,XLV,396.3,Wait,,425.433,428.2394,408.286,0.0236,-0.3846,-0.0679,0.2296,0.0308,19.9534,3,0.4236
2026-09-01,UNP,Union Pacific Corporation,工业,铁路,IYT,290.62,Bad Market,,313.5262,315.5125,290.7567,0.0228,-1.3624,0.0776,0.0186,0.1245,24.7558,3,0.4389
2026-09-01,USAC,"USA Compression Partners, LP",油气,油气中游,AMLP,27.2,Wait,,27.342,27.531,26.3998,0.0232,1.2618,-0.1688,0.1475,0.044,1.1312,3,0.4317
2026-09-01,USB,U.S. Bancorp,金融地产,银行,XLF,61.21,Wait,,65.9588,66.282,62.1874,0.0176,-2.2245,-0.0766,0.1755,0.1038,4.0947,3,0.5
2026-09-01,UUUU,Energy Fuels Inc,矿业,铀,URA,14.22,Bad Market,,16.1529,16.4272,12.9026,0.0643,-0.3084,-0.1905,0.2238,0.031,3.5245,4,0.2
2026-09-01,V,Visa Inc.,金融地产,支付,XLF,372.67,Wait,,387.5,389.5159,363.9804,0.018,0.5104,-0.0538,0.0902,0.2615,25.5355,3,0.5
2026-09-01,VALE,VALE S.A.,矿业,铁矿,XME,15.12,Wait,,15.4812,15.6012,14.6002,0.0265,1.379,-0.0302,0.0115,0.0486,1.001,3.5,0.3781
2026-09-01,VECO,Veeco Instruments Inc.,半导体,半导体,SOXX,42.05,Bad Market,,55.0395,55.9989,70.249,0.076,-2.4929,-0.1467,0.1729,0.203,-14.2502,4,0.2
2026-09-01,VEEV,Veeva Systems Inc.,软件,软件,IGV,279.23,Wait,,288.4823,291.9145,245.6478,0.041,3.3086,0.287,0.5862,0.4311,46.2667,3.5,0.2441
2026-09-01,VG,"Venture Global, Inc.",油气,油气中游,XLE,15.11,Too High,,14.7911,14.9967,12.7617,0.0453,1.9088,-0.1109,0.2089,0.0973,2.235,3.5,0.2205
2026-09-01,VIAV,Viavi Solutions Inc.,科技硬件,通讯设备,XLK,34.81,Wait,,46.8238,47.6695,42.7742,0.081,-1.7338,-0.0967,0.0065,0.153,4.8953,4,0.2
2026-09-01,VICR,Vicor Corporation,科技硬件,电子元件,XLK,175.99,Wait,,256.9562,262.1405,310.6562,0.0982,-2.2597,-0.1792,0.1598,0.1715,-48.5157,4,0.2
2026-09-01,VIRT,"Virtu Financial, Inc.",金融地产,资本市场,XLF,65.32,Wait,,68.5832,69.4543,57.7673,0.0445,1.6533,0.2137,0.2042,0.1332,11.687,3.5,0.225
2026-09-01,VISN,"Vistance Networks, Inc.",科技硬件,电子元件,XLK,6.22,Wait,,12.6408,12.867,9.8636,0.1212,-6.1498,0.1866,0.4201,0.3316,3.0034,4,0.2
2026-09-01,VLO,Valero Energy Corporation,油气,炼油,XLE,361.99,Wait,,362.5399,365.8087,320.7841,0.0301,2.7182,0.0802,0.4108,0.3455,45.0247,3.5,0.3322
2026-09-01,VLTO,Veralto Corp,工业,污水处理,XLI,97.05,Bad Market,,101.0705,101.706,93.745,0.0218,-0.3701,-0.049,0.1206,0.228,7.961,3,0.4581
2026-09-01,VRT,"Vertiv Holdings, LLC",工业,电气设备,XLI,255.97,Bad Market,,296.8414,301.3436,297.9314,0.0586,-1.0507,-0.1156,0.1798,0.0732,3.4122,4,0.2
2026-09-01,VRTX,Vertex Pharmaceuticals Incorpor,医疗健康,生物技术,XLV,547.65,Wait,,558.3265,562.4939,504.2303,0.0254,1.8474,0.0305,0.3684,0.2629,58.2636,3.5,0.3942
2026-09-01,VSAT,"ViaSat, Inc.",航空国防,通讯设备,ITA,66.28,Bad Market,,88.14,89.505,71.6101,0.0686,-2.7116,-0.0866,0.2202,0.041,17.8949,4,0.2
2026-09-01,VSH,"Vishay Intertechnology, Inc.",半导体,半导体,SOXX,29.63,Bad Market,,39.332,40.055,55.2598,0.0813,-1.4624,-0.2156,0.1444,0.2776,-15.2048,4,0.2
2026-09-01,VST,Vistra Corp.,公用电力,电力,XLU,138.08,Bad Market,,157.3208,158.8784,150.8077,0.0376,-0.6418,-0.1971,0.1745,0.0564,8.0707,3.5,0.2659
2026-09-01,VSXY,Victorias Secret & Co.,消费,服饰零售,XLY,84.17,Bad Market,,100.8117,102.0461,85.5689,0.0489,-1.3767,0.0404,0.0853,0.0486,16.4772,3.5,0.2046
2026-09-01,VTR,"Ventas, Inc.",金融地产,医疗地产,XLRE,92.07,Bad Market,,94.7507,95.3853,94.1838,0.023,0.1655,0.0184,0.006,0.123,1.2015,3,0.4352
2026-09-01,VTRS,Viatris Inc.,医疗健康,制药,XLV,16.63,Wait,,17.9263,18.0653,16.2384,0.0279,0.1478,-0.0077,0.2818,0.0261,1.8268,3.5,0.3589
2026-09-01,VVX,"V2X, Inc.",航空国防,航空航天国防,ITA,77.45,Bad Market,,91.0145,91.9835,79.5045,0.0417,-0.9905,-0.0235,0.2233,0.1184,12.4791,3.5,0.2398
2026-09-01,VZ,Verizon Communications Inc.,通讯服务,电信,XLC,50.3,Bad Market,,50.7441,51.0406,47.2852,0.0196,1.9539,-0.0966,0.4443,0.1003,3.7554,3,0.5
2026-09-01,WAB,Westinghouse Air Brake Technolo,工业,工业机械,XLI,279.8,Bad Market,,303.448,305.515,285.1195,0.0246,-2.347,-0.0031,0.1815,0.0836,20.3956,3,0.4061
2026-09-01,WAY,Waystar Holding Corp.,软件,软件,IGV,25.76,Wait,,26.4376,26.7802,22.1824,0.0443,1.1181,-0.0096,0.4327,0.2118,4.5978,3.5,0.2255
2026-09-01,WBI,WaterBridge Infrastructure LLC,油气,油气设备服务,XLE,32.63,Wait,,34.5463,34.9505,31.4945,0.0413,0.3244,-0.084,0.0264,0.0465,3.456,3.5,0.2422
2026-09-01,WCC,"WESCO International, Inc.",工业,工业分销,XLI,332.0,Bad Market,,377.42,381.2088,329.8976,0.038,-1.9404,-0.0422,0.0686,0.0283,51.3112,3.5,0.2629
2026-09-01,WDC,Western Digital Corporation,科技硬件,存储硬件,XLK,450.44,Wait,,555.9128,566.942,599.1741,0.0816,-0.6647,-0.0675,0.1903,0.05,-32.2321,4,0.2
2026-09-01,WDS,Woodside Energy Group Limited,油气,油气勘探开发,XLE,23.9,Wait,,24.569,24.726,22.7605,0.0219,1.423,-0.0553,0.0633,0.0973,1.9655,3,0.4568
2026-09-01,WELL,Welltower Inc.,金融地产,医疗地产,XLRE,240.42,Bad Market,,243.9642,245.459,237.1219,0.0207,0.9094,-0.0287,0.0992,0.1967,8.3371,3,0.4825
2026-09-01,WEN,Wendy's Company (The),消费,餐饮,XLY,8.27,Bad Market,,9.2119,9.3498,7.2814,0.0556,-0.0674,0.0631,0.1385,0.0934,2.0685,4,0.2
2026-09-01,WES,"Western Midstream Partners, LP",油气,油气中游,AMLP,48.99,Wait,,50.2897,50.5834,46.8621,0.02,1.0436,-0.0063,0.1291,0.1838,3.7214,3,0.5
2026-09-01,WFRD,Weatherford International plc,油气,油气设备服务,XLE,94.52,Wait,,98.7152,99.8599,87.9555,0.0404,0.8989,0.0267,0.228,0.0621,11.9044,3.5,0.2477
2026-09-01,WMB,"Williams Companies, Inc. (The)",油气,油气中游,AMLP,75.23,Wait,,75.9523,76.6002,70.3606,0.0287,1.2246,0.115,0.1808,0.065,6.2396,3.5,0.3483
2026-09-01,WMT,Walmart Inc.,消费,消费必需品,XLP,105.92,Wait,,117.0692,117.8454,113.278,0.0244,-1.5557,-0.0471,0.1717,0.1932,4.5674,3,0.4094
2026-09-01,WOLF,"Wolfspeed, Inc.",半导体,半导体,SOXX,26.31,Bad Market,,35.5517,36.4392,45.5767,0.1124,-0.7481,-0.3118,0.0686,0.1522,-9.1375,4,0.2
2026-09-01,WPM,Wheaton Precious Metals Corp,矿业,金,GDX,144.93,Wait,,165.1693,167.0019,142.3396,0.0421,0.8737,0.0921,0.3244,0.1842,24.6623,3.5,0.2373
2026-09-01,WT,"WisdomTree, Inc.",金融地产,资管,XLF,24.46,Wait,,25.2846,25.5402,22.0575,0.0348,1.877,0.0669,0.5045,0.2962,3.4827,3.5,0.287
2026-09-01,WTTR,"Select Water Solutions, Inc.",油气,油气设备服务,XLE,20.07,Wait,,22.4607,22.7383,19.0208,0.0461,-0.1135,0.104,0.1503,0.059,3.7175,3.5,0.2169
2026-09-01,WULF,TeraWulf Inc.,数据中心,数据中心,DTCR,14.65,Bad Market,,19.1512,19.5581,23.5553,0.0926,-1.4021,-0.1799,0.2057,0.234,-3.9972,4,0.2
2026-09-01,WYFI,"WhiteFiber, Inc.",数据中心,数据中心,DTCR,17.5,Bad Market,,30.9162,31.7654,33.4465,0.1618,-2.3362,-0.1298,0.3033,0.0603,-1.6811,4,0.2
2026-09-01,XE,"X-Energy, Inc.",公用电力,核能,NLR,18.41,Bad Market,,23.0904,23.6311,15.6711,0.0979,-0.6633,-0.1432,0.0915,0.0035,7.96,4,0.2
2026-09-01,XEL,Xcel Energy Inc.,公用电力,电力,XLU,75.89,Bad Market,,80.1262,80.5559,77.933,0.0189,-1.3618,-0.076,0.1765,0.0586,2.6229,3,0.5
2026-09-01,XNDU,Xanadu Quantum Technologies Lim,科技硬件,量子计算,QTUM,9.93,Bad Market,,11.7383,11.9457,11.1743,0.0696,-1.1411,-0.5884,0.0909,0.077,0.7715,4,0.2
2026-09-01,XOM,ExxonMobil Holdings Corporation,油气,综合油气,XLE,164.55,Wait,,167.7955,168.8783,155.3221,0.0219,1.4006,-0.0265,0.1676,0.1724,13.5562,3,0.4559
2026-09-01,XP,XP Inc.,金融地产,资本市场,XLF,18.72,Too High,,18.4172,18.6169,15.9002,0.0356,3.172,-0.007,0.2275,0.1866,2.7167,3.5,0.2812
2026-09-01,XYZ,"Block, Inc.",金融地产,支付,XLF,77.88,Wait,,85.6288,86.4955,74.7381,0.0371,-1.2204,0.0164,0.133,0.1043,11.7574,3.5,0.2696
2026-09-01,YPF,YPF Sociedad Anonima,油气,综合油气,XLE,52.46,Wait,,53.2246,53.7516,50.2021,0.0335,1.2357,-0.0077,0.0149,0.0749,3.5495,3.5,0.2987
2026-09-01,ZETA,Zeta Global Holdings Corp.,软件,软件,IGV,31.56,Enter,0.6186,31.2856,31.7292,25.795,0.0468,2.4571,0.0844,0.4751,0.2823,5.9342,3.5,0.2134
2026-09-01,ZWS,Zurn Elkay Water Solutions Corp,工业,污水处理,XLI,46.64,Bad Market,,53.6464,54.0003,49.0516,0.0253,-3.1109,-0.0816,0.257,0.0392,4.9487,3.5,0.3954
2026-09-02,AA,Alcoa Corporation,矿业,铝加工,XME,51.05,Wait,,54.5905,55.2553,56.4036,0.0434,0.2423,-0.1576,0.1972,0.1845,-1.1482,3.5,0.2304
2026-09-02,AAOI,"Applied Optoelectronics, Inc.",科技硬件,光通信,XLK,103.13,Wait,,157.3413,161.0183,142.5238,0.1188,-1.7906,-0.1907,0.0437,0.1979,18.4945,4,0.2
2026-09-02,AAPL,Apple Inc.,科技硬件,消费电子,XLK,324.96,Wait,,328.3796,330.6082,317.7942,0.0229,1.8361,0.0058,0.3251,0.1189,12.814,3,0.4374
2026-09-02,ABCL,AbCellera Biologics Inc.,医疗健康,生物制药,XBI,11.36,Wait,,12.6636,12.909,9.2284,0.072,1.0353,0.3081,0.4529,0.2789,3.6806,4,0.2
2026-09-02,ABNB,"Airbnb, Inc.",消费,在线旅游,XLY,183.26,Bad Market,,192.3326,193.9414,171.7302,0.0293,0.321,0.0778,0.3795,0.269,22.2113,3.5,0.3417
2026-09-02,ABVX,Abivax SA,医疗健康,生物技术,XLV,111.08,Wait,,132.0408,133.3724,129.1149,0.04,-2.05,-0.2654,0.3214,0.0754,4.2574,3.5,0.2503
2026-09-02,ACGL,Arch Capital Group Ltd.,金融地产,保险,XLF,98.21,Wait,,102.0803,102.6445,100.8381,0.0191,-0.3682,-0.0764,0.1921,0.1074,1.8065,3,0.5
2026-09-02,ACLS,"Axcelis Technologies, Inc.",半导体,半导体,SOXX,110.77,Bad Market,,145.5941,147.8204,161.9172,0.067,-2.5748,-0.162,0.2343,0.2455,-14.0968,4,0.2
2026-09-02,ACMR,"ACM Research, Inc.",半导体,半导体设备,SOXX,69.9,Bad Market,,86.7518,88.4195,104.654,0.0795,-1.6766,-0.1502,0.1697,0.1004,-16.2345,4,0.2
2026-09-02,ADI,"Analog Devices, Inc.",半导体,半导体,SOXX,355.71,Bad Market,,393.8371,397.3505,404.4905,0.0329,-1.7421,-0.1211,0.0569,0.1776,-7.14,3.5,0.3037
2026-09-02,ADM,Archer-Daniels-Midland Company,基础材料,农业,MOO,85.38,Wait,,85.4038,86.206,77.9615,0.0313,1.9494,0.1411,0.2583,0.1003,8.2444,3.5,0.3193
2026-09-02,AEHR,Aehr Test Systems,半导体,半导体材料,SOXX,80.24,Bad Market,,147.7264,150.9009,103.2829,0.1319,-2.3699,-0.0048,0.0714,0.0932,47.618,4,0.2
2026-09-02,AEM,Agnico Eagle Mines Limited,矿业,金,GDX,196.66,Wait,,226.0766,228.514,195.6735,0.0413,0.1289,0.0777,0.3888,0.1106,32.8405,3.5,0.2421
2026-09-02,AES,The AES Corporation,公用电力,再生能源,XLU,14.8,Bad Market,,14.7959,14.8115,14.7044,0.0035,1.2817,-0.4579,0.2,0.0789,0.1072,3,0.5
2026-09-02,AEVA,"Aeva Technologies, Inc.",科技硬件,电子元件,XLK,15.17,Wait,,26.9733,27.5033,21.654,0.1164,-2.8104,-0.1564,0.112,0.1547,5.8492,4,0.2
2026-09-02,AG,First Majestic Silver Corp.,矿业,银,SIL,21.2,Wait,,21.9545,22.2762,17.4501,0.0506,1.3292,-0.0612,0.3906,0.0741,4.8261,4,0.2
2026-09-02,AGI,Alamos Gold Inc.,矿业,金,GDX,36.13,Wait,,39.3813,39.8294,33.7916,0.0413,0.7521,-0.0997,0.3684,0.0334,6.0378,3.5,0.2419
2026-09-02,AGRO,Adecoagro S.A.,基础材料,农业,MOO,11.78,Wait,,12.1378,12.2903,10.2408,0.0432,3.0816,-0.0365,0.377,0.0573,2.0495,3.5,0.2317
2026-09-02,AHR,"American Healthcare REIT, Inc.",金融地产,医疗地产,XLRE,56.21,Bad Market,,57.7221,58.101,53.9311,0.0225,0.7296,-0.0805,0.0628,0.2344,4.1699,3,0.4451
2026-09-02,AIR,AAR Corp.,航空国防,航空航天国防,ITA,123.87,Bad Market,,154.9487,156.6115,134.3112,0.0447,-2.9263,0.0105,0.2517,0.0407,22.3003,3.5,0.2235
2026-09-02,AKAM,"Akamai Technologies, Inc.",软件,软件,IGV,105.09,Wait,,126.3409,127.82,116.9439,0.0469,-1.8428,-0.1336,0.1845,0.1757,10.8761,3.5,0.2132
2026-09-02,ALAB,"Astera Labs, Inc.",半导体,半导体,SOXX,274.13,Bad Market,,366.2775,373.1887,390.8702,0.084,-1.3087,-0.1349,0.1859,0.117,-17.6815,4,0.2
2026-09-02,ALB,Albemarle Corporation,基础材料,锂电池,XLB,137.75,Wait,,144.6275,146.2868,149.541,0.0402,0.8392,-0.1871,0.3136,0.2096,-3.2541,3.5,0.249
2026-09-02,ALGM,"Allegro MicroSystems, Inc.",半导体,半导体,SOXX,35.47,Bad Market,,44.8776,45.609,59.8681,0.0687,-1.7632,-0.2087,0.2678,0.175,-14.2591,4,0.2
2026-09-02,ALKS,Alkermes plc,医疗健康,生物制药,XBI,47.72,Wait,,50.7572,51.2163,49.8644,0.0321,-0.7761,-0.0457,0.1381,0.0719,1.3519,3.5,0.3119
2026-09-02,ALM,Almonty Industries Inc.,矿业,钨矿,XME,17.69,Wait,,19.1725,19.5363,14.0793,0.0686,1.2549,-0.0838,0.3712,0.0073,5.4571,4,0.2
2026-09-02,ALSN,"Allison Transmission Holdings, ",工业,工业机械,XLI,126.71,Bad Market,,134.4971,135.8,118.0299,0.0343,0.2722,0.0708,0.192,0.0587,17.7701,3.5,0.2918
2026-09-02,AMAT,"Applied Materials, Inc.",半导体,半导体设备,SOXX,438.46,Bad Market,,553.0707,560.4517,624.5863,0.0561,-2.6254,-0.1503,0.2916,0.1191,-64.1346,4,0.2
2026-09-02,AMBQ,"Ambiq Micro, Inc.",半导体,半导体,SOXX,57.3,Bad Market,,68.6645,69.8711,74.3909,0.0702,-1.0914,-0.1479,0.1577,0.1634,-4.5197,4,0.2
2026-09-02,AMD,"Advanced Micro Devices, Inc.",半导体,半导体,SOXX,457.06,Bad Market,,523.1506,529.9739,501.3053,0.0498,-0.938,-0.15,0.1014,0.0912,28.6685,3.5,0.201
2026-09-02,AMGN,Amgen Inc.,医疗健康,制药,XLV,442.84,Wait,,448.2684,451.1901,414.6234,0.022,1.6867,0.0363,0.507,0.3461,36.5667,3,0.4547
2026-09-02,AMKR,"Amkor Technology, Inc.",半导体,半导体材料,SOXX,47.17,Bad Market,,62.017,63.0925,79.2103,0.076,-1.4671,-0.2195,0.0823,0.2336,-16.1178,4,0.2
2026-09-02,AMLX,"Amylyx Pharmaceuticals, Inc.",医疗健康,生物制药,XBI,34.49,Wait,,40.1022,40.7654,30.8168,0.0641,1.8444,0.4413,0.4234,0.3888,9.9485,4,0.2
2026-09-02,AMPX,"Amprius Technologies, Inc.",基础材料,锂电池,XLB,9.52,Wait,,12.6496,12.8591,14.0272,0.0733,-2.0338,-0.3641,0.0683,0.2522,-1.1681,4,0.2
2026-09-02,AMT,American Tower Corporation (REI,金融地产,通信铁塔,XLRE,172.92,Bad Market,,180.2992,181.5245,173.5066,0.0236,-0.2159,-0.0969,0.0018,0.0953,8.0179,3,0.4234
2026-09-02,AMZN,"Amazon.com, Inc.",消费,互联网零售,XLY,254.98,Bad Market,,286.5698,288.6489,259.7632,0.0272,-1.3804,-0.0504,0.3593,0.0362,28.8858,3.5,0.3679
2026-09-02,ANAB,"AnaptysBio, Inc.",医疗健康,生物制药,XBI,55.84,Wait,,60.2484,61.0591,60.3524,0.0484,-0.5077,-0.1417,0.0938,0.0372,0.7067,3.5,0.2066
2026-09-02,ANDG,Andersen Group Inc.,金融地产,个性化服务,XLF,56.12,Wait,,57.1212,57.8329,48.2565,0.0423,2.3156,0.0106,0.3234,0.2938,9.5764,3.5,0.2366
2026-09-02,ANET,"Arista Networks, Inc.",科技硬件,硬件,XLK,186.1,Wait,,212.361,214.8313,181.6793,0.0442,-1.0638,-0.0425,0.0108,0.0591,33.1521,3.5,0.226
2026-09-02,APA,APA Corporation,油气,油气勘探开发,XLE,44.695,Wait,,44.8369,45.2795,39.2271,0.033,2.371,0.0216,0.3772,0.2403,6.0523,3.5,0.303
2026-09-02,APD,"Air Products and Chemicals, Inc",基础材料,化工,XLB,309.45,Wait,,312.5545,314.4375,295.3598,0.0203,0.7701,-0.0752,0.2562,0.1352,19.0777,3,0.493
2026-09-02,APG,APi Group Corporation,工业,工业服务,XLI,39.36,Bad Market,,45.1136,45.4726,40.5316,0.0304,-2.0252,-0.0526,0.0351,0.0759,4.941,3.5,0.3289
2026-09-02,APH,Amphenol Corporation,科技硬件,光通信,XLK,160.08,Too High,,87.8331,90.4027,53.8985,0.0535,9.1419,0.8136,0.7131,0.4827,36.5042,4,0.2
2026-09-02,APLD,Applied Digital Corporation,数据中心,数据中心,DTCR,24.91,Bad Market,,31.683,32.3026,38.3291,0.0829,-1.703,-0.2557,0.2132,0.3144,-6.0265,4,0.2
2026-09-02,APP,Applovin Corporation,软件,广告技术,IGV,319.05,Wait,,423.1498,428.3244,495.6151,0.0541,-0.0719,-0.316,0.3877,0.2803,-67.2907,4,0.2
2026-09-02,APPS,"Digital Turbine, Inc.",软件,软件,IGV,9.78,Wait,,14.5559,14.8049,11.0711,0.0848,-2.6485,0.0451,0.0643,0.0017,3.7338,4,0.2
2026-09-02,AR,Antero Resources Corporation,油气,油气勘探生产,XLE,39.59,Wait,,40.2059,40.5275,36.0579,0.0271,2.124,-0.0659,0.2502,0.185,4.4696,3.5,0.3693
2026-09-02,ARM,Arm Holdings plc,半导体,半导体,SOXX,234.86,Bad Market,,290.0229,295.0372,372.6024,0.0712,-1.4475,-0.1912,0.0239,0.2747,-77.5652,4,0.2
2026-09-02,ARMK,Aramark,消费,餐饮服务,XLY,56.72,Bad Market,,62.9572,63.3234,58.7284,0.0215,-1.7968,0.0184,0.0011,0.0817,4.595,3,0.4647
2026-09-02,AROC,"Archrock, Inc.",油气,油气中游,AMLP,32.3,Wait,,36.063,36.4352,37.6081,0.0384,-0.2616,-0.0278,0.2274,0.1025,-1.1729,3.5,0.2604
2026-09-02,ARQQ,Arqit Quantum Inc.,半导体,半导体,SOXX,20.54,Bad Market,,24.75,25.2899,22.5206,0.0876,-0.6806,-0.1089,0.1038,0.0347,2.7694,4,0.2
2026-09-02,ARXS,"Arxis, Inc.",航空国防,航空航天国防,ITA,51.16,Bad Market,,60.5016,61.2602,51.1396,0.0494,-1.7584,-0.0315,0.1117,0.141,10.1206,3.5,0.2023
2026-09-02,ASC,Ardmore Shipping Corporation,航运,海运,SEA,18.07,Wait,,18.5807,18.787,15.9935,0.038,0.9214,0.0048,0.0767,0.0549,2.7934,3.5,0.2628
2026-09-02,ASTS,"AST SpaceMobile, Inc.",航空国防,通讯设备,ITA,62.4,Bad Market,,75.2534,76.6686,69.9914,0.0756,-0.7829,-0.2953,0.0184,0.1366,6.6772,4,0.2
2026-09-02,ASX,"ASE Technology Holding Co., Ltd",半导体,半导体,SOXX,37.08,Bad Market,,40.2808,40.8035,39.0223,0.047,-0.3203,-0.0974,0.0221,0.0185,1.7811,3.5,0.2128
2026-09-02,ATRO,Astronics Corporation,航空国防,航空航天国防,ITA,73.46,Bad Market,,94.264,95.485,77.17,0.0554,-1.5733,0.035,0.0377,0.0182,18.315,4,0.2
2026-09-02,AU,AngloGold Ashanti PLC,矿业,金,GDX,107.83,Wait,,124.4683,125.8874,106.8335,0.0439,0.4624,0.0241,0.3711,0.1149,19.0539,3.5,0.2279
2026-09-02,AUGO,Aura Minerals Inc.,矿业,金,GDX,84.6,Wait,,91.4098,92.8195,71.6737,0.0555,0.943,0.0345,0.4556,0.133,21.1458,4,0.2
2026-09-02,AVAH,Aveanna Healthcare Holdings Inc,医疗健康,医疗服务,XLV,13.2,Wait,,13.952,14.1262,11.7882,0.044,2.1722,0.2483,0.4832,0.4354,2.338,3.5,0.2274
2026-09-02,AVGO,Broadcom Inc.,半导体,半导体,SOXX,367.24,Bad Market,,431.4324,435.2293,383.4628,0.0345,-1.6039,-0.1648,0.1705,0.0589,51.7665,3.5,0.2902
2026-09-02,AVNT,Avient Corporation,基础材料,化工,XLB,43.59,Wait,,46.7759,47.1972,41.4249,0.0322,-0.5091,0.0343,0.3122,0.1326,5.7723,3.5,0.3104
2026-09-02,AVT,"Avnet, Inc.",科技硬件,电子元器,XLK,89.99,Wait,,99.5299,100.5728,86.4626,0.0386,-0.7514,0.0961,0.0259,0.0183,14.1102,3.5,0.2589
2026-09-02,AVTR,"Avantor, Inc.",医疗健康,生命科学工具,XLV,14.65,Wait,,14.7565,14.8935,13.0118,0.0312,1.4585,-0.0182,0.2227,0.3426,1.8817,3.5,0.3208
2026-09-02,AXP,American Express Company,金融地产,支付,XLF,329.98,Wait,,352.1208,353.9993,342.7849,0.019,-1.2434,-0.1445,0.2252,0.0253,11.2144,3,0.5
2026-09-02,AXTI,AXT Inc,半导体,半导体,SOXX,56.95,Bad Market,,97.644,100.1549,77.2605,0.147,-1.878,-0.1373,0.0993,0.1762,22.8945,4,0.2
2026-09-02,B,Barrick Mining Corporation,矿业,金,GDX,44.13,Wait,,49.3113,49.814,43.0052,0.038,0.0958,0.0138,0.2457,0.044,6.8088,3.5,0.2634
2026-09-02,BA,Boeing Company (The),航空国防,航空航天国防,ITA,208.87,Bad Market,,242.2787,243.7724,225.253,0.0238,-2.57,-0.1917,0.4417,0.1084,18.5194,3,0.4195
2026-09-02,BAC,Bank of America Corporation,金融地产,银行,XLF,62.6,Wait,,65.3571,65.6853,61.5275,0.0175,-0.3619,-0.0335,0.0103,0.2106,4.1578,3,0.5
2026-09-02,BALL,Ball Corporation,基础材料,包装容器纸制品,XLB,63.3,Wait,,65.783,66.1634,63.0865,0.02,0.2942,-0.1152,0.161,0.1625,3.0769,3,0.4993
2026-09-02,BAM,Brookfield Asset Management Inc,金融地产,资管,XLF,49.67,Wait,,56.3567,56.7512,51.2579,0.0265,-2.2983,-0.0404,0.0537,0.0345,5.4933,3.5,0.3778
2026-09-02,BB,BlackBerry Limited,软件,软件,IGV,7.61,Wait,,9.0818,9.2196,10.9734,0.0603,-1.8087,-0.1216,0.1876,0.0914,-1.7538,4,0.2
2026-09-02,BBIO,"BridgeBio Pharma, Inc.",医疗健康,生物科技,XBI,76.5,Wait,,85.435,86.1959,81.2924,0.0332,-1.835,-0.1237,0.1609,0.1162,4.9036,3.5,0.3016
2026-09-02,BBVA,Banco Bilbao Vizcaya Argentaria,金融地产,银行,XLF,29.16,Wait,,29.43,29.5621,27.8898,0.0151,1.0987,-0.1709,0.2083,0.303,1.6723,3,0.5
2026-09-02,BCPC,Balchem Corporation,基础材料,化工,XLB,175.47,Wait,,183.0347,184.186,169.7668,0.0219,-0.7768,-0.013,0.0482,0.1288,14.4193,3,0.4572
2026-09-02,BDC,Belden Inc,科技硬件,网络基础,XLK,115.76,Wait,,139.1876,140.6305,121.1964,0.0415,-2.1949,0.0024,0.125,0.0068,19.4341,3.5,0.2407
2026-09-02,BE,Bloom Energy Corporation,公用电力,电力,GRID,217.28,Bad Market,,240.9309,246.5873,270.4313,0.0868,-0.0056,-0.1629,0.0071,0.0793,-23.844,4,0.2
2026-09-02,BELFB,Bel Fuse Inc.,科技硬件,电子元件,XLK,240.71,Wait,,303.1885,307.0112,282.0706,0.0529,-2.4073,-0.133,0.2203,0.1211,24.9406,4,0.2
2026-09-02,BEPC,Brookfield Renewable Corporatio,公用电力,电力,XLU,31.38,Bad Market,,36.1838,36.4641,34.6696,0.0298,-2.4047,-0.1576,0.2514,0.1955,1.7946,3.5,0.3358
2026-09-02,BG,Bunge Limited,基础材料,农业,MOO,122.86,Enter,0.4689,122.2686,123.5299,109.1651,0.0342,2.3596,0.093,0.4475,0.0013,14.3647,3.5,0.2922
2026-09-02,BHE,"Benchmark Electronics, Inc.",科技硬件,解决方案,XLK,70.64,Wait,,86.1164,87.0909,87.301,0.046,-1.9212,-0.107,0.3166,0.1764,-0.2101,3.5,0.2175
2026-09-02,BHP,BHP Group Limited,矿业,金属采矿,XME,93.43,Wait,,99.6243,100.3271,90.4903,0.0251,0.5406,-0.0064,0.3049,0.0164,9.8369,3.5,0.3988
2026-09-02,BKH,Black Hills Corporation,公用电力,天然气/电力,XLU,72.59,Bad Market,,75.3714,75.8043,71.7114,0.0199,-0.3296,-0.0973,0.0903,0.0303,4.0928,3,0.5
2026-09-02,BKNG,Booking Holdings Inc. Common St,消费,在线旅游,XLY,199.6,Bad Market,,216.416,218.3565,191.7808,0.0324,-1.428,-0.0137,0.089,0.1256,26.5757,3.5,0.3086
2026-09-02,BKR,Baker Hughes Company,油气,油气设备服务,XLE,64.63,Wait,,65.5463,66.0449,59.0835,0.0257,0.8644,-0.0668,0.2493,0.0462,6.9614,3.5,0.3889
2026-09-02,BKV,BKV Corporation,油气,油气勘探开发,XLE,25.12,Wait,,26.9812,27.2708,23.981,0.0384,-0.0109,-0.056,0.059,0.039,3.2898,3.5,0.2602
2026-09-02,BLK,"BlackRock, Inc.",金融地产,资管,XLF,1107.08,Wait,,1193.9108,1201.0143,1111.8045,0.0214,-2.0068,-0.0767,0.0789,0.0789,89.2098,3,0.4675
2026-09-02,BLZE,"Backblaze, Inc.",软件,软件,IGV,13.2,Wait,,20.6824,21.0611,15.3814,0.0956,-3.1244,0.1389,0.1342,0.1173,5.6797,4,0.2
2026-09-02,BMY,Bristol-Myers Squibb Company,医疗健康,制药,XLV,67.66,Wait,,68.5966,69.0469,63.4168,0.0222,1.3081,-0.0089,0.1232,0.2355,5.6301,3,0.4507
2026-09-02,BNTX,BioNTech SE,医疗健康,生物技术,XBI,103.81,Wait,,117.6081,118.9405,101.0251,0.0428,0.6104,0.2445,0.1984,0.1329,17.9154,3.5,0.2337
2026-09-02,BP,BP p.l.c.,油气,综合油气,XLE,43.93,Wait,,45.5793,45.886,42.1527,0.0233,0.8988,-0.0098,0.0216,0.0599,3.7334,3,0.4297
2026-09-02,BRKR,Bruker Corporation,医疗健康,生命科学工具,XLV,59.02,Wait,,64.9002,65.7385,54.5602,0.0473,0.7353,0.0344,0.1192,0.0254,11.1783,3.5,0.2112
2026-09-02,BRZE,"Braze, Inc.",软件,软件,IGV,32.94,Wait,,34.8594,35.322,29.1329,0.0468,1.9098,0.0151,0.3735,0.2496,6.1891,3.5,0.2136
2026-09-02,BTSG,"BrightSpring Health Services, I",医疗健康,医疗健康,XLV,60.25,Wait,,63.6225,64.3987,63.8546,0.0429,0.0912,0.0416,0.0071,0.0488,0.544,3.5,0.2329
2026-09-02,BTU,Peabody Energy Corporation,油气,煤矿,XLE,29.43,Wait,,29.9843,30.3407,25.5325,0.0404,2.6493,-0.0858,0.5418,0.1155,4.8082,3.5,0.2478
2026-09-02,BUD,Anheuser-Busch Inbev SA Sponsor,消费,消费必需品,XLP,79.02,Wait,,85.8771,86.2954,82.2973,0.0176,-0.6778,-0.091,0.2883,0.0466,3.9981,3,0.5
2026-09-02,BVN,Buenaventura Mining Company Inc,矿业,金,GDX,34.21,Wait,,36.6421,37.0931,31.0387,0.0439,-0.1374,-0.0569,0.2544,0.0157,6.0544,3.5,0.2276
2026-09-02,BWLP,BW LPG Limited,航运,海运,SEA,24.35,Wait,,25.0435,25.3056,21.7421,0.0359,1.4542,0.1846,0.2667,0.15,3.5635,3.5,0.2787
2026-09-02,BWXT,"BWX Technologies, Inc.",航空国防,航空航天国防,ITA,155.67,Bad Market,,175.3467,177.2301,188.0274,0.0403,-1.0606,-0.1442,0.2609,0.1855,-10.7973,3.5,0.248
2026-09-02,C,"Citigroup, Inc.",金融地产,银行,XLF,134.34,Wait,,140.6734,141.5403,137.0013,0.0215,-0.0853,-0.1203,0.024,0.0716,4.5389,3,0.4649
2026-09-02,CAKE,The Cheesecake Factory Incorpor,消费,餐饮,XLY,108.57,Bad Market,,118.3757,119.549,103.6016,0.036,-0.5068,0.2126,0.0717,0.3349,15.9474,3.5,0.2776
2026-09-02,CALM,"Cal-Maine Foods, Inc.",基础材料,农业,MOO,78.82,Wait,,87.8482,88.6389,84.2752,0.0334,-1.2661,-0.0211,0.3561,0.0102,4.3637,3.5,0.2991
2026-09-02,CAMT,Camtek Ltd.,半导体,半导体,SOXX,131.91,Bad Market,,176.0243,178.7608,161.2635,0.0692,-2.18,-0.1366,0.0674,0.19,17.4973,4,0.2
2026-09-02,CART,Maplebear Inc.,消费,互联网零售,XLY,51.53,Bad Market,,52.2953,52.7926,45.9777,0.0322,1.1364,-0.0609,0.3055,0.1902,6.815,3.5,0.3108
2026-09-02,CAT,"Caterpillar, Inc.",工业,工业机械,XLI,792.28,Bad Market,,889.5728,898.1693,964.6082,0.0362,-1.3827,-0.1143,0.1284,0.1314,-66.4389,3.5,0.2765
2026-09-02,CB,Chubb Limited,金融地产,保险,XLF,339.42,Wait,,356.8237,358.4999,346.7378,0.0165,-0.8459,-0.1257,0.1715,0.0565,11.7621,3,0.5
2026-09-02,CBRS,Cerebras Systems Inc.,半导体,半导体,SOXX,184.52,Bad Market,,265.6651,271.0729,189.9571,0.0977,-1.405,-0.2377,0.1361,0.0477,81.1157,4,0.2
2026-09-02,CCJ,Cameco Corporation,矿业,铀,URA,96.38,Bad Market,,108.3238,109.5421,94.6767,0.0421,-0.7003,-0.1231,0.154,0.1005,14.8654,3.5,0.2373
2026-09-02,CDE,"Coeur Mining, Inc.",矿业,银,SIL,21.42,Wait,,22.4326,22.7666,17.7573,0.052,1.6206,-0.0092,0.3552,0.0847,5.0093,4,0.2
2026-09-02,CDNA,"CareDx, Inc.",医疗健康,诊断检测,XLV,49.6,Wait,,52.856,53.5936,43.7549,0.0496,0.7226,0.2978,0.0796,0.3864,9.8387,3.5,0.2017
2026-09-02,CDW,CDW Corporation,科技硬件,IT,XLK,148.67,Wait,,155.4867,157.4594,130.9849,0.0442,1.3133,0.1031,0.0116,0.0953,26.4745,3.5,0.2261
2026-09-02,CEG,Constellation Energy Corporatio,公用电力,核电,XLU,290.04,Bad Market,,285.4004,288.2085,249.7391,0.0323,1.6317,-0.1192,0.1798,0.1119,38.4694,3.5,0.3099
2026-09-02,CELC,Celcuity Inc.,医疗健康,生物技术,XBI,96.2,Wait,,96.042,97.4349,99.4699,0.0483,0.9819,-0.2189,0.1552,0.0502,-2.0351,3.5,0.2072
2026-09-02,CENX,Century Aluminum Company,基础材料,铝,XLB,47.28,Wait,,52.8019,53.5697,44.3122,0.0541,0.3038,-0.1354,0.079,0.1082,9.2575,4,0.2
2026-09-02,CF,"CF Industries Holdings, Inc.",基础材料,化肥,MOO,139.27,Too High,,136.9927,138.6036,116.8064,0.0386,3.0898,0.0951,0.4,0.264,21.7972,3.5,0.2594
2026-09-02,CFR,"Cullen/Frost Bankers, Inc.",金融地产,银行,XLF,161.66,Wait,,171.6817,172.6428,160.4697,0.0198,-0.9824,0.0272,0.2764,0.2164,12.1731,3,0.5
2026-09-02,CGAU,Centerra Gold Inc.,矿业,金,GDX,22.26,Wait,,24.4726,24.7616,20.8789,0.0433,0.0202,0.0857,0.3483,0.1882,3.8827,3.5,0.2311
2026-09-02,CGNX,Cognex Corporation,工业,工业设备,XLI,59.94,Bad Market,,72.1194,72.8834,63.5066,0.0425,-1.1152,-0.0819,0.1923,0.0631,9.3768,3.5,0.2354
2026-09-02,CGON,"CG Oncology, Inc.",医疗健康,生物技术,XLV,74.59,Wait,,81.4259,82.4114,69.1822,0.044,-0.6447,-0.0098,0.1602,0.154,13.2292,3.5,0.2271
2026-09-02,CHRD,Chord Energy Corporation,油气,油气勘探开发,XLE,149.58,Wait,,151.9058,153.3291,133.8049,0.0317,1.7315,-0.0168,0.1713,0.1541,19.5242,3.5,0.3153
2026-09-02,CHRN,ChronoScale Holdings Corporatio,数据中心,数据中心,DTCR,19.01,Bad Market,,24.942,25.6801,19.7895,0.1294,-0.8778,0.0223,0.2458,0.0018,5.8906,4,0.2
2026-09-02,CHYM,"Chime Financial, Inc.",金融地产,消费金融,XLF,33.41,Wait,,33.6941,34.1159,28.4395,0.0421,1.142,0.0701,0.4363,0.4047,5.6764,3.5,0.2376
2026-09-02,CIEN,Ciena Corporation,科技硬件,光通信,XLK,354.16,Wait,,450.3315,458.0587,387.53,0.0727,-1.8327,-0.1257,0.1153,0.1266,70.5288,4,0.2
2026-09-02,CIFR,Cipher Digital Inc.,数据中心,数据中心,DTCR,15.18,Bad Market,,24.5164,25.0511,22.0516,0.1174,-0.8301,-0.1498,0.3795,0.1519,2.9995,4,0.2
2026-09-02,CL,Colgate-Palmolive Company,消费,消费必需品,XLP,90.1,Wait,,94.1778,94.7164,89.7434,0.0199,-0.8529,-0.1021,0.0116,0.0082,4.9731,3,0.5
2026-09-02,CLBK,"Columbia Financial, Inc.",金融地产,银行,XLF,11.65,Wait,,11.9365,12.0129,11.0559,0.0219,0.6429,0.057,0.4056,0.3688,0.957,3,0.4574
2026-09-02,CLF,Cleveland-Cliffs Inc.,基础材料,钢铁,XLB,12.42,Wait,,12.7816,12.979,10.9977,0.053,0.8958,-0.0012,0.1729,0.0649,1.9814,4,0.2
2026-09-02,CLH,"Clean Harbors, Inc.",工业,环境服务,XLI,315.22,Bad Market,,329.2022,331.2522,305.8398,0.0217,0.0097,-0.0572,0.0668,0.1787,25.4124,3,0.4613
2026-09-02,CLMT,"Calumet, Inc",油气,燃料油,XLE,53.07,Too High,,52.0507,52.7496,43.3659,0.0439,2.6185,0.2577,0.3066,0.3461,9.3838,3.5,0.2278
2026-09-02,CLS,"Celestica, Inc.",科技硬件,电子元件,XLK,277.77,Wait,,374.9876,380.744,326.6984,0.0691,-1.9662,-0.1562,0.2441,0.1759,54.0456,4,0.2
2026-09-02,CLSK,"CleanSpark, Inc.",数据中心,数据中心,DTCR,11.33,Bad Market,,14.8573,15.1682,13.3048,0.0915,-0.7421,-0.1108,0.2771,0.163,1.8634,4,0.2
2026-09-02,CM,Canadian Imperial Bank of Comme,金融地产,银行,XLF,115.66,Wait,,124.8966,125.7024,115.682,0.0232,-0.9231,0.1643,0.1157,0.0277,10.0205,3,0.4306
2026-09-02,CMBT,CMB.TECH NV,航运,海运,SEA,18.75,Too High,,18.5375,18.6953,16.5089,0.0281,2.612,0.0224,0.4562,0.201,2.1864,3.5,0.3564
2026-09-02,CMG,"Chipotle Mexican Grill, Inc.",消费,餐饮,XLY,38.52,Bad Market,,38.4152,38.7871,34.1817,0.0322,2.7817,-0.0174,0.0629,0.1266,4.6054,3.5,0.3108
2026-09-02,CNH,CNH Industrial N.V.,工业,工业机械,XLI,13.65,Bad Market,,12.6365,12.8047,10.538,0.0411,4.6355,0.1986,0.4031,0.2011,2.2666,3.5,0.2435
2026-09-02,CNP,"CenterPoint Energy, Inc (Holdin",公用电力,电力,XLU,39.51,Bad Market,,42.3151,42.5592,42.5994,0.0206,-0.5906,-0.0277,0.3468,0.1553,-0.0403,3,0.4857
2026-09-02,CNQ,Canadian Natural Resources Limi,油气,油气勘探开发,XLE,51.81,Wait,,52.3281,52.6979,48.1123,0.0238,2.4806,0.0062,0.3863,0.1955,4.5855,3,0.4203
2026-09-02,COHR,Coherent Corp.,科技硬件,光通信,XLK,268.64,Wait,,383.9532,391.1879,329.0169,0.0898,-1.7381,-0.1236,0.0544,0.1597,62.171,4,0.2
2026-09-02,COIN,"Coinbase Global, Inc.",金融地产,加密金融,XLF,174.96,Wait,,192.899,196.1676,147.1396,0.0623,0.932,-0.0064,0.1978,0.0167,49.0279,4,0.2
2026-09-02,COP,ConocoPhillips,油气,油气勘探开发,XLE,137.2,Wait,,137.562,138.4938,126.8715,0.0226,2.9791,-0.0275,0.4237,0.2559,11.6223,3,0.4417
2026-09-02,CORT,Corcept Therapeutics Incorporat,医疗健康,生物制药,XBI,110.43,Wait,,124.6743,126.073,107.2517,0.0422,-1.1346,0.147,0.0544,0.2009,18.8213,3.5,0.2369
2026-09-02,CORZ,"Core Scientific, Inc.",数据中心,数据中心,DTCR,16.81,Bad Market,,23.0914,23.4835,23.932,0.0778,-1.5601,-0.1368,0.4602,0.2396,-0.4485,4,0.2
2026-09-02,COST,Costco Wholesale Corporation,消费,消费必需品,XLP,928.48,Wait,,980.2291,985.5265,933.7058,0.019,-1.256,-0.0642,0.1293,0.0965,51.8207,3,0.5
2026-09-02,CP,Canadian Pacific Kansas City Li,工业,铁路,IYT,89.54,Bad Market,,97.5854,98.163,90.9144,0.0215,-1.8697,0.0139,0.0515,0.0051,7.2485,3,0.4651
2026-09-02,CPAY,"Corpay, Inc.",金融地产,支付,XLF,416.4,Wait,,429.404,432.3699,395.5811,0.0237,0.901,-0.0885,0.2635,0.1944,36.7888,3,0.4212
2026-09-02,CRBG,Corebridge Financial Inc.,金融地产,保险,XLF,33.54,Wait,,34.8254,35.0807,31.5118,0.0254,0.5988,-0.0486,0.1924,0.1635,3.5689,3.5,0.3942
2026-09-02,CRC,California Resources Corporatio,油气,油气勘探开发,XLE,53.57,Wait,,54.6657,55.1037,51.4803,0.0273,0.4189,-0.1647,0.0986,0.076,3.6234,3.5,0.3669
2026-09-02,CRDO,Credo Technology Group Holding ,半导体,半导体,SOXX,165.22,Bad Market,,286.989,293.2425,219.1397,0.1262,-3.572,0.0259,0.1895,0.1254,74.1028,4,0.2
2026-09-02,CRGY,Crescent Energy Company,油气,油气勘探开发,XLE,14.27,Enter,0.4035,14.2127,14.3547,12.4131,0.0332,2.9753,0.0146,0.4451,0.2395,1.9416,3.5,0.3014
2026-09-02,CRL,Charles River Laboratories Inte,医疗健康,CRO,XLV,291.76,Wait,,301.4976,304.3993,264.7272,0.0332,0.747,0.0597,0.5094,0.3977,39.6721,3.5,0.3016
2026-09-02,CROX,"Crocs, Inc.",消费,服饰鞋类,XLY,115.79,Bad Market,,142.3479,143.715,125.241,0.0394,-2.6183,-0.0232,0.3493,0.0716,18.474,3.5,0.2541
2026-09-02,CRUS,"Cirrus Logic, Inc.",半导体,半导体,SOXX,113.06,Bad Market,,134.7206,135.8811,152.401,0.0342,-1.0739,-0.2267,0.3287,0.4213,-16.5199,3.5,0.2923
2026-09-02,CRWD,"CrowdStrike Holdings, Inc.",软件,软件,IGV,203.42,Wait,,233.5786,237.4465,179.4283,0.0634,-0.5546,0.3364,0.0051,0.0935,58.0181,4,0.2
2026-09-02,CRWV,"CoreWeave, Inc.",数据中心,数据中心,DTCR,80.93,Bad Market,,108.9758,110.8444,93.035,0.077,-1.7082,-0.1678,0.0659,0.1148,17.8094,4,0.2
2026-09-02,CSCO,"Cisco Systems, Inc.",科技硬件,通讯,XLK,109.455,Wait,,124.9745,125.8657,113.4834,0.0271,-1.657,-0.1007,0.1635,0.1043,12.3822,3.5,0.3685
2026-09-02,CSTM,Constellium SE,基础材料,铝加工,XLB,26.6,Wait,,30.186,30.518,30.8371,0.0416,-1.3502,-0.1324,0.1494,0.2341,-0.3192,3.5,0.2404
2026-09-02,CSX,CSX Corporation,工业,铁路/联运,IYT,48.65,Bad Market,,52.2465,52.5622,50.0735,0.0216,-1.9165,0.065,0.1408,0.0473,2.4887,3,0.4624
2026-09-02,CTVA,"Corteva, Inc.",基础材料,农业,MOO,89.97,Too High,,88.6297,89.3234,82.4167,0.0257,4.4372,0.1039,0.6096,0.2103,6.9067,3.5,0.3891
2026-09-02,CVE,Cenovus Energy Inc,油气,综合油气,XLE,32.81,Wait,,33.4581,33.7515,29.7068,0.0298,1.8031,0.0397,0.2647,0.1903,4.0447,3.5,0.3355
2026-09-02,CVX,Chevron Corporation,油气,综合油气,XLE,211.78,Wait,,213.0769,214.2931,198.8884,0.0191,2.9636,-0.0284,0.3702,0.2458,15.4047,3,0.5
2026-09-02,CWEN,"Clearway Energy, Inc.",公用电力,电力,XLU,31.42,Bad Market,,34.8142,35.092,35.3695,0.0295,-1.5855,-0.1339,0.0694,0.2805,-0.2775,3.5,0.3394
2026-09-02,D,"Dominion Energy, Inc.",公用电力,电力,XLU,66.05,Bad Market,,69.7913,70.134,68.2624,0.0173,-1.168,-0.0698,0.2571,0.0737,1.8717,3,0.5
2026-09-02,DAL,"Delta Air Lines, Inc.",工业,航空运输,IYT,78.14,Bad Market,,93.9214,94.6448,85.2207,0.0309,-3.0833,-0.0669,0.4432,0.074,9.4241,3.5,0.3241
2026-09-02,DAR,Darling Ingredients Inc.,基础材料,化工,XLB,67.62,Wait,,69.0162,69.8837,58.2193,0.0428,1.2047,0.2477,0.245,0.1808,11.6644,3.5,0.2338
2026-09-02,DAVE,Dave Inc.,金融地产,消费金融,XLF,372.85,Wait,,434.9501,442.1351,346.729,0.0642,1.0473,0.0795,0.0775,0.0919,95.4061,4,0.2
2026-09-02,DB,Deutsche Bank AG,金融地产,银行,XLF,40.5,Wait,,40.7085,40.9176,38.2691,0.0172,2.6501,-0.1402,0.3978,0.2055,2.6484,3,0.5
2026-09-02,DBD,Diebold Nixdorf Incorporated,科技硬件,硬件,XLK,67.63,Wait,,78.7963,79.5661,81.7686,0.0379,-1.0202,-0.1025,0.3713,0.1888,-2.2024,3.5,0.2635
2026-09-02,DBX,"Dropbox, Inc.",软件,软件,IGV,34.5,Wait,,36.275,36.6014,32.1221,0.0315,-0.1011,0.0458,0.1093,0.224,4.4793,3.5,0.3171
2026-09-02,DDOG,"Datadog, Inc.",软件,软件,IGV,209.23,Wait,,290.9846,295.2365,231.4582,0.0677,-2.2232,0.1073,0.2778,0.0587,63.7782,4,0.2
2026-09-02,DE,Deere & Company,工业,工业机械,XLI,698.37,Bad Market,,683.0637,689.2426,603.9932,0.0295,3.6803,0.1258,0.3519,0.2057,85.2494,3.5,0.3391
2026-09-02,DELL,Dell Technologies Inc.,科技硬件,硬件,XLK,492.2,Wait,,500.7365,510.0761,369.9812,0.0633,1.1248,0.166,0.1628,0.0891,140.0949,4,0.2
2026-09-02,DEO,Diageo plc,消费,消费必需品,XLP,91.14,Wait,,98.0214,98.6112,91.2117,0.0216,-1.1925,-0.0429,0.0796,0.1406,7.3995,3,0.4636
2026-09-02,DGII,Digi International Inc.,科技硬件,通讯设备,XLK,69.61,Wait,,85.9361,86.8714,74.3279,0.0448,-2.9074,0.0727,0.0185,0.0074,12.5435,3.5,0.2233
2026-09-02,DGX,Quest Diagnostics Incorporated,医疗健康,诊断检测,XLV,240.8,Wait,,247.408,248.9345,229.7348,0.0211,0.2307,0.0105,0.2385,0.2978,19.1997,3,0.4732
2026-09-02,DHR,Danaher Corporation,医疗健康,生命科学工具,XLV,209.91,Wait,,220.9491,222.8299,196.9073,0.0299,0.1412,0.0375,0.1916,0.1594,25.9226,3.5,0.3348
2026-09-02,DHT,"DHT Holdings, Inc.",航运,海运,SEA,20.07,Wait,,20.1907,20.3966,17.5877,0.0342,1.3928,-0.0136,0.1766,0.0736,2.8089,3.5,0.2924
2026-09-02,DINO,HF Sinclair Corporation,油气,炼油,XLE,106.06,Enter,0.9201,105.0306,106.1494,90.9168,0.0352,3.5805,0.1837,0.3784,0.4031,15.2327,3.5,0.2844
2026-09-02,DIOD,Diodes Incorporated,半导体,半导体,SOXX,90.03,Bad Market,,108.6901,110.3853,100.1575,0.0628,-1.0306,-0.0637,0.0781,0.1016,10.2278,4,0.2
2026-09-02,DIS,Walt Disney Company (The),通讯服务,影视娱乐,XLC,107.98,Bad Market,,112.3298,113.0193,104.3552,0.0213,0.8052,-0.0055,0.296,0.0799,8.6641,3,0.4698
2026-09-02,DK,"Delek US Holdings, Inc.",油气,炼油,XLE,71.45,Wait,,75.1707,76.4167,57.7262,0.0581,1.1122,0.304,0.1096,0.2668,18.6905,4,0.2
2026-09-02,DLR,"Digital Realty Trust, Inc.",金融地产,房地产,XLRE,183.76,Bad Market,,201.9876,203.5826,181.5411,0.0289,-1.6377,0.0478,0.1465,0.007,22.0416,3.5,0.3456
2026-09-02,DLTR,"Dollar Tree, Inc.",消费,消费必需品,XLP,131.91,Wait,,138.0691,139.5348,119.6499,0.037,0.3596,0.0884,0.0609,0.1576,19.8849,3.5,0.27
2026-09-02,DOC,"Healthpeak Properties, Inc.",金融地产,医疗地产,XLRE,21.03,Bad Market,,22.0003,22.1267,21.5563,0.02,-0.0522,-0.0748,0.1213,0.0422,0.5704,3,0.4992
2026-09-02,DOW,Dow Inc.,基础材料,化工,XLB,31.28,Wait,,33.2128,33.521,29.6348,0.0328,0.4464,-0.1565,0.1127,0.0611,3.8861,3.5,0.3045
2026-09-02,DSX,Diana Shipping inc.,航运,海运,SEA,3.01,Too High,,2.8101,2.8438,2.3868,0.0373,3.676,0.0569,0.4286,0.2214,0.457,3.5,0.2679
2026-09-02,DTM,"DT Midstream, Inc.",油气,油气中游,AMLP,128.89,Wait,,138.1889,139.2708,138.1178,0.028,-0.8826,0.0479,0.1694,0.126,1.153,3.5,0.3574
2026-09-02,DUK,Duke Energy Corporation (Holdin,公用电力,电力,XLU,120.56,Bad Market,,125.8375,126.4301,124.5947,0.0164,-0.9549,-0.0807,0.1833,0.0742,1.8353,3,0.5
2026-09-02,DVN,Devon Energy Corporation,油气,油气勘探开发,XLE,49.03,Wait,,49.7903,50.1664,44.9119,0.0256,2.0168,-0.086,0.2674,0.1437,5.2545,3.5,0.3911
2026-09-02,ECO,Okeanis Eco Tankers Corp.,航运,海运,SEA,69.02,Enter,0.5208,68.6502,69.3602,59.6765,0.0343,2.2745,0.0393,0.2293,0.2103,9.6837,3.5,0.2916
2026-09-02,EFXT,Enerflex Ltd,油气,油气设备服务,XLE,21.32,Wait,,22.6932,22.9643,22.6577,0.0424,0.6104,-0.0282,0.038,0.0944,0.3066,3.5,0.236
2026-09-02,EGO,Eldorado Gold Corporation,矿业,金,GDX,43.15,Wait,,48.5715,49.193,40.8891,0.048,0.6094,0.0946,0.3658,0.1567,8.3039,3.5,0.2083
2026-09-02,EIX,Edison International,公用电力,电力,XLU,55.19,Bad Market,,75.5722,76.7604,64.5366,0.0718,-3.7132,0.5858,0.3226,0.2053,12.2238,4,0.2
2026-09-02,EL,"Estee Lauder Companies, Inc. (T",消费,消费必需品,XLP,101.15,Wait,,107.2215,108.2516,94.1917,0.0339,1.9727,0.0306,0.3667,0.1256,14.0599,3.5,0.2946
2026-09-02,ELAN,Elanco Animal Health Incorporat,医疗健康,动物制药,XLV,24.68,Wait,,26.4668,26.7324,23.3611,0.0359,0.9849,-0.0816,0.0802,0.0155,3.3714,3.5,0.2787
2026-09-02,EMN,Eastman Chemical Company,基础材料,化工,XLB,72.16,Wait,,75.8816,76.4461,68.6946,0.0261,-0.5785,-0.0928,0.0084,0.0595,7.7515,3.5,0.3835
2026-09-02,EMR,Emerson Electric Company,工业,工业机械,XLI,148.98,Bad Market,,165.8698,167.0768,150.298,0.027,-2.3053,-0.0376,0.113,0.0193,16.7788,3.5,0.3703
2026-09-02,ENB,Enbridge Inc,油气,油气中游,AMLP,50.31,Wait,,54.5604,54.8367,54.0975,0.0183,-0.5761,-0.0244,0.3683,0.1943,0.7391,3,0.5
2026-09-02,ENPH,"Enphase Energy, Inc.",公用电力,太阳能,TAN,35.52,Bad Market,,42.7057,43.3143,44.2952,0.0571,-1.7085,-0.3009,0.1501,0.2197,-0.9809,4,0.2
2026-09-02,ENS,EnerSys,工业,锂电池,XLI,180.08,Bad Market,,205.2008,207.4814,207.2125,0.0422,-1.4479,-0.089,0.1168,0.2051,0.2689,3.5,0.2369
2026-09-02,ENTG,"Entegris, Inc.",半导体,半导体材料,SOXX,131.31,Bad Market,,165.4151,167.8229,151.8971,0.0611,-1.9044,-0.1094,0.0534,0.0882,15.9257,4,0.2
2026-09-02,EOG,"EOG Resources, Inc.",油气,油气勘探开发,XLE,148.96,Wait,,154.5396,155.5934,142.5118,0.0236,1.2617,-0.0515,0.0625,0.1405,13.0817,3,0.4241
2026-09-02,EPD,Enterprise Products Partners L.,油气,油气中游,AMLP,39.36,Wait,,39.5782,39.7571,37.4907,0.0152,1.6129,-0.0924,0.2317,0.1577,2.2665,3,0.5
2026-09-02,EQIX,"Equinix, Inc.",数据中心,数据中心,DTCR,1019.24,Bad Market,,1112.2924,1121.7817,1005.2316,0.031,-1.4209,0.1219,0.0457,0.0564,116.55,3.5,0.3222
2026-09-02,EQNR,Equinor ASA,油气,综合油气,XLE,43.58,Wait,,44.6658,44.9959,40.3786,0.0252,2.0266,-0.0505,0.2575,0.2463,4.6173,3.5,0.396
2026-09-02,EQT,EQT Corporation,油气,油气勘探开发,XLE,55.75,Wait,,56.1475,56.5718,50.6398,0.0254,1.4275,-0.0405,0.1848,0.1474,5.932,3.5,0.3942
2026-09-02,EQX,Equinox Gold Corp.,矿业,金,GDX,12.63,Wait,,14.1063,14.2882,11.8573,0.048,0.5936,-0.0498,0.4007,0.0829,2.431,3.5,0.2082
2026-09-02,ERAS,"Erasca, Inc.",医疗健康,生物技术,XBI,16.37,Wait,,19.7353,20.1032,16.3544,0.0749,-1.4261,0.04,0.1448,0.0619,3.7487,4,0.2
2026-09-02,ERIC,Ericsson,科技硬件,通讯设备,XLK,10.04,Wait,,10.4804,10.542,11.6041,0.0204,-0.453,-0.2699,0.0174,0.2202,-1.0621,3,0.489
2026-09-02,ERO,Ero Copper Corp.,矿业,铜,COPX,34.76,Wait,,40.777,41.3424,32.8609,0.0542,-0.6343,0.1107,0.2389,0.0718,8.4815,4,0.2
2026-09-02,EROC,"ERock, Inc.",公用电力,电气设备,GRID,11.21,Bad Market,,17.6549,18.0373,12.3016,0.1137,-1.4679,-0.0901,0.0141,0.1165,5.7357,4,0.2
2026-09-02,ES,Eversource Energy (D/B/A),公用电力,电力,XLU,70.44,Bad Market,,73.3391,73.7226,71.5554,0.0181,-0.834,-0.1023,0.1369,0.032,2.1671,3,0.5
2026-09-02,ESE,ESCO Technologies Inc.,航空国防,航空航天国防,ITA,266.9,Bad Market,,330.699,333.6701,320.2368,0.0371,-2.7191,-0.0971,0.4387,0.185,13.4333,3.5,0.2695
2026-09-02,ESI,Element Solutions Inc.,基础材料,化工,XLB,34.43,Wait,,39.5643,40.0061,43.9359,0.0428,-1.6515,-0.0954,0.2236,0.1921,-3.9299,3.5,0.2338
2026-09-02,ESTC,Elastic N.V.,软件,软件,IGV,89.58,Wait,,100.9516,102.5141,79.0773,0.0581,1.2497,0.353,0.3114,0.2493,23.4368,4,0.2
2026-09-02,ETN,"Eaton Corporation, PLC",工业,工业机械,XLI,390.85,Bad Market,,463.8685,468.1257,410.2931,0.0363,-2.7864,-0.0695,0.3492,0.0319,57.8326,3.5,0.2754
2026-09-02,ETR,Entergy Corporation,公用电力,电力,XLU,106.75,Bad Market,,109.9038,110.5302,110.0669,0.0196,-0.0407,-0.0572,0.0666,0.0752,0.4632,3,0.5
2026-09-02,ETSY,"Etsy, Inc.",消费,互联网零售,XLY,81.72,Bad Market,,87.8472,88.8029,75.8803,0.039,-0.0507,0.0397,0.0371,0.0995,12.9226,3.5,0.2565
2026-09-02,EVRG,"Evergy, Inc.",公用电力,电力,XLU,80.77,Bad Market,,84.7053,85.1106,84.0779,0.0167,-1.2464,-0.0541,0.1881,0.0686,1.0326,3,0.5
2026-09-02,EW,Edwards Lifesciences Corporatio,医疗健康,医疗器械,IHI,90.82,Wait,,94.5682,95.1673,89.1889,0.022,-0.0501,-0.1014,0.1266,0.0807,5.9785,3,0.4548
2026-09-02,EXC,Exelon Corporation,公用电力,电力,XLU,43.97,Bad Market,,46.2859,46.5415,45.3244,0.0194,-0.9913,-0.0658,0.2287,0.0902,1.2171,3,0.5
2026-09-02,EXE,Expand Energy Corporation,油气,油气勘探开发,XLE,99.32,Wait,,100.9732,101.6622,93.0903,0.0231,1.5145,-0.0903,0.184,0.183,8.5719,3,0.4325
2026-09-02,EXK,Endeavour Silver Corporation,矿业,银,SIL,11.13,Wait,,11.4295,11.6237,8.7104,0.0582,1.1376,0.0339,0.3571,0.1145,2.9133,4,0.2
2026-09-02,EXPE,"Expedia Group, Inc.",消费,在线旅游,XLY,308.06,Bad Market,,342.2106,345.9205,295.8479,0.0401,-1.1709,0.0775,0.0609,0.1955,50.0726,3.5,0.2491
2026-09-02,EXTR,"Extreme Networks, Inc.",科技硬件,网络,XLK,22.01,Wait,,32.5601,32.8714,30.078,0.0471,-1.3824,-0.1217,0.4255,0.2378,2.7934,3.5,0.2121
2026-09-02,F,Ford Motor Company,消费,可选消费,XLY,14.14,Bad Market,,14.6414,14.7639,13.8513,0.0289,0.3136,-0.1122,0.0626,0.054,0.9125,3.5,0.3464
2026-09-02,FANG,"Diamondback Energy, Inc.",油气,油气勘探开发,XLE,203.42,Wait,,213.0542,214.7973,190.6836,0.0286,0.407,-0.0328,0.0683,0.0768,24.1137,3.5,0.3501
2026-09-02,FAST,Fastenal Company,工业,工业分销,XLI,47.93,Bad Market,,52.8593,53.1803,49.1696,0.0223,-2.837,-0.0518,0.0144,0.0553,4.0108,3,0.4479
2026-09-02,FCX,"Freeport-McMoRan, Inc.",矿业,铜,COPX,73.93,Wait,,80.6493,81.504,69.9391,0.0385,0.6675,0.0133,0.2544,0.0433,11.5648,3.5,0.2595
2026-09-02,FE,FirstEnergy Corp.,公用电力,电力,XLU,46.29,Bad Market,,48.8321,49.0733,47.5075,0.0174,-0.6734,-0.066,0.3344,0.0455,1.5658,3,0.5
2026-09-02,FERG,Ferguson Enterprises Inc.,工业,工业分销,XLI,221.23,Bad Market,,265.9923,268.0297,240.0102,0.0307,-3.0817,-0.0043,0.3482,0.0717,28.0195,3.5,0.3258
2026-09-02,FIVE,"Five Below, Inc.",消费,折扣零售,XLY,243.08,Bad Market,,265.1508,267.7812,232.0321,0.0361,0.0113,0.0518,0.2209,0.2277,35.7491,3.5,0.2772
2026-09-02,FIVN,"Five9, Inc.",软件,软件,IGV,33.59,Wait,,34.9161,35.4353,27.6478,0.0515,0.5309,0.0879,0.1988,0.2742,7.7875,4,0.2
2026-09-02,FLEX,Flex Ltd.,科技硬件,电子元件,XLK,105.95,Wait,,131.1864,132.9661,138.3411,0.056,-1.8345,-0.1609,0.1639,0.1716,-5.375,4,0.2
2026-09-02,FLNC,"Fluence Energy, Inc.",公用电力,电力,GRID,10.56,Bad Market,,15.8469,16.1123,21.6514,0.0838,-1.7326,-0.4368,0.4107,0.3622,-5.5391,4,0.2
2026-09-02,FLNG,FLEX LNG Ltd.,航运,海运,SEA,31.78,Wait,,32.7978,33.0531,29.5018,0.0268,0.8685,0.0201,0.0895,0.0578,3.5513,3.5,0.3735
2026-09-02,FLOC,Flowco Holdings Inc.,油气,油气设备服务,XLE,21.76,Wait,,23.9476,24.237,20.3531,0.0443,-0.3705,-0.0177,0.1367,0.0704,3.8839,3.5,0.2255
2026-09-02,FLR,Fluor Corporation,工业,建筑,XLI,56.6,Bad Market,,57.566,58.2114,49.4708,0.038,1.7293,-0.0103,0.1904,0.0883,8.7405,3.5,0.2631
2026-09-02,FLS,Flowserve Corporation,工业,工业机械,XLI,77.74,Bad Market,,83.5774,84.3065,74.2933,0.0313,-0.8805,-0.1147,0.0522,0.0289,10.0132,3.5,0.3199
2026-09-02,FN,Fabrinet,科技硬件,光通信,XLK,395.35,Wait,,604.7298,613.9545,512.5845,0.0778,-3.013,-0.191,0.1261,0.2152,101.37,4,0.2
2026-09-02,FORM,"FormFactor, Inc.",半导体,半导体材料,SOXX,96.58,Bad Market,,139.7838,142.2196,127.4536,0.0841,-2.3402,-0.1251,0.1204,0.1564,14.7659,4,0.2
2026-09-02,FOXA,Fox Corporation,通讯服务,影视娱乐,XLC,67.52,Bad Market,,71.0052,71.5642,63.8081,0.0276,0.5919,-0.0367,0.3259,0.2073,7.7561,3.5,0.3623
2026-09-02,FPS,"Forgent Power Solutions, Inc.",工业,电气设备,XLI,29.42,Bad Market,,40.0896,40.734,54.8183,0.073,-2.6016,-0.2731,0.3236,0.3745,-14.0843,4,0.2
2026-09-02,FRO,Frontline Plc,航运,海运,SEA,45.42,Too High,,44.9042,45.3787,38.914,0.0348,2.2485,0.0325,0.2638,0.1167,6.4647,3.5,0.2872
2026-09-02,FROG,JFrog Ltd.,软件,软件,IGV,91.73,Wait,,105.229,107.0276,80.0494,0.0654,-0.0036,0.1819,0.137,0.0717,26.9782,4,0.2
2026-09-02,FRSH,Freshworks Inc.,软件,软件,IGV,13.19,Wait,,14.0519,14.2032,12.1549,0.0382,0.982,0.01,0.2316,0.2397,2.0482,3.5,0.2615
2026-09-02,FSLR,"First Solar, Inc.",公用电力,太阳能,TAN,202.6,Bad Market,,252.076,254.9055,240.4993,0.0466,-1.9139,-0.1804,0.2761,0.2484,14.4062,3.5,0.2148
2026-09-02,FSLY,"Fastly, Inc.",软件,软件,IGV,20.43,Wait,,30.3866,30.9365,22.6878,0.0897,-2.6049,0.0063,0.0821,0.0378,8.2487,4,0.2
2026-09-02,FTI,TechnipFMC plc,油气,油气设备服务,XLE,79.67,Wait,,80.6067,81.3334,71.3321,0.0304,1.6375,0.0418,0.4467,0.1586,10.0012,3.5,0.3289
2026-09-02,FTNT,"Fortinet, Inc.",软件,网络安全,IGV,154.54,Wait,,174.3254,176.5622,146.6835,0.0482,-0.7459,0.2233,0.0881,0.0255,29.8787,3.5,0.2073
2026-09-02,FUL,H. B. Fuller Company,基础材料,材料,XLB,53.91,Wait,,64.1191,64.6701,58.4322,0.0341,-2.8669,-0.0752,0.1242,0.1807,6.2378,3.5,0.2935
2026-09-02,GD,General Dynamics Corporation,航空国防,航空航天国防,ITA,364.07,Bad Market,,399.5392,401.6807,374.5551,0.0196,-3.098,-0.0489,0.246,0.0219,27.1256,3,0.5
2026-09-02,GE,GE Aerospace,航空国防,航空航天国防,ITA,329.5,Bad Market,,384.515,387.1877,350.0389,0.027,-3.1238,-0.0787,0.3076,0.0435,37.1488,3.5,0.3699
2026-09-02,GEHC,GE HealthCare Technologies Inc.,医疗健康,医疗器械,IHI,70.56,Wait,,75.5256,76.0309,69.7673,0.0239,-1.2568,-0.1331,0.0555,0.0953,6.2636,3,0.4189
2026-09-02,GEL,"Genesis Energy, L.P.",油气,油气中游,AMLP,16.25,Wait,,16.7325,16.8566,15.1225,0.0255,0.8535,-0.1045,0.1871,0.1808,1.7341,3.5,0.3929
2026-09-02,GEN,Gen Digital Inc.,软件,网络安全,IGV,30.65,Wait,,31.3265,31.6107,27.7042,0.0309,1.7147,0.0512,0.2267,0.2385,3.9065,3.5,0.3235
2026-09-02,GENB,"Generate Biomedicines, Inc.",医疗健康,生物制药,XBI,16.28,Wait,,20.6724,21.111,14.5323,0.0898,0.3718,0.2012,0.1179,0.0891,6.5787,4,0.2
2026-09-02,GEV,GE Vernova Inc.,公用电力,电气设备,GRID,921.94,Bad Market,,1088.2194,1101.4703,1020.2658,0.0479,-1.3625,-0.0837,0.2193,0.0363,81.2046,3.5,0.2087
2026-09-02,GFI,Gold Fields Limited,矿业,金,GDX,44.92,Wait,,49.3192,49.8624,42.533,0.0403,0.8986,-0.037,0.4099,0.0984,7.3294,3.5,0.2481
2026-09-02,GFS,GlobalFoundries Inc.,半导体,半导体,SOXX,43.97,Bad Market,,55.0662,55.7954,79.9468,0.0553,-2.0617,-0.2845,0.1893,0.3483,-24.1514,4,0.2
2026-09-02,GH,"Guardant Health, Inc.",医疗健康,诊断检测,XLV,163.06,Wait,,172.5506,174.9489,142.9397,0.049,-0.1149,0.1045,0.0512,0.1462,32.0092,3.5,0.204
2026-09-02,GILD,"Gilead Sciences, Inc.",医疗健康,制药,XLV,149.61,Wait,,151.4161,152.5567,136.6132,0.0254,2.1206,0.0277,0.4176,0.2367,15.9435,3.5,0.3935
2026-09-02,GKOS,Glaukos Corporation,医疗健康,医疗器械,IHI,179.53,Wait,,191.3453,193.212,167.7719,0.0347,-0.4027,-0.0145,0.1665,0.3591,25.4401,3.5,0.2885
2026-09-02,GLNG,Golar LNG Limited,油气,油气中游,AMLP,53.13,Enter,0.257,53.0213,53.4443,47.5549,0.0265,1.1826,-0.0048,0.3425,0.0641,5.8894,3.5,0.3768
2026-09-02,GLW,Corning Incorporated,科技硬件,电子元件,XLK,144.13,Wait,,174.9811,177.6379,220.2672,0.0614,-1.3229,-0.2324,0.0228,0.097,-42.6293,4,0.2
2026-09-02,GM,General Motors Company,消费,汽车,XLY,84.87,Bad Market,,90.1987,90.8467,82.7402,0.0255,-0.7905,-0.0763,0.1331,0.0127,8.1065,3.5,0.3929
2026-09-02,GMAB,Genmab A/S,医疗健康,生物制药,XBI,34.215,Wait,,34.7022,34.9584,31.7978,0.025,2.0994,0.0344,0.4669,0.3995,3.1606,3,0.4006
2026-09-02,GNK,Genco Shipping & Trading Limite,航运,海运,SEA,27.0,Wait,,27.59,27.8728,24.0205,0.0349,1.1393,0.0914,0.0903,0.1302,3.8523,3.5,0.2864
2026-09-02,GOOGL,Alphabet Inc.,通讯服务,互联网媒体,XLC,337.12,Bad Market,,381.0212,383.511,352.7521,0.0246,-1.122,-0.1462,0.4086,0.0982,30.7589,3,0.4062
2026-09-02,GPN,Global Payments Inc.,金融地产,支付,XLF,92.81,Wait,,95.7581,96.5871,85.1585,0.0298,0.7509,-0.0394,0.2264,0.2704,11.4286,3.5,0.3359
2026-09-02,GRDN,"Guardian Pharmacy Services, Inc",医疗健康,药房,XLV,39.04,Wait,,44.2204,44.7068,38.1557,0.0415,0.2501,-0.0415,0.1088,0.0842,6.5511,3.5,0.2408
2026-09-02,GRMN,Garmin Ltd.,消费,可选消费,XLY,276.04,Bad Market,,315.9204,318.181,286.7865,0.0273,-2.9265,0.019,0.4153,0.1729,31.3945,3.5,0.3663
2026-09-02,GS,"Goldman Sachs Group, Inc. (The)",金融地产,投行,XLF,1004.42,Wait,,1070.4242,1078.2882,1060.3233,0.0261,-1.194,-0.1057,0.0845,0.0773,17.9649,3.5,0.3832
2026-09-02,GSAT,"Globalstar, Inc.",航空国防,卫星通信,ITA,81.46,Bad Market,,84.5857,84.8291,81.746,0.01,-1.3508,-0.4299,0.4172,0.0131,3.0831,3,0.5
2026-09-02,GSK,GSK plc,医疗健康,制药,XLV,50.44,Wait,,53.4644,53.7848,50.5063,0.0212,-0.7997,-0.0445,0.0736,0.0474,3.2785,3,0.4723
2026-09-02,GTLB,GitLab Inc.,软件,软件,IGV,49.59,Too High,,47.0586,47.8364,36.1686,0.0523,3.0216,0.2717,0.4658,0.3495,11.6678,4,0.2
2026-09-02,HAE,Haemonetics Corporation,医疗健康,医疗器械,IHI,102.92,Wait,,109.8292,110.7537,98.0146,0.0299,1.5891,0.0614,0.3838,0.3228,12.7391,3.5,0.334
2026-09-02,HAFN,Hafnia Limited,航运,海运,SEA,8.88,Too High,,8.6788,8.7567,7.6817,0.0292,3.8803,0.0499,0.3557,0.1759,1.075,3.5,0.3422
2026-09-02,HAL,Halliburton Company,油气,油气设备服务,XLE,37.63,Too High,,37.2263,37.5523,34.377,0.0289,2.98,-0.0203,0.41,0.0168,3.1753,3.5,0.3463
2026-09-02,HALO,"Halozyme Therapeutics, Inc.",医疗健康,生物制药,XBI,109.66,Wait,,110.4166,111.3028,98.9811,0.0269,2.2524,0.1054,0.5797,0.4486,12.3217,3.5,0.3712
2026-09-02,HBM,Hudbay Minerals Inc.,矿业,铜,COPX,27.32,Wait,,31.0632,31.4704,26.0394,0.0497,-0.5625,-0.012,0.2124,0.0328,5.431,3.5,0.2013
2026-09-02,HCC,"Warrior Met Coal, Inc.",矿业,焦煤,XME,108.53,Wait,,109.3453,110.6744,92.7541,0.0408,1.849,0.0543,0.5671,0.1242,17.9203,3.5,0.245
2026-09-02,HD,"Home Depot, Inc. (The)",消费,家居零售,XLY,318.51,Bad Market,,358.8051,361.0865,335.0864,0.0239,-2.7856,-0.088,0.2366,0.0417,26.0,3,0.4188
2026-09-02,HEI,Heico Corporation,航空国防,航空航天国防,ITA,322.9,Bad Market,,377.899,380.8863,339.8185,0.0308,-3.4039,0.0077,0.3993,0.0567,41.0678,3.5,0.3243
2026-09-02,HESM,Hess Midstream LP,油气,油气中游,AMLP,40.03,Wait,,41.1703,41.4108,38.4252,0.02,0.2158,-0.0226,0.0898,0.1214,2.9856,3,0.4994
2026-09-02,HHH,Howard Hughes Holdings Inc.,金融地产,房地产,XLRE,63.18,Bad Market,,68.8318,69.2878,70.1997,0.0241,-2.0604,-0.092,0.1058,0.0805,-0.9119,3,0.4156
2026-09-02,HIMX,"Himax Technologies, Inc.",半导体,半导体,SOXX,13.495,Bad Market,,15.5489,15.7571,15.763,0.0514,-0.9679,-0.2954,0.0804,0.1476,-0.0059,4,0.2
2026-09-02,HLN,Haleon plc,消费,消费必需品,XLP,9.91,Wait,,10.2642,10.3147,9.7749,0.017,-0.2287,-0.0694,0.0608,0.1409,0.5397,3,0.5
2026-09-02,HNGE,"Hinge Health, Inc.",医疗健康,医疗科技,XLV,91.85,Wait,,93.7685,95.1396,76.8539,0.0498,0.7904,0.1923,0.2878,0.2202,18.2856,3.5,0.201
2026-09-02,HP,"Helmerich & Payne, Inc.",油气,油气设备服务,XLE,47.64,Too High,,46.6864,47.199,40.2294,0.0359,3.2079,0.1136,0.5805,0.2313,6.9696,3.5,0.2788
2026-09-02,HPE,Hewlett Packard Enterprise Comp,科技硬件,IT,XLK,51.83,Wait,,60.3544,61.1561,49.1311,0.0516,-0.9795,0.0758,0.056,0.0377,12.025,4,0.2
2026-09-02,HPQ,HP Inc.,科技硬件,硬件,XLK,31.99,Enter,0.8019,31.6399,32.0765,26.2267,0.0455,1.5427,0.2108,0.2716,0.2124,5.8498,3.5,0.2198
2026-09-02,HRB,"H&R Block, Inc.",消费,消费服务,XLY,50.96,Bad Market,,54.6896,55.2407,47.7501,0.036,-0.0,0.0814,0.269,0.2864,7.4906,3.5,0.2774
2026-09-02,HTFL,"Heartflow, Inc.",医疗健康,医疗科技,XLV,50.0,Wait,,50.93,51.6518,42.0085,0.0481,3.7406,0.1133,0.7894,0.2746,9.6433,3.5,0.2078
2026-09-02,HUN,Huntsman Corporation,基础材料,化工,XLB,9.71,Wait,,10.5371,10.6615,14.4392,0.0427,-0.6381,-0.2781,0.0888,0.3348,-3.7778,3.5,0.2343
2026-09-02,HUT,Hut 8 Corp.,数据中心,数据中心,DTCR,80.68,Bad Market,,113.6769,116.0723,92.5019,0.099,-0.5338,-0.0887,0.3494,0.147,23.5703,4,0.2
2026-09-02,HWKN,"Hawkins, Inc.",基础材料,化工,XLB,126.37,Wait,,136.5537,137.9528,149.1871,0.0369,0.2896,-0.1619,0.1432,0.2493,-11.2343,3.5,0.271
2026-09-02,HWM,Howmet Aerospace Inc.,航空国防,航空航天国防,ITA,252.96,Bad Market,,295.1796,297.9997,259.7482,0.0372,-2.4577,0.0688,0.3275,0.0774,38.2515,3.5,0.2691
2026-09-02,IAG,Iamgold Corporation,矿业,金,GDX,20.2,Wait,,22.372,22.6542,18.8776,0.0466,0.9073,0.0237,0.3814,0.0843,3.7766,3.5,0.2147
2026-09-02,IBKR,"Interactive Brokers Group, Inc.",金融地产,券商,XLF,89.12,Wait,,99.0812,100.1041,86.2567,0.0383,-0.9276,0.0344,0.0337,0.0349,13.8474,3.5,0.2614
2026-09-02,IBM,International Business Machines,科技硬件,IT,XLK,231.7,Wait,,241.107,243.1332,282.4914,0.0291,-0.4264,-0.2725,0.0734,0.115,-39.3582,3.5,0.3431
2026-09-02,IMNM,"Immunome, Inc.",医疗健康,生物制药,XBI,27.33,Wait,,30.0983,30.4921,25.2312,0.048,-0.0672,0.0495,0.2344,0.2829,5.2608,3.5,0.2082
2026-09-02,IMOS,ChipMOS TECHNOLOGIES INC.,半导体,半导体,SOXX,56.15,Bad Market,,59.8482,60.7004,64.4265,0.0506,0.3224,-0.1635,0.2154,0.0301,-3.726,4,0.2
2026-09-02,INCY,Incyte Corporation,医疗健康,生物制药,XBI,128.83,Wait,,131.0083,132.0486,117.7934,0.0269,1.401,-0.0087,0.3134,0.259,14.2551,3.5,0.3715
2026-09-02,INFQ,"Infleqtion, Inc.",科技硬件,量子计算,QTUM,12.65,Bad Market,,14.512,14.8001,12.1192,0.0759,-0.0292,-0.1847,0.1377,0.0657,2.6809,4,0.2
2026-09-02,INGM,Ingram Micro Holding Corporatio,科技硬件,IT,XLK,27.69,Wait,,29.5669,29.8475,27.1268,0.0338,-0.51,-0.0631,0.0225,0.0904,2.7207,3.5,0.2961
2026-09-02,INSW,"International Seaways, Inc.",航运,海运,SEA,101.19,Enter,0.2185,100.9619,102.0061,87.768,0.0344,1.416,0.0201,0.1577,0.1857,14.238,3.5,0.2907
2026-09-02,INTC,Intel Corporation,半导体,半导体,SOXX,90.05,Bad Market,,105.6043,107.1708,120.0538,0.058,-0.9859,-0.2041,0.018,0.1712,-12.8831,4,0.2
2026-09-02,IONQ,"IonQ, Inc.",科技硬件,量子计算,QTUM,37.64,Bad Market,,47.3937,48.2243,50.1059,0.0736,-1.739,-0.2062,0.0309,0.2328,-1.8816,4,0.2
2026-09-02,IPGP,IPG Photonics Corporation,科技硬件,光电,XLK,76.48,Wait,,94.9922,96.3754,101.5669,0.0603,-0.8916,-0.2365,0.1779,0.239,-5.1916,4,0.2
2026-09-02,IRDM,Iridium Communications Inc,航空国防,卫星通信,ITA,46.97,Bad Market,,50.6697,51.051,51.2714,0.0271,-1.192,-0.3425,0.1095,0.0287,-0.2204,3.5,0.3695
2026-09-02,IREN,IREN LIMITED,数据中心,数据中心,DTCR,39.6,Bad Market,,45.5993,46.6483,46.8638,0.0883,-0.3255,-0.1499,0.0038,0.1764,-0.2155,4,0.2
2026-09-02,JBL,Jabil Inc.,科技硬件,电子元件,XLK,299.39,Wait,,373.3539,377.3743,338.7248,0.0448,-2.3626,-0.0965,0.1067,0.19,38.6495,3.5,0.2234
2026-09-02,JEF,Jefferies Financial Group Inc.,金融地产,投行,XLF,52.9,Wait,,57.149,57.6354,57.1351,0.0307,-0.6587,-0.1448,0.2213,0.1645,0.5004,3.5,0.3263
2026-09-02,JNJ,Johnson & Johnson,医疗健康,制药,XLV,275.21,Wait,,276.1621,277.8603,256.4278,0.0206,1.7132,0.057,0.3427,0.2119,21.4326,3,0.4862
2026-09-02,JPM,JP Morgan Chase & Co.,金融地产,银行,XLF,356.22,Wait,,368.0651,369.7962,347.8692,0.0162,-0.3346,-0.1109,0.0694,0.2031,21.927,3,0.5
2026-09-02,KALU,Kaiser Aluminum Corporation,基础材料,铝加工,XLB,162.59,Wait,,195.0465,197.5313,162.4997,0.0509,-0.7393,0.0182,0.0117,0.0767,35.0316,4,0.2
2026-09-02,KEYS,Keysight Technologies Inc.,科技硬件,科技仪器,XLK,321.58,Wait,,364.3658,367.8306,332.9167,0.0359,-0.9623,-0.0729,0.0022,0.085,34.9139,3.5,0.2784
2026-09-02,KGS,"Kodiak Gas Services, Inc.",油气,油气中游,AMLP,61.43,Wait,,66.7343,67.6148,65.9977,0.0478,0.2687,0.071,0.1041,0.0844,1.6171,3.5,0.2093
2026-09-02,KHC,The Kraft Heinz Company,消费,消费必需品,XLP,26.26,Wait,,26.9026,27.1076,25.2281,0.026,1.4369,0.0011,0.0192,0.0942,1.8796,3.5,0.3842
2026-09-02,KKR,KKR & Co. Inc.,金融地产,私募股权,XLF,106.43,Wait,,116.3643,117.4393,102.7584,0.0337,-0.5265,-0.0397,0.0029,0.082,14.6809,3.5,0.297
2026-09-02,KLAC,KLA Corporation,半导体,半导体,SOXX,172.26,Bad Market,,211.1922,213.9255,265.2661,0.0529,-2.006,-0.1974,0.1151,0.1788,-51.3407,4,0.2
2026-09-02,KLIC,"Kulicke and Soffa Industries, I",半导体,半导体,SOXX,78.95,Bad Market,,102.788,104.315,113.4501,0.0645,-1.8869,-0.1484,0.1994,0.1791,-9.1351,4,0.2
2026-09-02,KMI,"Kinder Morgan, Inc.",油气,油气中游,AMLP,31.97,Wait,,33.1897,33.4216,30.8712,0.0242,0.348,0.0594,0.0681,0.0269,2.5504,3,0.4136
2026-09-02,KMX,CarMax Inc,消费,汽车零售,XLY,61.43,Bad Market,,64.8343,65.389,57.7486,0.0301,0.6504,-0.0873,0.1542,0.1565,7.6404,3.5,0.3322
2026-09-02,KNOP,KNOT Offshore Partners LP,航运,海运,SEA,11.29,Too High,,11.0829,11.1851,9.8172,0.0302,1.8941,0.0266,0.2428,0.1127,1.3679,3.5,0.3313
2026-09-02,KNSA,Kiniksa Pharmaceuticals Interna,医疗健康,制药,XLV,79.89,Wait,,81.5989,82.3718,71.9025,0.0322,0.5642,-0.0026,0.2649,0.2977,10.4693,3.5,0.3101
2026-09-02,KNTK,Kinetik Holdings Inc.,油气,油气中游,AMLP,54.12,Wait,,55.6412,56.0839,49.9356,0.0273,0.7716,-0.0211,0.2954,0.2043,6.1483,3.5,0.3668
2026-09-02,KO,Coca-Cola Company (The),消费,消费必需品,XLP,88.24,Wait,,92.737,93.1852,87.508,0.0169,-0.2667,-0.0267,0.1003,0.1521,5.6772,3,0.5
2026-09-02,KOD,Kodiak Sciences Inc,医疗健康,生物技术,XBI,37.5,Wait,,45.9067,46.6668,35.2653,0.0676,-1.2188,-0.0756,0.0964,0.0524,11.4015,4,0.2
2026-09-02,LAES,SEALSQ Corp,半导体,半导体,SOXX,2.36,Bad Market,,3.039,3.0825,2.7898,0.0615,-1.6166,-0.3229,0.082,0.2163,0.2928,4,0.2
2026-09-02,LBRT,Liberty Energy Inc.,油气,油气设备服务,XLE,20.11,Wait,,22.4524,22.771,23.8219,0.0528,-0.0113,-0.1662,0.098,0.2133,-1.0509,4,0.2
2026-09-02,LFST,"LifeStance Health Group, Inc.",医疗健康,医疗服务,XLV,12.89,Wait,,12.9589,13.1002,11.1819,0.0365,1.7669,0.1519,0.4116,0.3245,1.9183,3.5,0.2737
2026-09-02,LHX,"L3Harris Technologies, Inc.",航空国防,航空航天国防,ITA,261.31,Bad Market,,294.4331,296.4609,289.5123,0.0259,-2.2018,-0.1337,0.2219,0.179,6.9486,3.5,0.3866
2026-09-02,LIN,Linde plc,基础材料,化工气体,XLB,487.45,Wait,,496.6405,499.1487,521.5572,0.0172,0.1956,-0.1342,0.0923,0.1259,-22.4085,3,0.5
2026-09-02,LITE,Lumentum Holdings Inc.,科技硬件,光通信,XLK,870.58,Wait,,982.807,1003.6674,690.7608,0.0799,-0.1592,-0.0386,0.0917,0.0371,312.9067,4,0.2
2026-09-02,LLY,Eli Lilly and Company,医疗健康,制药,XLV,1160.08,Wait,,1291.9408,1302.9595,1151.7875,0.0317,-1.2644,0.0071,0.0868,0.029,151.1721,3.5,0.3158
2026-09-02,LMT,Lockheed Martin Corporation,航空国防,航空航天国防,ITA,531.55,Bad Market,,613.9955,618.2681,558.8328,0.0268,-3.4356,-0.02,0.2766,0.0024,59.4353,3.5,0.3732
2026-09-02,LNG,"Cheniere Energy, Inc.",油气,油气中游,XLE,295.86,Wait,,297.0886,299.4382,266.7179,0.0265,2.8018,0.0193,0.4164,0.266,32.7203,3.5,0.3778
2026-09-02,LNT,Alliant Energy Corporation,公用电力,天然气/电力,XLU,67.74,Bad Market,,71.8622,72.2175,74.477,0.0175,-1.1711,-0.0736,0.3206,0.1519,-2.2596,3,0.5
2026-09-02,LOGI,Logitech International S.A. - R,科技硬件,硬件,XLK,99.14,Wait,,109.9414,110.7987,101.6577,0.0288,-0.5544,-0.0941,0.1474,0.1107,9.141,3.5,0.3469
2026-09-02,LPG,Dorian LPG Ltd.,航运,海运,SEA,52.13,Enter,0.5096,51.8413,52.4078,44.7112,0.0362,2.2939,0.0635,0.2553,0.1541,7.6966,3.5,0.2761
2026-09-02,LQDA,Liquidia Corporation,医疗健康,生物制药,XBI,69.68,Wait,,91.8465,93.0713,74.6997,0.0586,-1.6096,0.006,0.2638,0.0158,18.3716,4,0.2
2026-09-02,LRCX,Lam Research Corporation,半导体,半导体设备,SOXX,288.32,Bad Market,,347.119,352.0375,367.7503,0.0569,-1.6004,-0.1323,0.0346,0.1363,-15.7129,4,0.2
2026-09-02,LSCC,Lattice Semiconductor Corporati,半导体,半导体,SOXX,113.88,Bad Market,,139.2369,141.0921,130.533,0.0543,-1.4014,-0.1354,0.1839,0.1488,10.5591,4,0.2
2026-09-02,LTH,"Life Time Group Holdings, Inc.",消费,消费服务,XLY,43.49,Bad Market,,46.1649,46.5587,41.1359,0.0302,-0.5512,0.0206,0.0439,0.2456,5.4227,3.5,0.3313
2026-09-02,LUMN,"Lumen Technologies, Inc.",通讯服务,电信,XLC,6.81,Bad Market,,6.7915,6.8986,7.1008,0.0525,1.7213,-0.1779,0.0723,0.1572,-0.2022,4,0.2
2026-09-02,LUNR,"Intuitive Machines, Inc.",航空国防,航空航天国防,ITA,14.86,Bad Market,,20.6243,20.9908,20.8737,0.0822,-1.611,-0.3665,0.1155,0.2715,0.1171,4,0.2
2026-09-02,LWLG,"Lightwave Logic, Inc.",科技硬件,电光聚合物材料,XLK,5.05,Wait,,8.2122,8.3655,8.0362,0.1012,-3.1412,-0.3782,0.2302,0.2275,0.3293,4,0.2
2026-09-02,LYB,LyondellBasell Industries NV,基础材料,化工,XLB,66.57,Wait,,68.7657,69.4153,60.5212,0.0325,1.3081,-0.0841,0.212,0.0536,8.8941,3.5,0.3074
2026-09-02,MA,Mastercard Incorporated,金融地产,支付,XLF,588.14,Wait,,604.9461,607.9978,569.3434,0.0173,1.0462,-0.0856,0.1544,0.2829,38.6544,3,0.5
2026-09-02,MANE,"Veradermics, Incorporated",医疗健康,生物制药,XBI,98.46,Wait,,115.6246,117.4765,105.0483,0.0627,-1.262,-0.1273,0.0581,0.0101,12.4282,4,0.2
2026-09-02,MANH,"Manhattan Associates, Inc.",软件,软件,IGV,216.77,Wait,,225.9277,228.2024,197.2216,0.035,1.4534,0.0012,0.451,0.3166,30.9808,3.5,0.2859
2026-09-02,MARA,"MARA Holdings, Inc.",数据中心,数据中心,DTCR,10.47,Bad Market,,12.0559,12.3348,11.1314,0.0888,0.0871,-0.068,0.1226,0.1446,1.2035,4,0.2
2026-09-02,MCD,McDonald's Corporation,消费,餐饮,XLY,260.95,Bad Market,,278.6467,280.0788,273.6096,0.0183,-1.7987,-0.0966,0.0773,0.1448,6.4692,3,0.5
2026-09-02,MCHP,Microchip Technology Incorporat,半导体,半导体,SOXX,72.76,Bad Market,,85.4176,86.3686,91.6153,0.0436,-1.3062,-0.1784,0.0519,0.1994,-5.2468,3.5,0.2295
2026-09-02,MDA,MDA Space Ltd.,航空国防,航空航天国防,ITA,28.02,Bad Market,,35.9332,36.3879,36.0466,0.0541,-2.7955,-0.2299,0.2506,0.1722,0.3413,4,0.2
2026-09-02,MDB,"MongoDB, Inc.",软件,软件,IGV,375.4,Wait,,477.2125,484.5962,373.8401,0.0656,-2.066,0.1525,0.0474,0.0313,110.7561,4,0.2
2026-09-02,MDLN,Medline Inc.,医疗健康,医疗用品,XLV,36.3,Wait,,42.403,42.8417,38.072,0.0403,0.9979,-0.125,0.1839,0.0192,4.7697,3.5,0.2482
2026-09-02,MEOH,Methanex Corporation,基础材料,甲醇,XLB,60.57,Wait,,60.7257,61.4073,52.168,0.0375,1.7537,-0.0149,0.2459,0.0629,9.2393,3.5,0.2666
2026-09-02,META,"Meta Platforms, Inc.",通讯服务,互联网媒体,XLC,592.85,Bad Market,,605.0485,611.1221,610.4518,0.0341,0.9111,-0.0299,0.0152,0.0009,0.6702,3.5,0.2928
2026-09-02,MFC,Manulife Financial Corporation,金融地产,保险,XLF,43.29,Wait,,45.1504,45.3786,42.4878,0.0176,-0.2642,0.0281,0.1699,0.134,2.8907,3,0.5
2026-09-02,MGA,"Magna International, Inc.",消费,汽车零部件,XLY,65.78,Bad Market,,73.7078,74.318,65.9314,0.0309,-1.5028,0.0368,0.069,0.02,8.3865,3.5,0.3234
2026-09-02,MGNI,"Magnite, Inc.",软件,广告技术,IGV,24.88,Wait,,24.9788,25.2829,21.1823,0.0407,1.0872,0.1252,0.4139,0.2748,4.1006,3.5,0.2455
2026-09-02,MGY,Magnolia Oil & Gas Corporation,油气,油气勘探开发,XLE,27.38,Wait,,28.4938,28.7382,25.3686,0.0298,1.1366,-0.0593,0.204,0.011,3.3696,3.5,0.3361
2026-09-02,MHK,"Mohawk Industries, Inc.",消费,家居用品,XLY,129.22,Bad Market,,141.3922,142.6112,125.8782,0.0314,-1.1605,-0.0376,0.082,0.1269,16.7331,3.5,0.318
2026-09-02,MKSI,MKS Inc.,半导体,半导体设备,SOXX,251.38,Bad Market,,323.9565,328.7511,380.8709,0.0636,-2.1795,-0.1504,0.3217,0.1697,-52.1198,4,0.2
2026-09-02,MLI,"Mueller Industries, Inc.",工业,工业金属,XLI,62.07,Bad Market,,70.0807,70.6604,62.9914,0.0311,-1.6251,-0.0049,0.2014,0.1153,7.6691,3.5,0.3212
2026-09-02,MMM,3M Company,工业,工业制造,XLI,168.75,Bad Market,,185.4675,186.5245,173.2104,0.0209,-3.0855,-0.0974,0.2708,0.0973,13.3141,3,0.479
2026-09-02,MNR,Mach Natural Resources LP,油气,油气勘探开发,XLE,12.7,Wait,,13.647,13.7247,12.8633,0.0204,-0.365,-0.1884,0.3417,0.0033,0.8614,3,0.4905
2026-09-02,MNST,Monster Beverage Corporation,消费,消费必需品,XLP,44.42,Wait,,95.7052,97.5731,75.0353,0.1402,-1.5116,0.0652,0.0196,0.132,22.5377,4,0.2
2026-09-02,MOG.A,Moog Inc.,航空国防,航空航天国防,ITA,365.16,Bad Market,,449.0316,453.445,393.8903,0.0403,-2.5259,0.0148,0.171,0.0765,59.5547,3.5,0.2482
2026-09-02,MOS,Mosaic Company (The),基础材料,化肥,MOO,25.78,Too High,,25.0378,25.3619,20.9994,0.0419,2.4098,0.0537,0.3425,0.1205,4.3624,3.5,0.2387
2026-09-02,MPC,Marathon Petroleum Corporation,油气,炼油,XLE,387.0,Enter,0.0409,386.87,390.0452,345.9561,0.0273,3.5694,0.1069,0.5518,0.4624,44.089,3.5,0.3656
2026-09-02,MPLX,MPLX LP,油气,油气中游,AMLP,58.99,Wait,,60.9861,61.2718,57.6533,0.0161,-0.1208,-0.0752,0.0066,0.1156,3.6185,3,0.5
2026-09-02,MRCY,Mercury Systems Inc,航空国防,航空航天国防,ITA,82.57,Bad Market,,114.3748,115.897,105.9142,0.0615,-3.4025,-0.0708,0.3961,0.1793,9.9828,4,0.2
2026-09-02,MRNA,"Moderna, Inc.",医疗健康,生物制药,XBI,150.81,Wait,,177.2135,181.4638,117.7094,0.0939,3.2923,0.7618,0.3845,0.2935,63.7545,4,0.2
2026-09-02,MRVL,"Marvell Technology, Inc.",半导体,半导体,SOXX,206.48,Bad Market,,254.2229,259.0422,246.3225,0.0778,-1.131,-0.0421,0.0614,0.1689,12.7197,4,0.2
2026-09-02,MRX,Marex Group Limited,金融地产,资本市场,XLF,71.67,Wait,,73.7067,74.6874,61.5484,0.0456,0.7963,0.1164,0.2359,0.1012,13.139,3.5,0.2192
2026-09-02,MS,Morgan Stanley,金融地产,投行,XLF,211.82,Wait,,220.4982,221.9898,213.6336,0.0235,-0.6666,-0.0862,0.012,0.0383,8.3562,3,0.426
2026-09-02,MSFT,Microsoft Corporation,软件,软件,IGV,496.82,Wait,,518.4982,521.8937,479.5756,0.0228,0.1835,-0.0586,0.0765,0.2328,42.3181,3,0.439
2026-09-02,MSGE,Madison Square Garden Entertain,通讯服务,影视娱乐,XLC,77.09,Bad Market,,89.1909,89.9391,79.6906,0.0324,-1.2952,0.0346,0.0038,0.0384,10.2486,3.5,0.3091
2026-09-02,MSGS,Madison Square Garden Sports Co,通讯服务,体育娱乐,XLC,387.05,Bad Market,,417.9905,421.2406,376.2024,0.028,-1.06,-0.0051,0.019,0.0251,45.0381,3.5,0.3573
2026-09-02,MT,Arcelor Mittal NY Registry Shar,基础材料,钢铁,XLB,75.13,Wait,,76.1013,76.7139,68.2024,0.0272,0.7458,-0.0421,0.1397,0.0925,8.5115,3.5,0.3679
2026-09-02,MTCH,"Match Group, Inc.",通讯服务,互联网媒体,XLC,42.44,Bad Market,,42.6044,42.9725,37.8861,0.0289,2.5786,0.0562,0.1061,0.1701,5.0864,3.5,0.3459
2026-09-02,MTDR,Matador Resources Company,油气,油气勘探开发,XLE,59.58,Wait,,59.8058,60.3622,52.7191,0.0311,2.6306,-0.0567,0.4588,0.1519,7.6431,3.5,0.3213
2026-09-02,MTRN,Materion Corporation,工业,工业金属,XLI,237.97,Bad Market,,299.9181,304.1754,240.627,0.0596,-1.5133,0.0929,0.1081,0.0288,63.5484,4,0.2
2026-09-02,MTZ,"MasTec, Inc.",工业,建筑,XLI,235.33,Bad Market,,305.4553,309.9181,369.5849,0.0632,-2.0515,-0.13,0.1709,0.2145,-59.6668,4,0.2
2026-09-02,MU,"Micron Technology, Inc.",半导体,半导体,SOXX,956.08,Bad Market,,1022.8538,1039.5094,991.4847,0.0581,0.481,-0.1063,0.239,0.0561,48.0247,4,0.2
2026-09-02,MUFG,"Mitsubishi UFJ Financial Group,",金融地产,银行,XLF,23.42,Enter,0.6693,23.3283,23.4653,21.7301,0.0195,2.1057,0.0257,0.1411,0.1828,1.7352,3,0.5
2026-09-02,MWH,"SOLV Energy, Inc.",公用电力,太阳能,TAN,24.22,Bad Market,,33.0648,33.5669,30.1447,0.0691,-2.7563,-0.1345,0.2926,0.1388,3.4222,4,0.2
2026-09-02,MXL,"MaxLinear, Inc",半导体,半导体,SOXX,60.1,Bad Market,,86.0671,87.9077,103.4886,0.1021,-1.4214,-0.1857,0.0857,0.0934,-15.5809,4,0.2
2026-09-02,NAT,Nordic American Tankers Limited,航运,海运,SEA,7.07,Wait,,7.0907,7.1711,6.0825,0.0379,1.4523,0.0487,0.2222,0.2148,1.0886,3.5,0.2639
2026-09-02,NBIS,Nebius Group N.V.,数据中心,数据中心,DTCR,204.09,Bad Market,,281.4487,287.1017,211.3165,0.0923,-0.9156,-0.0712,0.0314,0.0766,75.7852,4,0.2
2026-09-02,NBIX,"Neurocrine Biosciences, Inc.",医疗健康,生物科技,XBI,157.79,Wait,,167.8079,169.1547,169.7871,0.0285,0.3414,-0.0449,0.1911,0.0121,-0.6324,3.5,0.3515
2026-09-02,NDAQ,"Nasdaq, Inc.",金融地产,资本市场,XLF,95.72,Wait,,100.4272,101.0359,93.3834,0.0212,-0.6819,-0.0995,0.1113,0.0686,7.6525,3,0.4718
2026-09-02,NE,Noble Corporation plc A,油气,油气设备服务,XLE,48.08,Too High,,47.4608,47.9185,41.6407,0.0317,2.2038,-0.0292,0.4824,0.061,6.2778,3.5,0.3152
2026-09-02,NEE,"NextEra Energy, Inc.",公用电力,电力,XLU,83.1,Bad Market,,87.9098,88.3357,85.5313,0.0171,-1.1176,-0.151,0.2961,0.0872,2.8044,3,0.5
2026-09-02,NEM,Newmont Corporation,矿业,金,GDX,125.16,Wait,,136.3916,137.7334,119.4853,0.0357,0.7612,0.0251,0.4121,0.1421,18.2481,3.5,0.2798
2026-09-02,NESR,National Energy Services Reunit,油气,油气设备服务,XLE,34.74,Wait,,36.6574,37.1405,30.6736,0.0464,0.613,0.0897,0.3529,0.1895,6.4669,3.5,0.2157
2026-09-02,NET,"Cloudflare, Inc.",软件,网络安全,IGV,272.74,Wait,,334.1285,339.0763,264.8592,0.0605,-1.5531,0.1219,0.0404,0.089,74.2172,4,0.2
2026-09-02,NFLX,"Netflix, Inc.",通讯服务,流媒体娱乐,XLC,82.73,Bad Market,,83.0573,83.7346,74.3279,0.0273,1.9936,-0.0757,0.3497,0.0146,9.4067,3.5,0.3664
2026-09-02,NGL,NGL ENERGY PARTNERS LP,油气,油气中游,AMLP,18.69,Wait,,19.1569,19.419,15.9125,0.0467,1.479,0.0946,0.2574,0.128,3.5065,3.5,0.2139
2026-09-02,NHC,National HealthCare Corporation,医疗健康,医疗服务,XLV,217.34,Wait,,238.9234,241.1352,210.946,0.0339,-0.9336,0.0205,0.058,0.1081,30.1892,3.5,0.2948
2026-09-02,NI,NiSource Inc,公用电力,天然气/电力,XLU,41.15,Bad Market,,44.9286,45.1677,46.6887,0.0194,-0.6687,-0.0786,0.4043,0.2492,-1.521,3,0.5
2026-09-02,NJR,NewJersey Resources Corporation,公用电力,天然气,XLU,53.64,Bad Market,,58.6076,58.9241,56.8846,0.0197,-0.8435,-0.0896,0.3185,0.0276,2.0395,3,0.5
2026-09-02,NKE,"Nike, Inc.",消费,运动服饰,XLY,38.24,Bad Market,,43.0224,43.3603,41.2574,0.0295,-1.8847,-0.1527,0.2736,0.1685,2.1029,3.5,0.3395
2026-09-02,NMM,Navios Maritime Partners LP,航运,海运,SEA,91.39,Wait,,91.7739,92.5579,81.7134,0.0286,2.8538,0.0806,0.3289,0.2296,10.8445,3.5,0.3497
2026-09-02,NN,NextNav Inc.,科技硬件,软件基础设施,XLK,15.35,Wait,,20.1312,20.4856,15.1702,0.077,-1.3355,-0.1055,0.1377,0.1328,5.3154,4,0.2
2026-09-02,NOG,"Northern Oil and Gas, Inc.",油气,油气勘探开发,XLE,26.6,Wait,,27.606,27.868,24.283,0.0328,1.9967,-0.044,0.5081,0.2365,3.5851,3.5,0.3045
2026-09-02,NOK,Nokia Corporation Sponsored,科技硬件,通讯设备,XLK,9.84,Wait,,10.8784,11.0193,13.1758,0.0477,-0.5354,-0.23,0.0896,0.247,-2.1564,3.5,0.2095
2026-09-02,NRG,"NRG Energy, Inc.",公用电力,电力,XLU,111.09,Bad Market,,139.5809,141.1082,131.5419,0.0458,-1.1307,-0.1355,0.3664,0.1085,9.5663,3.5,0.2182
2026-09-02,NTAP,"NetApp, Inc.",科技硬件,硬件,XLK,180.77,Wait,,208.8877,211.0472,181.8858,0.0398,-1.8492,0.0825,0.0277,0.0996,29.1614,3.5,0.2511
2026-09-02,NTNX,"Nutanix, Inc.",软件,软件,IGV,66.85,Wait,,70.5085,71.2546,61.1353,0.0372,0.4345,0.1061,0.2313,0.3111,10.1193,3.5,0.2688
2026-09-02,NTR,Nutrien Ltd.,基础材料,化肥,MOO,80.29,Too High,,78.4929,79.1476,70.0515,0.0272,4.4471,0.0958,0.5622,0.2425,9.0961,3.5,0.3679
2026-09-02,NU,Nu Holdings Ltd.,金融地产,银行,XLF,15.4,Enter,0.0851,15.384,15.5719,13.0373,0.0407,1.5627,0.1244,0.1273,0.1922,2.5347,3.5,0.2458
2026-09-02,NVDA,NVIDIA Corporation,半导体,半导体,SOXX,224.41,Bad Market,,230.2241,232.497,201.4626,0.0338,0.7102,0.0572,0.1793,0.0503,31.0344,3.5,0.2962
2026-09-02,NVGS,Navigator Holdings Ltd.,航运,海运,SEA,22.51,Wait,,22.5551,22.7345,20.6467,0.0266,1.871,-0.07,0.1025,0.0114,2.0878,3.5,0.3764
2026-09-02,NVO,Novo Nordisk A/S,医疗健康,制药,XLV,46.77,Wait,,49.1277,49.5372,46.8326,0.0292,0.3187,-0.0464,0.0165,0.063,2.7046,3.5,0.3426
2026-09-02,NVTS,Navitas Semiconductor Corporati,半导体,半导体,SOXX,11.21,Bad Market,,14.78,15.08,20.0201,0.0892,-1.682,-0.3341,0.0282,0.3141,-4.9401,4,0.2
2026-09-02,NWE,"NorthWestern Energy Group, Inc.",公用电力,天然气/电力,XLU,70.19,Bad Market,,72.7919,73.2155,69.1842,0.0201,-0.2886,-0.093,0.0826,0.0145,4.0313,3,0.4971
2026-09-02,NXE,Nexgen Energy Ltd.,矿业,铀,URA,10.22,Bad Market,,11.3122,11.4588,9.4999,0.0478,-0.6488,-0.0735,0.1111,0.024,1.9588,3.5,0.2092
2026-09-02,NXPI,NXP Semiconductors N.V.,半导体,半导体,SOXX,228.5,Bad Market,,241.995,244.2968,296.3859,0.0336,-0.0334,-0.2645,0.0537,0.26,-52.0891,3.5,0.2978
2026-09-02,NXT,Nextpower Inc.,公用电力,太阳能,TAN,82.55,Bad Market,,105.8628,107.337,109.4141,0.0595,-2.2513,-0.288,0.1463,0.2328,-2.0771,4,0.2
2026-09-02,NYT,New York Times Company (The),通讯服务,媒体出版,XLC,67.68,Bad Market,,76.2868,76.8215,71.4518,0.0263,0.9908,-0.1251,0.3359,0.0943,5.3697,3.5,0.3797
2026-09-02,OGE,OGE Energy Corp,公用电力,电力,XLU,46.46,Bad Market,,47.8981,48.137,47.5612,0.0171,-0.0678,-0.0697,0.1199,0.0622,0.5758,3,0.5
2026-09-02,OGN,Organon & Co.,医疗健康,制药,XLV,13.77,Wait,,13.7876,13.7982,13.6643,0.0026,1.9865,-0.714,0.6,0.3143,0.1339,3,0.5
2026-09-02,OKE,"ONEOK, Inc.",油气,油气中游,AMLP,96.01,Wait,,98.0301,98.7923,88.1771,0.0265,1.1713,0.0409,0.3168,0.1314,10.6153,3.5,0.3779
2026-09-02,OKLO,Oklo Inc.,公用电力,核能,NLR,39.52,Bad Market,,49.0377,49.9643,48.8153,0.0782,-1.1319,-0.2738,0.0387,0.2027,1.149,4,0.2
2026-09-02,OKTA,"Okta, Inc.",软件,网络安全,IGV,163.15,Wait,,174.9183,177.7357,135.4746,0.0576,1.6029,0.3023,0.1765,0.1964,42.2611,4,0.2
2026-09-02,ON,ON Semiconductor Corporation,半导体,半导体,SOXX,72.34,Bad Market,,84.1034,85.1484,119.3587,0.0482,-1.4089,-0.2952,0.2193,0.2814,-34.2103,3.5,0.2077
2026-09-02,ONDS,Ondas Inc,科技硬件,通讯设备,XLK,7.61,Wait,,9.8898,10.0695,7.3736,0.0787,-1.8015,-0.1987,0.1019,0.1002,2.6959,4,0.2
2026-09-02,OR,OR Royalties Inc.,矿业,金,GDX,36.81,Wait,,39.2881,39.6947,34.1757,0.0368,1.3305,-0.0508,0.3617,0.018,5.519,3.5,0.2716
2026-09-02,ORA,"Ormat Technologies, Inc.",公用电力,再生能源,XLU,104.69,Bad Market,,115.8069,116.848,126.5637,0.0331,-1.0155,-0.075,0.1342,0.2582,-9.7157,3.5,0.3017
2026-09-02,ORCL,Oracle Corporation,软件,软件,IGV,145.75,Wait,,157.6775,159.639,169.7559,0.0449,-0.2105,-0.1846,0.0492,0.2048,-10.1169,3.5,0.2229
2026-09-02,OSCR,"Oscar Health, Inc.",医疗健康,健康保险,XLV,30.33,Wait,,33.1068,33.627,25.8236,0.0572,0.0066,0.0979,0.0219,0.0267,7.8034,4,0.2
2026-09-02,OVV,Ovintiv Inc. (DE),油气,油气勘探开发,XLE,66.91,Wait,,67.4891,68.0187,60.6414,0.0264,1.7189,-0.0256,0.2247,0.2332,7.3773,3.5,0.379
2026-09-02,OXY,Occidental Petroleum Corporatio,油气,油气勘探开发,XLE,60.91,Wait,,62.1291,62.5683,57.1276,0.024,1.4285,-0.1147,0.2992,0.1314,5.4408,3,0.416
2026-09-02,P,"Everpure, Inc.",工业,污水处理,XLI,92.43,Bad Market,,119.3621,121.1653,94.118,0.065,-1.8536,0.1911,0.1484,0.1091,27.0472,4,0.2
2026-09-02,PAA,"Plains All American Pipeline, L",油气,油气中游,AMLP,25.72,Wait,,26.099,26.2424,24.4259,0.0186,3.0311,-0.0061,0.2165,0.248,1.8166,3,0.5
2026-09-02,PAAS,Pan American Silver Corp.,矿业,银,SIL,51.54,Wait,,55.4054,56.0844,46.968,0.0439,0.275,-0.0442,0.2275,0.0086,9.1164,3.5,0.2277
2026-09-02,PACS,"PACS Group, Inc.",医疗健康,医疗服务,XLV,43.09,Wait,,48.8809,49.4485,41.8284,0.0439,-0.832,-0.044,0.0915,0.1513,7.6201,3.5,0.2278
2026-09-02,PANW,"Palo Alto Networks, Inc.",软件,网络安全,IGV,328.48,Wait,,400.0054,406.0136,315.8916,0.061,-1.9933,0.3328,0.0725,0.081,90.122,4,0.2
2026-09-02,PARR,"Par Pacific Holdings, Inc. Comm",油气,炼油,XLE,80.16,Wait,,83.9022,85.2556,67.9853,0.0563,0.8836,0.1629,0.0423,0.2219,17.2703,4,0.2
2026-09-02,PATH,"UiPath, Inc.",软件,软件,IGV,17.99,Wait,,18.8499,19.0897,15.8727,0.0444,2.1727,0.0576,0.4778,0.3579,3.217,3.5,0.2251
2026-09-02,PAY,"Paymentus Holdings, Inc.",软件,软件,IGV,36.28,Wait,,44.9888,45.5721,36.8231,0.0536,-1.4173,0.1749,0.0499,0.2402,8.749,4,0.2
2026-09-02,PAYC,"Paycom Software, Inc.",软件,软件,IGV,236.25,Wait,,241.4625,243.8494,211.2524,0.0337,1.8002,0.0834,0.6591,0.437,32.597,3.5,0.2969
2026-09-02,PBA,Pembina Pipeline Corp.,油气,油气中游,AMLP,48.59,Wait,,49.7932,50.0531,48.7709,0.0178,0.0843,-0.024,0.0453,0.0288,1.2822,3,0.5
2026-09-02,PBF,PBF Energy Inc.,油气,炼油,XLE,75.48,Wait,,76.0267,77.2668,58.6655,0.0548,1.3598,0.204,0.141,0.3023,18.6014,4,0.2
2026-09-02,PBR,Petroleo Brasileiro S.A. Petrob,油气,综合油气,XLE,20.86,Too High,,20.5386,20.7274,18.1274,0.0302,3.8749,0.1371,0.2143,0.2009,2.6,3.5,0.3315
2026-09-02,PCG,Pacific Gas & Electric Co.,公用电力,电力,XLU,13.33,Bad Market,,18.5532,18.8429,14.4968,0.0725,-3.9957,0.6099,0.3721,0.1815,4.3461,4,0.2
2026-09-02,PENG,"Penguin Solutions, Inc.",数据中心,数据中心,DTCR,47.59,Bad Market,,64.6097,65.8243,65.196,0.0851,-1.7815,-0.1623,0.1107,0.0878,0.6283,4,0.2
2026-09-02,PEP,"Pepsico, Inc.",消费,消费必需品,XLP,140.52,Wait,,145.8778,146.6025,139.0032,0.0172,0.0279,-0.1634,0.0365,0.0647,7.5992,3,0.5
2026-09-02,PFE,"Pfizer, Inc.",医疗健康,生物技术,XLV,29.02,Enter,0.9022,28.8602,29.0373,26.7988,0.0203,2.7109,0.0473,0.5109,0.177,2.2385,3,0.4915
2026-09-02,PG,Procter & Gamble Company (The),消费,消费必需品,XLP,147.64,Wait,,149.3182,150.1031,144.9009,0.0177,1.0482,-0.095,0.1078,0.0343,5.2022,3,0.5
2026-09-02,PGR,Progressive Corporation (The),金融地产,保险,XLF,221.38,Wait,,226.1338,227.5115,220.703,0.0207,1.3135,-0.1068,0.1985,0.0951,6.8085,3,0.4821
2026-09-02,PH,Parker-Hannifin Corporation,工业,工业机械,XLI,949.38,Bad Market,,1083.3638,1090.8138,986.9536,0.0262,-3.1964,0.0026,0.1566,0.0435,103.8602,3.5,0.3823
2026-09-02,PK,Park Hotels & Resorts Inc.,金融地产,酒店地产,XLRE,15.56,Bad Market,,16.3256,16.448,14.7421,0.0262,0.6704,0.0077,0.0827,0.103,1.7059,3.5,0.3814
2026-09-02,PL,Planet Labs PBC,航空国防,航空航天国防,ITA,19.99,Bad Market,,25.0038,25.3846,28.053,0.0635,-1.9417,-0.4119,0.1252,0.2408,-2.6684,4,0.2
2026-09-02,PLAB,"Photronics, Inc.",半导体,半导体材料,SOXX,27.87,Bad Market,,33.9651,34.5127,26.7587,0.0655,-1.76,-0.0969,0.2382,0.099,7.7539,4,0.2
2026-09-02,PLD,"Prologis, Inc.",金融地产,工业地产,XLRE,136.59,Bad Market,,145.2986,145.9877,143.1686,0.0168,-1.8575,-0.1735,0.2926,0.1366,2.8191,3,0.5
2026-09-02,PLTR,Palantir Technologies Inc.,软件,软件,IGV,169.46,Wait,,188.0746,190.4429,158.7498,0.0466,-0.6919,0.0599,0.3336,0.1455,31.6931,3.5,0.2147
2026-09-02,PM,Philip Morris International Inc,消费,消费必需品,XLP,187.94,Wait,,195.9794,197.3587,186.377,0.0245,-0.2564,-0.0454,0.0116,0.041,10.9818,3,0.4088
2026-09-02,PNR,Pentair plc.,工业,污水处理,XLI,59.84,Bad Market,,70.4984,71.1064,69.6268,0.0339,-2.4291,-0.1209,0.3267,0.2176,1.4796,3.5,0.2953
2026-09-02,PNW,Pinnacle West Capital Corporati,公用电力,电力,XLU,97.38,Bad Market,,102.3461,102.8538,104.2933,0.0174,-1.1597,-0.086,0.2742,0.121,-1.4395,3,0.5
2026-09-02,POET,POET Technologies Inc.,半导体,半导体,SOXX,7.29,Bad Market,,9.6969,9.8724,11.5912,0.0802,-1.8163,-0.3892,0.0094,0.2783,-1.7188,4,0.2
2026-09-02,POR,Portland General Electric Co,公用电力,电力,XLU,48.69,Bad Market,,51.3164,51.5842,50.4018,0.0183,-0.9975,-0.0708,0.1511,0.0656,1.1823,3,0.5
2026-09-02,POWI,"Power Integrations, Inc.",半导体,半导体,SOXX,50.3,Bad Market,,65.2096,66.139,74.9583,0.0616,-2.4347,-0.1869,0.2509,0.2549,-8.8193,4,0.2
2026-09-02,PPC,Pilgrim's Pride Corporation,基础材料,农业,MOO,31.12,Wait,,32.7412,33.0982,28.2651,0.0382,1.3563,0.0464,0.2395,0.0651,4.8331,3.5,0.2615
2026-09-02,PPL,PPL Corporation,公用电力,电力,XLU,34.54,Bad Market,,36.3285,36.5136,35.169,0.0179,-0.8582,-0.0821,0.1,0.0858,1.3446,3,0.5
2026-09-02,PR,Permian Resources Corporation,油气,油气勘探开发,XLE,23.82,Wait,,24.1082,24.3092,21.5247,0.0281,2.3557,0.0451,0.3133,0.247,2.7845,3.5,0.3555
2026-09-02,PRM,"Perimeter Solutions, SA",基础材料,化工,XLB,30.91,Wait,,37.6635,38.1338,31.5099,0.0507,-1.1056,-0.0287,0.0208,0.0998,6.6239,4,0.2
2026-09-02,PRU,"Prudential Financial, Inc.",金融地产,保险,XLF,119.84,Wait,,126.3284,127.0637,117.777,0.0205,-0.6979,0.0239,0.1274,0.1646,9.2867,3,0.4889
2026-09-02,PSX,Phillips 66,油气,炼油,XLE,256.09,Enter,0.7242,254.5809,256.6647,227.7087,0.0271,3.3503,0.1119,0.5929,0.4493,28.956,3.5,0.3687
2026-09-02,PTEN,"Patterson-UTI Energy, Inc.",油气,油气勘探开发,XLE,13.15,Too High,,12.9215,13.0857,10.8744,0.0416,2.9251,0.0408,0.4126,0.1521,2.2113,3.5,0.2403
2026-09-02,PWR,"Quanta Services, Inc.",工业,建筑工程,XLI,610.78,Bad Market,,728.4178,735.9345,652.4447,0.041,-1.7024,-0.0526,0.2394,0.1322,83.4898,3.5,0.2438
2026-09-02,Q,"Qnity Electronics, Inc.",半导体,半导体材料,SOXX,117.69,Bad Market,,143.8153,145.6534,151.1331,0.0521,-2.2537,-0.1387,0.1989,0.1897,-5.4797,4,0.2
2026-09-02,QBTS,D-Wave Quantum Inc.,科技硬件,量子计算,QTUM,16.49,Bad Market,,22.0802,22.4555,21.2558,0.0759,-2.3207,-0.2523,0.1985,0.1926,1.1997,4,0.2
2026-09-02,QCOM,QUALCOMM Incorporated,半导体,半导体,SOXX,169.96,Bad Market,,172.1796,174.0604,204.1669,0.0369,1.1188,-0.295,0.2747,0.2108,-30.1064,3.5,0.2711
2026-09-02,QLYS,"Qualys, Inc.",软件,软件,IGV,170.83,Wait,,197.7011,200.4326,159.459,0.0533,-1.4668,0.1956,0.1505,0.2206,40.9736,4,0.2
2026-09-02,QMCO,Quantum Corporation,科技硬件,硬件,XLK,22.78,Wait,,26.5064,27.101,18.1821,0.087,1.058,0.3035,0.3934,0.1859,8.9189,4,0.2
2026-09-02,QNT,Quantinuum Inc.,科技硬件,量子计算,QTUM,48.0,Bad Market,,72.599,73.8875,65.99,0.0895,-2.1527,-0.3026,0.1229,0.053,7.8975,4,0.2
2026-09-02,QRVO,"Qorvo, Inc.",半导体,半导体,SOXX,100.63,Bad Market,,100.0863,100.9796,91.558,0.0296,1.441,-0.0559,0.3807,0.0075,9.4216,3.5,0.3379
2026-09-02,QSR,Restaurant Brands International,消费,餐饮,XLY,78.87,Bad Market,,82.3587,82.8607,76.5496,0.0212,1.0377,-0.0416,0.2817,0.0597,6.3111,3,0.4713
2026-09-02,QUBT,Quantum Computing Inc.,科技硬件,量子计算,QTUM,7.84,Bad Market,,9.3265,9.4712,9.1701,0.0615,-1.6369,-0.2902,0.1565,0.1711,0.3011,4,0.2
2026-09-02,RBLX,Roblox Corporation,通讯服务,游戏,XLC,41.21,Bad Market,,41.7405,42.4162,48.9402,0.0547,1.4167,-0.2211,0.2658,0.0513,-6.524,4,0.2
2026-09-02,RBRK,"Rubrik, Inc.",软件,软件,IGV,87.18,Wait,,108.2166,110.0114,83.0889,0.0686,-1.5215,0.2464,0.1465,0.1144,26.9225,4,0.2
2026-09-02,RCAT,"Red Cat Holdings, Inc.",航空国防,航空航天国防,ITA,8.32,Bad Market,,11.2658,11.4695,9.2539,0.0816,-1.7477,-0.2631,0.0071,0.1573,2.2156,4,0.2
2026-09-02,RCL,Royal Caribbean Cruises Ltd.,消费,旅游,XLY,265.6,Bad Market,,330.076,332.709,296.7022,0.033,-3.7025,-0.2002,0.7072,0.1813,36.0068,3.5,0.3026
2026-09-02,RDDT,"Reddit, Inc.",通讯服务,互联网媒体,XLC,158.1,Bad Market,,180.0274,182.9335,164.5222,0.0613,0.2149,-0.0966,0.026,0.0673,18.4113,4,0.2
2026-09-02,RDW,Redwire Corporation,航空国防,航空航天国防,ITA,10.33,Bad Market,,13.7438,13.9746,11.7534,0.0745,-2.3539,-0.3015,0.0719,0.1665,2.2212,4,0.2
2026-09-02,RGEN,Repligen Corporation,医疗健康,生命科学工具,XLV,172.94,Wait,,183.7594,186.0236,155.6139,0.0436,0.1526,0.0867,0.3663,0.2251,30.4097,3.5,0.2291
2026-09-02,RGTI,"Rigetti Computing, Inc.",科技硬件,量子计算,QTUM,14.87,Bad Market,,19.0317,19.3494,18.465,0.0712,-2.1127,-0.2693,0.076,0.1977,0.8843,4,0.2
2026-09-02,RIO,Rio Tinto Plc,矿业,金属采矿,XME,102.75,Wait,,107.8375,108.5043,100.1421,0.0216,0.5439,-0.0622,0.1925,0.0382,8.3622,3,0.4623
2026-09-02,RIOT,"Riot Platforms, Inc.",数据中心,数据中心,DTCR,18.635,Bad Market,,21.9108,22.4371,21.6736,0.0941,-0.7531,-0.024,0.1711,0.1716,0.7635,4,0.2
2026-09-02,RJF,"Raymond James Financial, Inc.",金融地产,券商,XLF,175.95,Wait,,182.9395,184.1201,169.374,0.0224,-0.4956,0.0106,0.0425,0.1953,14.7461,3,0.4471
2026-09-02,RKLB,Rocket Lab Corporation,航空国防,航空航天国防,ITA,63.1,Bad Market,,83.7011,85.0078,91.8279,0.069,-2.4709,-0.3247,0.1736,0.2662,-6.8201,4,0.2
2026-09-02,RMBS,"Rambus, Inc.",半导体,半导体,SOXX,84.72,Bad Market,,102.5553,104.1083,122.5832,0.0611,-1.7297,-0.3246,0.1268,0.2669,-18.4749,4,0.2
2026-09-02,RNG,"Ringcentral, Inc.",软件,软件,IGV,72.58,Too High,,71.4958,72.3539,60.7584,0.0394,2.4078,0.0686,0.5306,0.4161,11.5955,3.5,0.2537
2026-09-02,ROIV,Roivant Sciences Ltd.,医疗健康,生物技术,XLV,34.18,Wait,,37.9218,38.2994,33.1745,0.0368,-1.4821,0.0917,0.0705,0.132,5.1249,3.5,0.2715
2026-09-02,ROK,"Rockwell Automation, Inc.",工业,工业机械,XLI,425.36,Bad Market,,485.2336,488.5486,456.4053,0.026,-1.0449,-0.1272,0.3989,0.0951,32.1433,3.5,0.3849
2026-09-02,ROKU,"Roku, Inc.",通讯服务,流媒体娱乐,XLC,157.7,Bad Market,,160.8261,161.4658,153.3632,0.0135,1.1053,-0.314,0.3786,0.255,8.1026,3,0.5
2026-09-02,RPRX,Royalty Pharma plc,医疗健康,生物技术,XLV,63.11,Enter,0.399,62.9511,63.3493,58.3379,0.021,2.404,0.0438,0.408,0.2176,5.0114,3,0.4755
2026-09-02,RTX,RTX Corporation,航空国防,航空航天国防,ITA,200.78,Bad Market,,227.4978,228.9005,211.4633,0.0233,-3.4758,-0.0096,0.3196,0.1209,17.4372,3,0.4294
2026-09-02,S,"SentinelOne, Inc.",软件,网络安全,IGV,19.68,Wait,,24.0745,24.4262,19.1503,0.0596,-1.7007,0.2259,0.0224,0.1435,5.276,4,0.2
2026-09-02,SAIL,"SailPoint, Inc.",软件,网络安全,IGV,18.31,Wait,,20.7807,21.1118,16.1459,0.0603,-0.5945,0.0974,0.0779,0.1387,4.9659,4,0.2
2026-09-02,SAN,"Banco Santander, S.A. Sponsored",金融地产,银行,XLF,14.75,Wait,,14.961,15.0457,13.9737,0.0191,0.5743,-0.1035,0.1119,0.1586,1.072,3,0.5
2026-09-02,SANM,Sanmina Corporation,科技硬件,电子元件,XLK,187.67,Wait,,219.179,222.4026,216.8396,0.0573,-1.0626,-0.1331,0.0429,0.1811,5.563,4,0.2
2026-09-02,SAP,SAP  SE,软件,软件,IGV,209.69,Wait,,223.6369,225.4643,200.2201,0.029,-0.3396,-0.0176,0.2796,0.2175,25.2442,3.5,0.3442
2026-09-02,SARO,"StandardAero, Inc.",航空国防,航空航天国防,ITA,24.07,Bad Market,,31.2507,31.5111,27.9722,0.0361,-3.0129,-0.1015,0.5493,0.1046,3.5389,3.5,0.2773
2026-09-02,SBGSY,Schneider Electric SE,工业,电气设备,XLI,66.27,Bad Market,,72.2027,72.631,67.2569,0.0215,-2.2249,-0.1522,0.0387,0.0658,5.3741,3,0.4642
2026-09-02,SBLK,Star Bulk Carriers Corp.,航运,海运,SEA,31.82,Too High,,31.4282,31.7007,27.9305,0.0285,2.4229,0.0502,0.298,0.1644,3.7702,3.5,0.3503
2026-09-02,SBS,Companhia de saneamento Basico ,公用电力,污水处理,XLU,5.09,Bad Market,,5.4809,5.5307,5.4786,0.0326,1.3846,0.0072,0.1828,0.098,0.0521,3.5,0.3064
2026-09-02,SBUX,Starbucks Corporation,消费,餐饮,XLY,106.72,Bad Market,,109.6172,110.3689,101.0332,0.0235,0.0477,-0.0498,0.1299,0.0804,9.3356,3,0.4259
2026-09-02,SCCO,Southern Copper Corporation,矿业,铜,COPX,204.26,Wait,,221.7426,224.3089,189.7599,0.0419,0.3984,0.0153,0.199,0.0554,34.549,3.5,0.2388
2026-09-02,SCHW,Charles Schwab Corporation (The,金融地产,券商,XLF,108.24,Wait,,114.7324,115.3894,107.0797,0.0202,-0.7194,-0.0336,0.1003,0.2569,8.3097,3,0.4942
2026-09-02,SEDG,"SolarEdge Technologies, Inc.",公用电力,太阳能,TAN,33.98,Bad Market,,49.2966,50.1015,49.4583,0.079,0.774,-0.3077,0.2766,0.2167,0.6432,4,0.2
2026-09-02,SEZL,Sezzle Inc.,金融地产,消费金融,XLF,121.5,Wait,,180.3201,183.0053,152.7479,0.0737,-0.653,-0.0578,0.2863,0.0697,30.2573,4,0.2
2026-09-02,SFL,SFL Corporation Ltd,航运,海运,SEA,12.47,Wait,,12.7747,12.8731,11.5021,0.0263,0.7775,0.0297,0.0255,0.1092,1.371,3.5,0.3802
2026-09-02,SHAZ,"SharonAI Holdings, Inc.",数据中心,数据中心,DTCR,54.29,Bad Market,,78.2134,80.1835,66.432,0.121,-0.9781,-0.0733,0.0254,0.0671,13.7515,4,0.2
2026-09-02,SHEL,Shell PLC,油气,综合油气,XLE,92.8,Wait,,94.3601,94.7861,89.3896,0.0153,1.1601,-0.0839,0.0903,0.1909,5.3965,3,0.5
2026-09-02,SHIP,Seanergy Maritime Holdings Corp,航运,海运,SEA,18.6,Too High,,18.356,18.5651,15.73,0.0375,2.171,-0.0126,0.0515,0.1046,2.8352,3.5,0.2668
2026-09-02,SHOP,Shopify Inc.,软件,电商软件,IGV,141.87,Wait,,159.9487,161.7369,137.6679,0.042,-1.3718,-0.0508,0.2631,0.1532,24.069,3.5,0.238
2026-09-02,SHW,Sherwin-Williams Company (The),基础材料,化工,XLB,331.25,Wait,,373.0425,375.4873,345.2825,0.0246,-2.6555,-0.0782,0.2306,0.0367,30.2048,3,0.4065
2026-09-02,SIMO,Silicon Motion Technology Corpo,半导体,半导体,SOXX,242.51,Bad Market,,276.5095,282.2237,260.7107,0.0785,-0.3737,-0.0548,0.0336,0.0444,21.513,4,0.2
2026-09-02,SIND,Sinda Ltd.,矿业,银,SIL,16.25,Wait,,18.2214,18.6734,,0.0927,-0.064,,0.2226,,,4,0.2
2026-09-02,SITM,SiTime Corporation,半导体,半导体,SOXX,568.82,Bad Market,,757.7808,770.292,586.3041,0.0733,-1.5907,-0.0628,0.0267,0.1076,183.9879,4,0.2
2026-09-02,SKHY,SK hynix Inc.,半导体,半导体,SOXX,164.98,Bad Market,,173.3901,176.4052,,0.0609,0.8617,,0.1858,,,4,0.2
2026-09-02,SLAB,"Silicon Laboratories, Inc.",半导体,半导体,SOXX,220.23,Bad Market,,219.8057,220.1152,217.2455,0.0047,1.5284,-0.3441,0.2537,0.0048,2.8697,3,0.5
2026-09-02,SLB,SLB Limited,油气,油气设备服务,XLE,58.13,Wait,,60.6813,61.2562,53.3928,0.033,2.2642,0.1295,0.36,0.0864,7.8633,3.5,0.3033
2026-09-02,SLS,"SELLAS Life Sciences Group, Inc",医疗健康,生物制药,XBI,14.16,Wait,,15.704,16.07,10.5802,0.0862,0.93,0.1854,0.213,0.1662,5.4898,4,0.2
2026-09-02,SM,SM Energy Company,油气,油气勘探开发,XLE,38.29,Wait,,38.4229,38.8545,33.0049,0.0376,2.7193,0.0248,0.3545,0.2399,5.8495,3.5,0.2662
2026-09-02,SMMT,Summit Therapeutics Inc.,医疗健康,生物技术,XBI,14.6,Wait,,15.2889,15.5498,12.4514,0.0596,1.0392,-0.0931,0.1506,0.021,3.0984,4,0.2
2026-09-02,SMR,NuScale Power Corporation,公用电力,核能,NLR,9.56,Bad Market,,10.0231,10.2228,9.0773,0.0696,0.2554,-0.2596,0.0659,0.0494,1.1455,4,0.2
2026-09-02,SNDK,Sandisk Corporation,半导体,存储硬件,SOXX,1553.4,Bad Market,,1812.9033,1851.9832,1813.9339,0.0839,0.5755,-0.0644,0.1817,0.0902,38.0494,4,0.2
2026-09-02,SNOW,Snowflake Inc.,软件,软件,IGV,305.84,Wait,,340.4384,344.3909,291.2674,0.0431,-1.571,0.0419,0.0134,0.2211,53.1235,3.5,0.2321
2026-09-02,SNPS,"Synopsys, Inc.",软件,软件,IGV,415.97,Wait,,469.0497,473.8858,408.4693,0.0388,0.1197,-0.0146,0.1223,0.0857,65.4165,3.5,0.258
2026-09-02,SNX,TD SYNNEX Corporation,科技硬件,IT,XLK,253.06,Wait,,266.4106,268.5701,264.9456,0.0284,-0.241,-0.0941,0.0094,0.1391,3.6245,3.5,0.3516
2026-09-02,SO,Southern Company (The),公用电力,电力,XLU,88.31,Bad Market,,93.9984,94.4475,93.4894,0.017,-1.8038,-0.0861,0.4079,0.1249,0.9581,3,0.5
2026-09-02,SOLV,Solventum Corporation,医疗健康,医疗器械,IHI,91.9,Wait,,92.529,93.2415,83.2978,0.0258,1.6049,0.0062,0.1781,0.2155,9.9437,3.5,0.387
2026-09-02,SON,Sonoco Products Company,基础材料,包装容器纸制品,XLB,54.74,Wait,,60.0274,60.4872,55.1962,0.028,-1.7651,-0.0287,0.1016,0.0917,5.2909,3.5,0.3572
2026-09-02,SONY,Sony Group Corporation,消费,消费电子,XLY,24.65,Bad Market,,25.0965,25.2537,23.2782,0.0213,1.5546,-0.002,0.3217,0.237,1.9755,3,0.4705
2026-09-02,SPCX,Space Exploration Technologies ,航空国防,航空航天国防,ITA,140.71,Bad Market,,147.7684,150.0761,180.6214,0.0547,0.5029,-0.2974,0.2221,0.1616,-30.5453,4,0.2
2026-09-02,SPG,"Simon Property Group, Inc.",金融地产,零售地产,XLRE,210.2,Bad Market,,230.8766,231.9066,226.4002,0.0163,-2.6412,-0.0975,0.4837,0.0472,5.5064,3,0.5
2026-09-02,SPOT,Spotify Technology S.A.,通讯服务,流媒体娱乐,XLC,559.36,Bad Market,,558.1636,564.3275,480.6581,0.0367,1.9866,0.0013,0.2948,0.147,83.6693,3.5,0.2722
2026-09-02,SQM,Sociedad Quimica y Minera S.A.,基础材料,化工,XLB,81.14,Wait,,83.1414,83.9712,73.5893,0.0341,1.8403,-0.0727,0.4515,0.0283,10.3819,3.5,0.2934
2026-09-02,SRE,DBA Sempra,公用电力,电力,XLU,83.79,Bad Market,,88.5679,89.2362,87.5334,0.0266,-0.529,0.1232,0.1505,0.1482,1.7027,3.5,0.3761
2026-09-02,SSRM,SSR Mining Inc.,矿业,银,SIL,37.75,Wait,,39.5875,40.0937,33.3048,0.0447,1.9393,0.0047,0.4203,0.1627,6.7888,3.5,0.2237
2026-09-02,ST,Sensata Technologies Holding pl,科技硬件,科技仪器,XLK,42.04,Wait,,49.0804,49.5218,46.5505,0.035,-1.3053,-0.1138,0.2845,0.1992,2.9713,3.5,0.2857
2026-09-02,STM,STMicroelectronics N.V.,半导体,半导体,SOXX,50.71,Bad Market,,56.6071,57.2766,72.0995,0.044,-0.6141,-0.2271,0.0554,0.2382,-14.823,3.5,0.2272
2026-09-02,STNG,Scorpio Tankers Inc.,航运,海运,SEA,81.42,Enter,0.3888,81.1442,81.8536,74.1732,0.029,1.6329,-0.0911,0.1336,0.035,7.6804,3.5,0.3443
2026-09-02,STRL,"Sterling Infrastructure, Inc.",工业,建筑工程,XLI,457.6,Bad Market,,618.3176,628.5889,795.7982,0.0748,-1.9291,-0.2193,0.4163,0.2777,-167.2092,4,0.2
2026-09-02,STX,Seagate Technology Holdings PLC,科技硬件,存储硬件,XLK,808.54,Wait,,1006.1117,1023.0942,867.6061,0.07,-0.8329,-0.0398,0.0369,0.1051,155.4881,4,0.2
2026-09-02,SU,Suncor Energy  Inc.,油气,综合油气,XLE,68.39,Wait,,69.6739,70.1849,63.8799,0.0249,1.7072,0.0045,0.1009,0.1578,6.305,3,0.4015
2026-09-02,SUN,Sunoco LP,油气,炼油,XLE,76.41,Wait,,78.1741,78.7373,71.7784,0.0246,0.8201,-0.0035,0.0387,0.1805,6.9589,3,0.407
2026-09-02,SUNB,"Sunbelt Rentals Holdings, Inc.",工业,设备租赁,XLI,67.11,Bad Market,,85.4711,86.3204,76.1513,0.0422,-3.7802,-0.0354,0.2263,0.1789,10.1691,3.5,0.237
2026-09-02,SWK,"Stanley Black & Decker, Inc.",工业,工业机械,XLI,96.89,Bad Market,,104.9689,105.8444,93.7861,0.0301,-1.1228,-0.0247,0.0376,0.1283,12.0583,3.5,0.332
2026-09-02,SXI,Standex International Corporati,工业,工业机械,XLI,277.93,Bad Market,,342.8993,346.1344,319.9272,0.0388,-3.5248,-0.0821,0.3118,0.0818,26.2072,3.5,0.2577
2026-09-02,SXT,Sensient Technologies Corporati,基础材料,化工,XLB,135.89,Wait,,138.8089,139.906,124.65,0.0269,0.8261,-0.0401,0.2842,0.1247,15.256,3.5,0.3716
2026-09-02,SYNA,Synaptics Incorporated,半导体,半导体,SOXX,95.99,Bad Market,,111.5399,112.856,128.4356,0.0457,-1.2204,-0.2636,0.1819,0.2264,-15.5796,3.5,0.2188
2026-09-02,T,AT&T Inc.,通讯服务,电信,XLC,25.95,Bad Market,,26.2695,26.4284,24.4208,0.0204,1.9227,-0.1231,0.4245,0.1488,2.0076,3,0.4899
2026-09-02,TALO,"Talos Energy, Inc.",油气,油气勘探开发,XLE,17.23,Wait,,17.9223,18.1219,15.4218,0.0386,1.5665,0.0031,0.3362,0.1778,2.7,3.5,0.259
2026-09-02,TDW,Tidewater Inc.,油气,油气设备服务,XLE,100.61,Too High,,97.4961,98.6392,83.1535,0.0379,2.4772,0.1073,0.4872,0.2387,15.4857,3.5,0.264
2026-09-02,TE,T1 Energy Inc.,公用电力,太阳能,TAN,4.27,Bad Market,,5.9512,6.103,8.3763,0.1185,-1.1731,-0.2986,0.1306,0.2336,-2.2733,4,0.2
2026-09-02,TECK,Teck Resources Ltd,矿业,铜,COPX,67.07,Wait,,72.2907,72.9302,64.1596,0.0318,-0.03,-0.085,0.274,0.0123,8.7705,3.5,0.3147
2026-09-02,TEL,TE Connectivity plc,科技硬件,电子元件,XLK,202.21,Wait,,220.7121,222.5482,197.2684,0.0303,-1.1528,-0.1138,0.0392,0.0812,25.2799,3.5,0.3304
2026-09-02,TEM,"Tempus AI, Inc.",软件,AI医疗,IGV,61.94,Wait,,73.6652,75.128,53.1861,0.0787,0.5861,0.2012,0.2586,0.0762,21.9418,4,0.2
2026-09-02,TEVA,Teva Pharmaceutical Industries ,医疗健康,制药,XLV,37.49,Wait,,38.4749,38.7877,34.451,0.0278,0.88,-0.016,0.2916,0.1137,4.3367,3.5,0.3596
2026-09-02,TFII,TFI International Inc.,工业,铁路/联运,IYT,128.97,Bad Market,,148.4297,149.7385,141.3505,0.0338,-2.305,-0.0229,0.1043,0.191,8.388,3.5,0.2956
2026-09-02,TFPM,Triple Flag Precious Metals Cor,矿业,金,GDX,34.1,Wait,,36.041,36.4023,31.4845,0.0353,0.998,-0.0423,0.3033,0.0939,4.9178,3.5,0.2831
2026-09-02,TGT,Target Corporation,消费,消费必需品,XLP,163.36,Wait,,171.5236,172.9273,153.5139,0.0286,1.2514,0.1051,0.2655,0.2307,19.4134,3.5,0.3491
2026-09-02,TGTX,"TG Therapeutics, Inc.",医疗健康,生物制药,XBI,56.9,Enter,0.3128,56.659,57.4294,50.0724,0.0451,1.9668,0.1552,0.4414,0.1029,7.3569,3.5,0.2216
2026-09-02,TJX,"TJX Companies, Inc. (The)",消费,折扣零售,XLY,131.31,Bad Market,,163.3731,164.288,158.181,0.0232,-5.102,-0.0712,0.6569,0.3813,6.107,3,0.4306
2026-09-02,TK,Teekay Corporation Ltd.,航运,海运,SEA,13.36,Wait,,13.4936,13.638,11.6758,0.036,1.9306,0.0325,0.252,0.0839,1.9622,3.5,0.2776
2026-09-02,TMO,Thermo Fisher Scientific Inc,医疗健康,生命科学工具,XLV,608.54,Wait,,639.7954,644.5887,577.7886,0.0263,0.066,0.0314,0.2147,0.3314,66.8001,3.5,0.3809
2026-09-02,TMUS,"T-Mobile US, Inc.",通讯服务,电信,XLC,187.3,Bad Market,,185.253,186.6615,179.2079,0.0251,1.4956,-0.1243,0.2119,0.0086,7.4536,3.5,0.3989
2026-09-02,TNK,Teekay Tankers Ltd.,航运,海运,SEA,90.75,Wait,,92.9175,93.9327,80.1658,0.0373,1.6511,0.0945,0.2283,0.1523,13.7669,3.5,0.2682
2026-09-02,TPG,TPG Inc.,金融地产,私募股权,XLF,52.32,Wait,,55.7332,56.2599,49.0651,0.0336,0.227,-0.0385,0.2727,0.1781,7.1948,3.5,0.298
2026-09-02,TRGP,"Targa Resources, Inc.",油气,油气中游,AMLP,293.46,Wait,,305.1846,307.6425,273.5744,0.0279,1.3741,0.0768,0.2503,0.1273,34.0681,3.5,0.3582
2026-09-02,TRMD,TORM plc,航运,海运,SEA,33.85,Too High,,33.5485,33.8377,29.8365,0.0285,3.3662,-0.0311,0.2874,0.1225,4.0011,3.5,0.3512
2026-09-02,TRP,TC Energy Corporation,油气,油气中游,AMLP,62.49,Wait,,66.4849,66.9121,66.3183,0.0228,-0.3511,0.0139,0.2498,0.1668,0.5937,3,0.4389
2026-09-02,TSEM,Tower Semiconductor Ltd.,半导体,半导体,SOXX,206.81,Bad Market,,268.7027,273.5366,252.3969,0.0779,-1.5115,-0.125,0.1355,0.1264,21.1397,4,0.2
2026-09-02,TSM,Taiwan Semiconductor Manufactur,半导体,半导体,SOXX,415.5,Bad Market,,435.125,438.5947,437.09,0.0278,-0.3439,-0.1981,0.086,0.0532,1.5047,3.5,0.3593
2026-09-02,TTAN,"ServiceTitan, Inc.",软件,软件,IGV,92.17,Wait,,101.5839,102.9998,81.7613,0.0512,-0.0169,0.0324,0.1739,0.1776,21.2385,4,0.2
2026-09-02,TTE,TotalEnergies SE,油气,综合油气,XLE,90.22,Wait,,91.7275,92.224,85.9349,0.0183,1.3042,-0.0449,0.1507,0.1043,6.2891,3,0.5
2026-09-02,TTMI,"TTM Technologies, Inc.",科技硬件,电子元件,XLK,115.6,Wait,,142.8169,145.5722,184.7322,0.0795,-1.0744,-0.1624,0.0568,0.2766,-39.16,4,0.2
2026-09-02,TWLO,Twilio Inc.,软件,软件,IGV,226.75,Wait,,258.2175,261.4896,217.7757,0.0481,-0.3628,0.0497,0.193,0.0884,43.7138,3.5,0.2079
2026-09-02,TWST,Twist Bioscience Corporation,医疗健康,生命科学工具,XLV,131.0,Wait,,155.0019,157.8549,115.0612,0.0726,-0.0498,0.3494,0.2034,0.1968,42.7936,4,0.2
2026-09-02,TX,Ternium S.A. Ternium S.A.,基础材料,钢铁,XLB,56.87,Enter,0.9161,56.3987,56.9132,49.8277,0.0302,1.3741,0.1005,0.4119,0.1743,7.0855,3.5,0.3316
2026-09-02,TXG,"10x Genomics, Inc.",医疗健康,生命科学工具,XLV,61.65,Wait,,65.848,66.9399,50.5605,0.059,0.7208,0.2929,0.3271,0.3267,16.3794,4,0.2
2026-09-02,TXT,Textron Inc.,航空国防,航空航天国防,ITA,79.24,Bad Market,,90.2224,90.827,89.0759,0.0254,-3.1162,-0.1222,0.3059,0.2019,1.7511,3.5,0.3932
2026-09-02,U,Unity Software Inc.,软件,软件,IGV,40.76,Wait,,47.5176,48.0432,40.978,0.043,-1.8761,-0.0262,0.3286,0.2572,7.0652,3.5,0.2326
2026-09-02,UBER,"Uber Technologies, Inc.",工业,铁路/联运,IYT,76.45,Bad Market,,81.1145,81.8846,71.3655,0.0336,0.0339,0.0055,0.1369,0.0437,10.5191,3.5,0.2978
2026-09-02,UBS,UBS Group AG Registered,金融地产,银行,XLF,54.9,Wait,,56.1779,56.4526,52.9727,0.0167,1.1619,-0.0418,0.2251,0.1581,3.4799,3,0.5
2026-09-02,UCTT,"Ultra Clean Holdings, Inc.",半导体,半导体材料,SOXX,66.07,Bad Market,,94.1847,96.0968,117.0959,0.0965,-2.0124,-0.1526,0.2978,0.1533,-20.9992,4,0.2
2026-09-02,UEC,Uranium Energy Corp.,矿业,铀,URA,11.62,Bad Market,,13.7594,13.9685,10.8322,0.06,-0.2418,-0.1261,0.1943,0.0082,3.1363,4,0.2
2026-09-02,UL,Unilever PLC,消费,消费必需品,XLP,64.57,Wait,,65.8293,66.1349,63.8143,0.0158,1.0063,-0.0905,0.0628,0.1321,2.3206,3,0.5
2026-09-02,UMC,United Microelectronics Corpora,半导体,半导体,SOXX,19.97,Bad Market,,20.8349,21.1422,23.9122,0.0513,0.8424,-0.0766,0.119,0.0659,-2.77,4,0.2
2026-09-02,UNH,UnitedHealth Group Incorporated,医疗健康,医疗服务,XLV,399.66,Wait,,419.3566,421.9635,410.2809,0.0217,0.1663,-0.1141,0.1496,0.0381,11.6826,3,0.4599
2026-09-02,UNP,Union Pacific Corporation,工业,铁路,IYT,289.73,Bad Market,,313.5173,315.4257,291.5355,0.022,-1.64,0.0479,0.0252,0.1314,23.8903,3,0.4554
2026-09-02,USAC,"USA Compression Partners, LP",油气,油气中游,AMLP,27.47,Wait,,27.4747,27.6584,25.3631,0.0223,1.567,-0.181,0.2496,0.0628,2.2953,3,0.4486
2026-09-02,USB,U.S. Bancorp,金融地产,银行,XLF,62.77,Wait,,65.983,66.3207,62.0423,0.0179,-0.544,-0.0427,0.1137,0.1476,4.2785,3,0.5
2026-09-02,UUUU,Energy Fuels Inc,矿业,铀,URA,14.29,Bad Market,,16.1493,16.4183,12.9739,0.0627,-0.3123,-0.1997,0.1817,0.0521,3.4444,4,0.2
2026-09-02,V,Visa Inc.,金融地产,支付,XLF,378.4,Wait,,387.4662,389.462,364.1827,0.0176,1.234,-0.0582,0.1592,0.26,25.2792,3,0.5
2026-09-02,VALE,VALE S.A.,矿业,铁矿,XME,15.73,Too High,,15.4873,15.616,14.4989,0.0273,2.6743,0.0206,0.2142,0.0217,1.1171,3.5,0.3668
2026-09-02,VECO,Veeco Instruments Inc.,半导体,半导体,SOXX,43.02,Bad Market,,55.0036,55.909,70.9676,0.0702,-2.0147,-0.1779,0.2276,0.2969,-15.0586,4,0.2
2026-09-02,VEEV,Veeva Systems Inc.,软件,软件,IGV,280.72,Wait,,288.4972,291.7711,247.4949,0.0389,2.9737,0.2357,0.5313,0.4223,44.2762,3.5,0.2572
2026-09-02,VG,"Venture Global, Inc.",油气,油气中游,XLE,14.73,Wait,,15.2573,15.4672,12.7112,0.0475,1.0855,-0.0933,0.1739,0.1288,2.756,3.5,0.2105
2026-09-02,VIAV,Viavi Solutions Inc.,科技硬件,通讯设备,XLK,34.5,Wait,,46.7762,47.5504,43.7265,0.0748,-1.8837,-0.1505,0.0943,0.2008,3.8239,4,0.2
2026-09-02,VICR,Vicor Corporation,科技硬件,电子元件,XLK,181.59,Wait,,256.6868,261.4671,316.0431,0.0877,-1.8599,-0.2229,0.1676,0.2032,-54.576,4,0.2
2026-09-02,VIRT,"Virtu Financial, Inc.",金融地产,资本市场,XLF,62.69,Wait,,68.5569,69.45,57.5107,0.0475,0.4631,0.2233,0.1186,0.0669,11.9393,3.5,0.2106
2026-09-02,VISN,"Vistance Networks, Inc.",科技硬件,电子元件,XLK,6.47,Wait,,12.6352,12.853,9.9763,0.1122,-5.6121,0.1521,0.4266,0.3214,2.8767,4,0.2
2026-09-02,VLO,Valero Energy Corporation,油气,炼油,XLE,366.09,Enter,0.1405,365.6509,368.7762,325.5276,0.0285,2.7658,0.0454,0.4881,0.3999,43.2486,3.5,0.3514
2026-09-02,VLTO,Veralto Corp,工业,污水处理,XLI,97.21,Bad Market,,101.0721,101.6897,93.9241,0.0212,-0.4085,-0.0662,0.1301,0.2345,7.7656,3,0.4722
2026-09-02,VRT,"Vertiv Holdings, LLC",工业,电气设备,XLI,256.7,Bad Market,,296.6443,300.8507,301.8744,0.0546,-1.0014,-0.1556,0.0501,0.0982,-1.0237,4,0.2
2026-09-02,VRTX,Vertex Pharmaceuticals Incorpor,医疗健康,生物技术,XLV,556.75,Wait,,558.4175,562.4193,512.8312,0.024,2.0815,0.0005,0.4706,0.2661,49.5881,3,0.4174
2026-09-02,VSAT,"ViaSat, Inc.",航空国防,通讯设备,ITA,69.92,Bad Market,,88.1049,89.4171,72.3128,0.0626,-1.602,-0.1093,0.2274,0.0264,17.1043,4,0.2
2026-09-02,VSH,"Vishay Intertechnology, Inc.",半导体,半导体,SOXX,30.61,Bad Market,,39.3001,39.9753,55.8976,0.0735,-0.8182,-0.2498,0.17,0.3304,-15.9223,4,0.2
2026-09-02,VST,Vistra Corp.,公用电力,电力,XLU,143.46,Bad Market,,157.3746,158.9743,150.3168,0.0372,0.4323,-0.1772,0.2246,0.0572,8.6575,3.5,0.269
2026-09-02,VSXY,Victorias Secret & Co.,消费,服饰零售,XLY,84.81,Bad Market,,100.8181,102.0194,85.9544,0.0472,-1.1761,0.0194,0.0906,0.0486,16.065,3.5,0.2118
2026-09-02,VTR,"Ventas, Inc.",金融地产,医疗地产,XLRE,92.06,Bad Market,,94.7506,95.36,94.4364,0.0221,0.1137,-0.0104,0.0588,0.133,0.9236,3,0.4532
2026-09-02,VTRS,Viatris Inc.,医疗健康,制药,XLV,17.09,Wait,,17.8709,18.0095,16.243,0.027,1.3994,-0.0092,0.1189,0.0606,1.7665,3.5,0.3699
2026-09-02,VVX,"V2X, Inc.",航空国防,航空航天国防,ITA,74.99,Bad Market,,87.1299,88.0682,79.2926,0.0417,-1.6495,-0.0446,0.3099,0.1199,8.7756,3.5,0.2398
2026-09-02,VZ,Verizon Communications Inc.,通讯服务,电信,XLC,50.22,Bad Market,,50.7666,51.0465,47.5005,0.0186,1.6535,-0.1303,0.3397,0.0999,3.5461,3,0.5
2026-09-02,WAB,Westinghouse Air Brake Technolo,工业,工业机械,XLI,279.81,Bad Market,,303.4481,305.404,286.2307,0.0233,-2.2985,-0.0407,0.2664,0.0533,19.1734,3,0.4292
2026-09-02,WAY,Waystar Holding Corp.,软件,软件,IGV,25.72,Wait,,26.4972,26.8375,22.2697,0.0441,0.845,-0.0145,0.3194,0.2098,4.5678,3.5,0.2267
2026-09-02,WBI,WaterBridge Infrastructure LLC,油气,油气设备服务,XLE,32.26,Wait,,34.1526,34.5378,31.7157,0.0398,0.1776,-0.1127,0.1511,0.0002,2.8222,3.5,0.2512
2026-09-02,WCC,"WESCO International, Inc.",工业,工业分销,XLI,332.86,Bad Market,,377.4286,381.1168,331.0714,0.0369,-1.6509,-0.0594,0.1953,0.0342,50.0454,3.5,0.2708
2026-09-02,WDC,Western Digital Corporation,科技硬件,存储硬件,XLK,448.9,Wait,,555.4098,565.6846,609.2332,0.0763,-0.5163,-0.1127,0.1928,0.1407,-43.5486,4,0.2
2026-09-02,WDS,Woodside Energy Group Limited,油气,油气勘探开发,XLE,23.83,Wait,,24.5683,24.7186,22.8266,0.021,1.1614,-0.082,0.1447,0.1662,1.892,3,0.4755
2026-09-02,WELL,Welltower Inc.,金融地产,医疗地产,XLRE,238.59,Bad Market,,243.9459,245.3842,237.6875,0.0201,0.4194,-0.053,0.1153,0.174,7.6967,3,0.4977
2026-09-02,WEN,Wendy's Company (The),消费,餐饮,XLY,8.24,Bad Market,,9.2049,9.3321,7.4229,0.0515,-0.2993,0.0032,0.1104,0.0844,1.9093,4,0.2
2026-09-02,WES,"Western Midstream Partners, LP",油气,油气中游,AMLP,48.96,Wait,,50.2782,50.565,46.9311,0.0195,0.8345,-0.0218,0.2075,0.1875,3.634,3,0.5
2026-09-02,WFC,Wells Fargo & Company,金融地产,银行,XLF,89.27,Wait,,90.0627,90.6082,83.7146,0.0204,1.4383,-0.0646,0.0752,0.1099,6.8936,3,0.4909
2026-09-02,WFRD,Weatherford International plc,油气,油气设备服务,XLE,97.71,Wait,,98.7471,99.8901,86.7655,0.039,1.5992,0.0273,0.2199,0.0224,13.1246,3.5,0.2565
2026-09-02,WMB,"Williams Companies, Inc. (The)",油气,油气中游,AMLP,75.16,Wait,,75.9816,76.6041,70.6571,0.0276,1.0718,0.0806,0.2043,0.0662,5.947,3.5,0.3622
2026-09-02,WMT,Walmart Inc.,消费,消费必需品,XLP,106.09,Wait,,117.0709,117.8199,113.5396,0.0235,-1.4312,-0.0709,0.1518,0.1883,4.2804,3,0.4249
2026-09-02,WOLF,"Wolfspeed, Inc.",半导体,半导体,SOXX,26.65,Bad Market,,35.5164,36.351,46.2821,0.1044,-0.6867,-0.3367,0.06,0.1862,-9.9311,4,0.2
2026-09-02,WPM,Wheaton Precious Metals Corp,矿业,金,GDX,150.91,Wait,,165.2291,167.0769,142.1619,0.0408,1.2611,0.0948,0.4066,0.1587,24.915,3.5,0.245
2026-09-02,WT,"WisdomTree, Inc.",金融地产,资管,XLF,23.74,Wait,,25.2774,25.5467,21.8979,0.0378,0.6728,0.1033,0.2821,0.2266,3.6488,3.5,0.2644
2026-09-02,WTTR,"Select Water Solutions, Inc.",油气,油气设备服务,XLE,19.77,Wait,,22.4577,22.7241,19.1514,0.0449,-0.595,0.069,0.1073,0.0486,3.5727,3.5,0.2226
2026-09-02,WULF,TeraWulf Inc.,数据中心,数据中心,DTCR,14.82,Bad Market,,19.1436,19.5389,23.7085,0.0889,-1.1534,-0.195,0.2942,0.2851,-4.1696,4,0.2
2026-09-02,WYFI,"WhiteFiber, Inc.",数据中心,数据中心,DTCR,17.31,Bad Market,,30.8668,31.6421,34.4332,0.1493,-2.298,-0.1836,0.3251,0.1112,-2.7911,4,0.2
2026-09-02,XE,"X-Energy, Inc.",公用电力,核能,NLR,18.1,Bad Market,,23.0765,23.5964,15.9492,0.0957,-0.8643,-0.1662,0.032,0.0605,7.6472,4,0.2
2026-09-02,XEL,Xcel Energy Inc.,公用电力,电力,XLU,75.51,Bad Market,,80.1109,80.5315,78.0245,0.0186,-1.5519,-0.0873,0.1664,0.0962,2.507,3,0.5
2026-09-02,XNDU,Xanadu Quantum Technologies Lim,科技硬件,量子计算,QTUM,9.94,Bad Market,,11.7389,11.9473,11.1618,0.0699,-1.0014,-0.5819,0.1595,0.1817,0.7855,4,0.2
2026-09-02,XOM,ExxonMobil Holdings Corporation,油气,综合油气,XLE,164.15,Wait,,167.7915,168.8165,155.8999,0.0208,1.1833,-0.0622,0.2079,0.237,12.9166,3,0.4804
2026-09-02,XP,XP Inc.,金融地产,资本市场,XLF,19.99,Too High,,18.9199,19.1334,16.2286,0.0356,4.5833,0.0431,0.3785,0.2433,2.9048,3.5,0.2808
2026-09-02,XYZ,"Block, Inc.",金融地产,支付,XLF,82.46,Wait,,85.6746,86.5903,74.1669,0.037,0.4318,0.0579,0.0098,0.097,12.4234,3.5,0.2702
2026-09-02,YPF,YPF Sociedad Anonima,油气,综合油气,XLE,53.91,Too High,,53.2391,53.7616,46.6043,0.0323,2.0225,-0.0125,0.1358,0.0263,7.1573,3.5,0.3095
2026-09-02,ZETA,Zeta Global Holdings Corp.,软件,软件,IGV,30.44,Wait,,31.8644,32.3035,26.4374,0.0481,1.195,0.0736,0.3686,0.2585,5.8661,3.5,0.208
2026-09-02,ZWS,Zurn Elkay Water Solutions Corp,工业,污水处理,XLI,46.9,Bad Market,,53.649,53.9847,49.8232,0.0239,-2.6141,-0.1132,0.3381,0.0514,4.1615,3,0.4191
2026-09-03,AA,Alcoa Corporation,矿业,铝加工,XME,51.05,Wait,,54.5905,55.2492,55.1851,0.043,0.1681,-0.1609,0.1431,0.1694,0.0641,3.5,0.2325
2026-09-03,AAOI,"Applied Optoelectronics, Inc.",科技硬件,光通信,XLK,100.38,Wait,,157.2545,160.8013,123.94,0.1178,-1.9814,-0.21,0.2182,0.1642,36.8613,4,0.2
2026-09-03,AAPL,Apple Inc.,科技硬件,消费电子,XLK,328.21,Wait,,328.4121,330.6251,317.9503,0.0225,2.1951,0.0006,0.2963,0.1204,12.6748,3,0.4449
2026-09-03,ABCL,AbCellera Biologics Inc.,医疗健康,生物制药,XBI,11.57,Wait,,12.66,12.9001,9.2994,0.0692,0.9808,0.2819,0.4507,0.2958,3.6006,4,0.2
2026-09-03,ABNB,"Airbnb, Inc.",消费,在线旅游,XLY,185.25,Bad Market,,192.3525,193.9343,172.0459,0.0285,0.4121,0.0633,0.405,0.2679,21.8884,3.5,0.3513
2026-09-03,ABVX,Abivax SA,医疗健康,生物技术,XLV,114.035,Wait,,132.0703,133.415,128.9626,0.0393,-1.2112,-0.2558,0.247,0.096,4.4524,3.5,0.2544
2026-09-03,ACGL,Arch Capital Group Ltd.,金融地产,保险,XLF,99.83,Wait,,102.0953,102.6685,100.7482,0.0191,0.5085,-0.0641,0.0204,0.1151,1.9203,3,0.5
2026-09-03,ACLS,"Axcelis Technologies, Inc.",半导体,半导体,SOXX,110.37,Bad Market,,145.5463,147.7007,160.7245,0.0651,-2.536,-0.1802,0.3727,0.2111,-13.0238,4,0.2
2026-09-03,ACMR,"ACM Research, Inc.",半导体,半导体设备,SOXX,69.42,Bad Market,,86.7228,88.3469,105.2347,0.078,-1.7179,-0.1647,0.272,0.0875,-16.8878,4,0.2
2026-09-03,ADI,"Analog Devices, Inc.",半导体,半导体,SOXX,356.5,Bad Market,,393.845,397.3061,405.1008,0.0324,-1.6047,-0.1289,0.262,0.151,-7.7948,3.5,0.309
2026-09-03,ADM,Archer-Daniels-Midland Company,基础材料,农业,MOO,84.38,Wait,,86.2238,87.0203,78.0275,0.0315,1.4397,0.1325,0.1638,0.1049,8.9928,3.5,0.3178
2026-09-03,AEHR,Aehr Test Systems,半导体,半导体材料,SOXX,76.27,Bad Market,,147.6571,150.7277,104.6683,0.1342,-2.7474,-0.0284,0.2296,0.0761,46.0595,4,0.2
2026-09-03,AEM,Agnico Eagle Mines Limited,矿业,金,GDX,207.13,Wait,,226.1813,228.6814,194.9427,0.0402,1.1948,0.0952,0.422,0.1355,33.7386,3.5,0.2486
2026-09-03,AES,The AES Corporation,公用电力,再生能源,XLU,14.78,Bad Market,,14.8266,14.8425,14.7005,0.0036,0.7804,-0.441,0.2273,0.0933,0.1421,3,0.5
2026-09-03,AEVA,"Aeva Technologies, Inc.",科技硬件,电子元件,XLK,15.26,Wait,,26.9608,27.4719,21.9044,0.1117,-2.7305,-0.1767,0.1914,0.1191,5.5675,4,0.2
2026-09-03,AG,First Majestic Silver Corp.,矿业,银,SIL,21.39,Wait,,21.9545,22.2763,17.4495,0.0501,1.3388,-0.06,0.3635,0.0641,4.8268,4,0.2
2026-09-03,AGI,Alamos Gold Inc.,矿业,金,GDX,37.69,Wait,,39.3969,39.8498,33.7364,0.0401,1.6167,-0.0908,0.4121,0.0159,6.1134,3.5,0.2497
2026-09-03,AGRO,Adecoagro S.A.,基础材料,农业,MOO,11.6,Wait,,12.136,12.2895,10.2291,0.0441,2.4663,-0.0312,0.4023,0.1146,2.0604,3.5,0.2267
2026-09-03,AHR,"American Healthcare REIT, Inc.",金融地产,医疗地产,XLRE,55.76,Bad Market,,57.7176,58.0912,53.9842,0.0223,0.3501,-0.0887,0.0752,0.2137,4.1069,3,0.4478
2026-09-03,AIR,AAR Corp.,航空国防,航空航天国防,ITA,125.66,Bad Market,,154.9666,156.5922,134.7443,0.0431,-2.4509,-0.006,0.3317,0.0238,21.8479,3.5,0.2319
2026-09-03,AKAM,"Akamai Technologies, Inc.",软件,软件,IGV,106.5,Wait,,126.355,127.8144,115.284,0.0457,-1.4013,-0.1401,0.2582,0.1562,12.5304,3.5,0.2189
2026-09-03,ALAB,"Astera Labs, Inc.",半导体,半导体,SOXX,282.82,Bad Market,,366.2443,373.1058,391.5338,0.0809,-0.8414,-0.1373,0.3577,0.0818,-18.428,4,0.2
2026-09-03,ALB,Albemarle Corporation,基础材料,锂电池,XLB,132.16,Wait,,144.5716,146.244,147.0491,0.0422,-0.3398,-0.179,0.1766,0.2242,-0.8051,3.5,0.2371
2026-09-03,ALGM,"Allegro MicroSystems, Inc.",半导体,半导体,SOXX,35.56,Bad Market,,44.8678,45.5844,60.0647,0.0672,-1.6294,-0.2179,0.3415,0.1612,-14.4803,4,0.2
2026-09-03,ALKS,Alkermes plc,医疗健康,生物制药,XBI,46.88,Wait,,50.7488,51.2098,49.8415,0.0328,-1.2579,-0.0419,0.202,0.059,1.3684,3.5,0.3051
2026-09-03,ALM,Almonty Industries Inc.,矿业,钨矿,XME,17.84,Wait,,19.1688,19.527,14.1543,0.0669,1.2168,-0.0928,0.3442,0.0201,5.3726,4,0.2
2026-09-03,ALSN,"Allison Transmission Holdings, ",工业,工业机械,XLI,128.44,Bad Market,,134.5144,135.8127,118.0831,0.0337,0.5737,0.0667,0.1174,0.06,17.7296,3.5,0.2968
2026-09-03,AMAT,"Applied Materials, Inc.",半导体,半导体设备,SOXX,435.91,Bad Market,,552.8954,560.0134,628.093,0.0544,-2.628,-0.171,0.4471,0.1083,-68.0796,4,0.2
2026-09-03,AMBQ,"Ambiq Micro, Inc.",半导体,半导体,SOXX,56.43,Bad Market,,68.6452,69.823,74.7758,0.0696,-1.2671,-0.161,0.2387,0.1508,-4.9528,4,0.2
2026-09-03,AMD,"Advanced Micro Devices, Inc.",半导体,半导体,SOXX,456.16,Bad Market,,523.1416,529.8906,502.1716,0.0493,-0.9327,-0.1545,0.2613,0.0538,27.7191,3.5,0.2028
2026-09-03,AMGN,Amgen Inc.,医疗健康,制药,XLV,444.12,Wait,,448.2812,451.16,415.0517,0.0216,1.6628,0.0248,0.4652,0.3629,36.1083,3,0.4628
2026-09-03,AMKR,"Amkor Technology, Inc.",半导体,半导体材料,SOXX,46.94,Bad Market,,61.9962,63.0406,79.6253,0.0742,-1.4808,-0.2339,0.2245,0.2431,-16.5847,4,0.2
2026-09-03,AMLX,"Amylyx Pharmaceuticals, Inc.",医疗健康,生物制药,XBI,33.96,Wait,,40.0931,40.7429,30.9971,0.0638,1.3462,0.411,0.3703,0.378,9.7458,4,0.2
2026-09-03,AMPX,"Amprius Technologies, Inc.",基础材料,锂电池,XLB,9.63,Wait,,12.6442,12.8454,13.4867,0.0697,-1.7888,-0.3802,0.1439,0.2114,-0.6413,4,0.2
2026-09-03,AMT,American Tower Corporation (REI,金融地产,通信铁塔,XLRE,177.75,Bad Market,,180.3475,181.6167,171.7779,0.0238,0.8759,-0.0712,0.0538,0.0486,9.8388,3,0.4201
2026-09-03,AMZN,"Amazon.com, Inc.",消费,互联网零售,XLY,258.9,Bad Market,,280.679,282.7065,260.3658,0.0261,-0.7048,-0.0669,0.237,0.0513,22.3407,3.5,0.3831
2026-09-03,ANAB,"AnaptysBio, Inc.",医疗健康,生物制药,XBI,57.46,Wait,,60.2646,61.0767,60.3354,0.0471,0.0759,-0.1381,0.0996,0.0015,0.7413,3.5,0.2123
2026-09-03,ANDG,Andersen Group Inc.,金融地产,个性化服务,XLF,57.45,Enter,0.4552,57.1345,57.8276,48.474,0.0402,2.8157,-0.0087,0.3341,0.3074,9.3535,3.5,0.2487
2026-09-03,ANET,"Arista Networks, Inc.",科技硬件,硬件,XLK,191.44,Wait,,212.4144,214.9382,181.0554,0.0439,-0.3399,-0.0266,0.0083,0.0803,33.8828,3.5,0.2276
2026-09-03,APA,APA Corporation,油气,油气勘探开发,XLE,44.18,Wait,,45.1418,45.5668,39.742,0.0321,1.751,-0.0082,0.4149,0.2401,5.8248,3.5,0.3119
2026-09-03,APD,"Air Products and Chemicals, Inc",基础材料,化工,XLB,304.22,Wait,,312.5022,314.4469,294.7432,0.0213,-0.1719,-0.0516,0.14,0.1195,19.7037,3,0.4693
2026-09-03,APG,APi Group Corporation,工业,工业服务,XLI,40.03,Bad Market,,45.1203,45.4774,40.5539,0.0297,-1.3715,-0.0553,0.1196,0.0819,4.9235,3.5,0.3363
2026-09-03,APH,Amphenol Corporation,科技硬件,光通信,XLK,82.07,Wait,,86.9407,87.8214,77.8857,0.0358,0.273,-0.0644,0.1138,0.0281,9.9356,3.5,0.2796
2026-09-03,APLD,Applied Digital Corporation,数据中心,数据中心,DTCR,25.91,Bad Market,,31.6741,32.2802,38.508,0.078,-1.123,-0.2648,0.2589,0.2935,-6.2278,4,0.2
2026-09-03,APP,Applovin Corporation,软件,广告技术,IGV,313.58,Wait,,423.2234,428.5084,494.1427,0.0562,-0.1007,-0.2998,0.4899,0.2801,-65.6343,4,0.2
2026-09-03,APPS,"Digital Turbine, Inc.",软件,软件,IGV,10.88,Wait,,14.5607,14.8167,10.9767,0.0784,-1.0875,0.065,0.1076,0.0501,3.8399,4,0.2
2026-09-03,AR,Antero Resources Corporation,油气,油气勘探生产,XLE,39.69,Wait,,40.2069,40.5225,36.1284,0.0265,2.0097,-0.0777,0.3407,0.1924,4.3941,3.5,0.3773
2026-09-03,ARM,Arm Holdings plc,半导体,半导体,SOXX,242.59,Bad Market,,290.05,295.1049,372.0608,0.0695,-0.8593,-0.183,0.267,0.2408,-76.9559,4,0.2
2026-09-03,ARMK,Aramark,消费,餐饮服务,XLY,57.28,Bad Market,,62.9628,63.3176,58.8421,0.0206,-1.374,-0.0048,0.0606,0.0932,4.4755,3,0.4843
2026-09-03,AROC,"Archrock, Inc.",油气,油气中游,AMLP,32.56,Wait,,36.0656,36.4318,37.6782,0.0375,0.0139,-0.0388,0.2641,0.0825,-1.2465,3.5,0.2668
2026-09-03,ARQQ,Arqit Quantum Inc.,半导体,半导体,SOXX,20.62,Bad Market,,24.7408,25.2671,22.7034,0.0851,-0.6405,-0.1241,0.0815,0.0092,2.5637,4,0.2
2026-09-03,ARXS,"Arxis, Inc.",航空国防,航空航天国防,ITA,53.24,Bad Market,,60.5224,61.2894,51.0418,0.048,-0.7606,-0.0231,0.2316,0.1629,10.2476,3.5,0.2082
2026-09-03,ASC,Ardmore Shipping Corporation,航运,海运,SEA,18.02,Wait,,18.5802,18.7848,16.0125,0.0379,0.7359,-0.001,0.1436,0.0564,2.7724,3.5,0.2642
2026-09-03,ASTS,"AST SpaceMobile, Inc.",航空国防,通讯设备,ITA,62.13,Bad Market,,75.2272,76.603,70.5163,0.0738,-0.799,-0.307,0.1505,0.1122,6.0866,4,0.2
2026-09-03,ASX,"ASE Technology Holding Co., Ltd",半导体,半导体,SOXX,37.43,Bad Market,,40.2843,40.796,39.1504,0.0456,-0.1307,-0.1099,0.0774,0.0078,1.6456,3.5,0.2195
2026-09-03,ATRO,Astronics Corporation,航空国防,航空航天国防,ITA,74.53,Bad Market,,94.2413,95.4282,77.6245,0.0531,-1.3016,0.0137,0.0179,0.0079,17.8037,4,0.2
2026-09-03,AU,AngloGold Ashanti PLC,矿业,金,GDX,111.67,Wait,,124.5067,125.9157,106.9511,0.0421,1.0786,0.0184,0.4056,0.1291,18.9647,3.5,0.2378
2026-09-03,AUGO,Aura Minerals Inc.,矿业,金,GDX,88.11,Wait,,91.4051,92.8077,71.7684,0.0531,1.497,0.0301,0.4755,0.1533,21.0394,4,0.2
2026-09-03,AVAH,Aveanna Healthcare Holdings Inc,医疗健康,医疗服务,XLV,13.64,Wait,,13.9564,14.1314,11.7783,0.0428,2.5842,0.246,0.5617,0.4416,2.3531,3.5,0.2338
2026-09-03,AVGO,Broadcom Inc.,半导体,半导体,SOXX,357.16,Bad Market,,431.3316,435.3911,380.3994,0.0379,-2.0564,-0.1184,0.4668,0.0438,54.9917,3.5,0.2639
2026-09-03,AVNT,Avient Corporation,基础材料,化工,XLB,42.91,Wait,,46.7691,47.1961,41.3584,0.0332,-1.1793,0.0436,0.2399,0.1135,5.8376,3.5,0.3015
2026-09-03,AVT,"Avnet, Inc.",科技硬件,电子元器,XLK,90.82,Wait,,99.5382,100.5962,86.2863,0.0388,-0.4028,0.1049,0.0426,0.0017,14.3099,3.5,0.2575
2026-09-03,AVTR,"Avantor, Inc.",医疗健康,生命科学工具,XLV,15.19,Too High,,14.8019,14.9422,13.0135,0.0308,2.4413,-0.0009,0.3063,0.3792,1.9287,3.5,0.3249
2026-09-03,AXP,American Express Company,金融地产,支付,XLF,329.82,Wait,,352.1354,354.0227,342.6974,0.0191,-1.1119,-0.139,0.2655,0.0525,11.3253,3,0.5
2026-09-03,AXTI,AXT Inc,半导体,半导体,SOXX,56.2,Bad Market,,97.5959,100.0348,63.4518,0.1447,-1.9541,-0.1539,0.0786,0.1278,36.583,4,0.2
2026-09-03,B,Barrick Mining Corporation,矿业,金,GDX,45.76,Wait,,49.3276,49.8305,43.0029,0.0366,0.9763,0.0138,0.2665,0.0565,6.8276,3.5,0.273
2026-09-03,BA,Boeing Company (The),航空国防,航空航天国防,ITA,210.51,Bad Market,,242.2951,243.7942,225.1992,0.0237,-1.9192,-0.1864,0.4962,0.0916,18.595,3,0.4213
2026-09-03,BAC,Bank of America Corporation,金融地产,银行,XLF,63.04,Wait,,65.3519,65.6771,61.5584,0.0172,0.0706,-0.0395,0.012,0.1973,4.1187,3,0.5
2026-09-03,BALL,Ball Corporation,基础材料,包装容器纸制品,XLB,62.93,Wait,,65.0493,65.4331,63.0517,0.0203,0.0098,-0.1071,0.0784,0.1312,2.3814,3,0.4919
2026-09-03,BAM,Brookfield Asset Management Inc,金融地产,资管,XLF,50.29,Wait,,56.3629,56.759,51.2391,0.0263,-1.7072,-0.0369,0.0898,0.0396,5.5199,3.5,0.3809
2026-09-03,BB,BlackBerry Limited,软件,软件,IGV,7.7,Wait,,9.0777,9.2093,11.056,0.0569,-1.561,-0.1496,0.2549,0.0824,-1.8467,4,0.2
2026-09-03,BBIO,"BridgeBio Pharma, Inc.",医疗健康,生物科技,XBI,75.41,Wait,,85.4241,86.1615,81.5665,0.0326,-2.2253,-0.1421,0.3252,0.1203,4.5951,3.5,0.3068
2026-09-03,BBVA,Banco Bilbao Vizcaya Argentaria,金融地产,银行,XLF,29.64,Too High,,29.4316,29.5646,27.8802,0.015,2.0507,-0.1633,0.3725,0.2998,1.6844,3,0.5
2026-09-03,BCPC,Balchem Corporation,基础材料,化工,XLB,171.74,Wait,,182.9974,184.1884,169.3698,0.0231,-1.6486,0.0117,0.0725,0.0798,14.8186,3,0.4326
2026-09-03,BCS,Barclays PLC,金融地产,银行,XLF,26.9,Wait,,28.7064,28.8542,27.0816,0.0183,-0.7721,-0.1834,0.1972,0.0409,1.7726,3,0.5
2026-09-03,BDC,Belden Inc,科技硬件,网络基础,XLK,118.92,Wait,,139.2192,140.6609,121.2097,0.0404,-1.4099,0.0018,0.157,0.0035,19.4513,3.5,0.2475
2026-09-03,BE,Bloom Energy Corporation,公用电力,电力,GRID,235.55,Bad Market,,241.0372,246.8529,268.307,0.0823,0.9809,-0.1422,0.0481,0.0618,-21.4541,4,0.2
2026-09-03,BELFB,Bel Fuse Inc.,科技硬件,电子元件,XLK,239.89,Wait,,303.1749,306.9772,282.3423,0.0528,-2.2747,-0.1342,0.4676,0.1068,24.6349,4,0.2
2026-09-03,BEPC,Brookfield Renewable Corporatio,公用电力,电力,XLU,31.5,Bad Market,,36.185,36.4616,34.7127,0.0293,-2.2026,-0.1634,0.1939,0.1805,1.749,3.5,0.3416
2026-09-03,BG,Bunge Limited,基础材料,农业,MOO,120.12,Wait,,124.0612,125.3347,109.023,0.0353,1.5003,0.0983,0.3312,0.0065,16.3117,3.5,0.283
2026-09-03,BHE,"Benchmark Electronics, Inc.",科技硬件,解决方案,XLK,71.21,Wait,,86.1221,87.084,87.4481,0.045,-1.5593,-0.1138,0.4944,0.1553,-0.3641,3.5,0.2221
2026-09-03,BHP,BHP Group Limited,矿业,金属采矿,XME,92.71,Wait,,99.6171,100.3186,90.506,0.0252,0.1471,-0.0076,0.179,0.0025,9.8126,3.5,0.3965
2026-09-03,BKH,Black Hills Corporation,公用电力,天然气/电力,XLU,73.3,Bad Market,,75.3567,75.7807,71.7999,0.0193,0.1351,-0.1094,0.0718,0.0052,3.9808,3,0.5
2026-09-03,BKNG,Booking Holdings Inc. Common St,消费,在线旅游,XLY,195.13,Bad Market,,216.3713,218.3571,191.2529,0.0339,-2.0148,0.0031,0.0107,0.0961,27.1042,3.5,0.2948
2026-09-03,BKR,Baker Hughes Company,油气,油气设备服务,XLE,63.64,Wait,,65.5364,66.0286,59.1578,0.0258,0.1819,-0.0744,0.1241,0.0451,6.8708,3.5,0.3879
2026-09-03,BKV,BKV Corporation,油气,油气勘探开发,XLE,26.29,Wait,,26.9929,27.2991,23.7875,0.0388,1.0321,-0.0157,0.2534,0.0789,3.5116,3.5,0.2576
2026-09-03,BLK,"BlackRock, Inc.",金融地产,资管,XLF,1126.15,Wait,,1194.1015,1201.2527,1111.3273,0.0212,-1.1378,-0.0707,0.019,0.0897,89.9254,3,0.4724
2026-09-03,BLZE,"Backblaze, Inc.",软件,软件,IGV,13.31,Wait,,20.6705,21.0314,15.6192,0.0904,-2.9621,0.0987,0.4723,0.1158,5.4122,4,0.2
2026-09-03,BMY,Bristol-Myers Squibb Company,医疗健康,制药,XLV,68.09,Wait,,68.6009,69.0538,63.3913,0.0222,1.4521,-0.0045,0.1237,0.2504,5.6624,3,0.4511
2026-09-03,BNTX,BioNTech SE,医疗健康,生物技术,XBI,102.88,Wait,,117.5988,118.8982,101.4105,0.0421,0.2769,0.2182,0.1978,0.1372,17.4877,3.5,0.2375
2026-09-03,BOX,"Box, Inc.",软件,软件,IGV,35.96,Wait,,36.1396,36.4921,31.6674,0.0327,2.1391,0.0878,0.312,0.3086,4.8247,3.5,0.306
2026-09-03,BP,BP p.l.c.,油气,综合油气,XLE,43.58,Wait,,45.5758,45.871,42.2678,0.0226,0.44,-0.0366,0.0825,0.0624,3.6033,3,0.4428
2026-09-03,BRKR,Bruker Corporation,医疗健康,生命科学工具,XLV,59.41,Wait,,60.5141,61.3529,54.5538,0.0471,0.7571,0.0342,0.2961,0.0386,6.7992,3.5,0.2125
2026-09-03,BRZE,"Braze, Inc.",软件,软件,IGV,33.25,Wait,,34.8625,35.3268,29.1134,0.0465,1.8861,0.0175,0.36,0.2702,6.2134,3.5,0.2148
2026-09-03,BTSG,"BrightSpring Health Services, I",医疗健康,医疗健康,XLV,61.43,Wait,,63.6343,64.4085,63.8777,0.042,0.6024,0.0388,0.0461,0.034,0.5308,3.5,0.238
2026-09-03,BTU,Peabody Energy Corporation,油气,煤矿,XLE,27.64,Wait,,29.9664,30.3466,25.2545,0.0459,0.8092,-0.0395,0.3446,0.0708,5.0921,3.5,0.2181
2026-09-03,BUD,Anheuser-Busch Inbev SA Sponsor,消费,消费必需品,XLP,80.22,Wait,,85.8826,86.3042,82.2644,0.0175,0.4007,-0.0841,0.2413,0.0401,4.0398,3,0.5
2026-09-03,BVN,Buenaventura Mining Company Inc,矿业,金,GDX,34.77,Wait,,36.6477,37.087,31.1745,0.0421,0.2001,-0.0739,0.1863,0.0292,5.9126,3.5,0.2374
2026-09-03,BWLP,BW LPG Limited,航运,海运,SEA,24.61,Wait,,25.0461,25.2973,21.8692,0.034,1.6188,0.1469,0.3502,0.2198,3.4281,3.5,0.2939
2026-09-03,BWXT,"BWX Technologies, Inc.",航空国防,航空航天国防,ITA,160.25,Bad Market,,174.8225,176.7029,188.062,0.0391,-0.231,-0.1428,0.1672,0.1765,-11.3592,3.5,0.2557
2026-09-03,C,"Citigroup, Inc.",金融地产,银行,XLF,138.14,Wait,,140.7114,141.6066,136.7184,0.0216,1.2462,-0.0967,0.039,0.0495,4.8882,3,0.463
2026-09-03,CAKE,The Cheesecake Factory Incorpor,消费,餐饮,XLY,107.18,Bad Market,,118.3618,119.5023,103.9842,0.0355,-0.9299,0.1849,0.0261,0.3233,15.5181,3.5,0.2819
2026-09-03,CALM,"Cal-Maine Foods, Inc.",基础材料,农业,MOO,76.03,Wait,,86.4303,87.2297,84.1741,0.035,-2.1709,-0.013,0.3697,0.0395,3.0555,3.5,0.2853
2026-09-03,CAMT,Camtek Ltd.,半导体,半导体,SOXX,138.9,Bad Market,,176.0587,178.8467,158.5465,0.0669,-1.3031,-0.122,0.1135,0.1282,20.3002,4,0.2
2026-09-03,CART,Maplebear Inc.,消费,互联网零售,XLY,51.72,Bad Market,,52.2972,52.7954,45.9675,0.0321,1.0628,-0.0585,0.303,0.1587,6.8279,3.5,0.3114
2026-09-03,CAT,"Caterpillar, Inc.",工业,工业机械,XLI,800.14,Bad Market,,889.6514,898.1145,966.1644,0.0353,-0.9862,-0.1227,0.2992,0.1352,-68.0499,3.5,0.2836
2026-09-03,CB,Chubb Limited,金融地产,保险,XLF,348.25,Wait,,356.9674,358.7299,345.8754,0.0169,0.8101,-0.0899,0.0008,0.0851,12.8545,3,0.5
2026-09-03,CBRS,Cerebras Systems Inc.,半导体,半导体,SOXX,190.44,Bad Market,,265.5512,270.788,192.2359,0.0917,-1.0264,-0.2532,0.1416,0.031,78.5521,4,0.2
2026-09-03,CCJ,Cameco Corporation,矿业,铀,URA,100.62,Bad Market,,108.3662,109.6078,94.4044,0.0411,0.3118,-0.1083,0.1706,0.0665,15.2034,3.5,0.2431
2026-09-03,CDE,"Coeur Mining, Inc.",矿业,银,SIL,21.65,Wait,,22.4304,22.7609,17.8026,0.0509,1.6649,-0.0163,0.3383,0.0875,4.9583,4,0.2
2026-09-03,CDNA,"CareDx, Inc.",医疗健康,诊断检测,XLV,49.86,Wait,,52.8586,53.5888,43.841,0.0488,0.7525,0.2818,0.1289,0.4064,9.7478,3.5,0.2048
2026-09-03,CDW,CDW Corporation,科技硬件,IT,XLK,153.92,Wait,,155.5392,157.5727,130.2763,0.044,1.9854,0.124,0.001,0.1279,27.2963,3.5,0.2271
2026-09-03,CEG,Constellation Energy Corporatio,公用电力,核电,XLU,285.05,Bad Market,,292.8905,295.8059,256.0267,0.0341,0.93,-0.0919,0.1992,0.0691,39.7793,3.5,0.2933
2026-09-03,CELC,Celcuity Inc.,医疗健康,生物技术,XBI,96.43,Wait,,97.1643,98.5237,99.8599,0.047,1.0206,-0.2303,0.0786,0.0577,-1.3362,3.5,0.2128
2026-09-03,CENX,Century Aluminum Company,基础材料,铝,XLB,47.51,Wait,,52.792,53.5451,44.2696,0.0528,0.3938,-0.1458,0.0158,0.0909,9.2755,4,0.2
2026-09-03,CF,"CF Industries Holdings, Inc.",基础材料,化肥,MOO,137.81,Wait,,140.6481,142.2277,120.8413,0.0382,2.6595,0.0782,0.3669,0.2625,21.3865,3.5,0.2617
2026-09-03,CFR,"Cullen/Frost Bankers, Inc.",金融地产,银行,XLF,162.73,Wait,,171.6662,172.618,160.5626,0.0195,-0.5842,0.0196,0.2069,0.2145,12.0554,3,0.5
2026-09-03,CGAU,Centerra Gold Inc.,矿业,金,GDX,23.04,Wait,,24.4804,24.7667,20.9097,0.0414,0.691,0.0769,0.3598,0.1905,3.857,3.5,0.2414
2026-09-03,CGNX,Cognex Corporation,工业,工业设备,XLI,60.79,Bad Market,,72.1279,72.8877,63.5558,0.0417,-0.5731,-0.0842,0.3,0.0488,9.3319,3.5,0.24
2026-09-03,CGON,"CG Oncology, Inc.",医疗健康,生物技术,XLV,74.33,Wait,,81.4233,82.367,69.67,0.0423,-0.7904,-0.0403,0.0916,0.1446,12.697,3.5,0.2363
2026-09-03,CHRD,Chord Energy Corporation,油气,油气勘探开发,XLE,148.0,Wait,,151.89,153.2714,134.2936,0.0311,1.2278,-0.0376,0.1883,0.1485,18.9778,3.5,0.3214
2026-09-03,CHRN,ChronoScale Holdings Corporatio,数据中心,数据中心,DTCR,20.08,Bad Market,,24.9335,25.6588,19.9595,0.1204,-0.3605,0.0092,0.2124,0.012,5.6993,4,0.2
2026-09-03,CHYM,"Chime Financial, Inc.",金融地产,消费金融,XLF,33.65,Wait,,33.7465,34.1689,28.4822,0.0418,1.0448,0.0696,0.424,0.4298,5.6867,3.5,0.239
2026-09-03,CIEN,Ciena Corporation,科技硬件,光通信,XLK,317.46,Wait,,450.638,458.8251,381.399,0.086,-2.9745,-0.0847,0.2806,0.1302,77.4261,4,0.2
2026-09-03,CIFR,Cipher Digital Inc.,数据中心,数据中心,DTCR,17.37,Bad Market,,20.7474,21.2985,21.8322,0.1058,0.483,-0.1274,0.1364,0.1204,-0.5337,4,0.2
2026-09-03,CL,Colgate-Palmolive Company,消费,消费必需品,XLP,90.09,Wait,,94.167,94.6992,89.8078,0.0197,-0.7793,-0.1083,0.1495,0.0097,4.8914,3,0.5
2026-09-03,CLBK,"Columbia Financial, Inc.",金融地产,银行,XLF,11.7,Wait,,11.937,12.0123,11.0666,0.0215,0.6759,0.0454,0.3934,0.368,0.9458,3,0.4659
2026-09-03,CLF,Cleveland-Cliffs Inc.,基础材料,钢铁,XLB,12.28,Wait,,12.7813,12.9782,10.6444,0.0535,0.7023,-0.0029,0.005,0.0538,2.3338,4,0.2
2026-09-03,CLH,"Clean Harbors, Inc.",工业,环境服务,XLI,318.65,Bad Market,,329.2365,331.262,306.0848,0.0212,0.4735,-0.0645,0.1208,0.1635,25.1772,3,0.472
2026-09-03,CLMT,"Calumet, Inc",油气,燃料油,XLE,53.5,Wait,,53.605,54.3101,44.8433,0.0439,2.5059,0.2585,0.3459,0.3683,9.4669,3.5,0.2276
2026-09-03,CLS,"Celestica, Inc.",科技硬件,电子元件,XLK,309.84,Wait,,375.2325,381.3561,300.3608,0.0659,-0.069,-0.113,0.2309,0.0995,80.9953,4,0.2
2026-09-03,CLSK,"CleanSpark, Inc.",数据中心,数据中心,DTCR,12.58,Bad Market,,14.3817,14.6994,13.2151,0.0842,0.5568,-0.0944,0.1247,0.1273,1.4842,4,0.2
2026-09-03,CM,Canadian Imperial Bank of Comme,金融地产,银行,XLF,118.16,Wait,,124.9216,125.7261,115.6946,0.0227,0.064,0.1592,0.0065,0.0539,10.0316,3,0.4406
2026-09-03,CMBT,CMB.TECH NV,航运,海运,SEA,18.7,Wait,,18.937,19.0951,16.9054,0.0282,2.2427,0.0233,0.5346,0.2232,2.1897,3.5,0.3548
2026-09-03,CMG,"Chipotle Mexican Grill, Inc.",消费,餐饮,XLY,37.57,Bad Market,,38.8957,39.2711,34.1404,0.0333,1.8357,-0.0103,0.265,0.1065,5.1307,3.5,0.3002
2026-09-03,CNH,CNH Industrial N.V.,工业,工业机械,XLI,13.84,Bad Market,,13.7884,13.9555,11.7007,0.0402,4.75,0.1888,0.383,0.2242,2.2548,3.5,0.2485
2026-09-03,CNP,"CenterPoint Energy, Inc (Holdin",公用电力,电力,XLU,39.98,Bad Market,,41.9776,42.2161,42.6547,0.0199,0.0585,-0.0434,0.226,0.1458,-0.4386,3,0.5
2026-09-03,CNQ,Canadian Natural Resources Limi,油气,油气勘探开发,XLE,51.14,Wait,,52.3214,52.6888,48.1365,0.0239,1.6615,0.0013,0.3397,0.1967,4.5523,3,0.4176
2026-09-03,COHR,Coherent Corp.,科技硬件,光通信,XLK,264.41,Wait,,383.8005,390.8062,332.0706,0.0883,-1.8485,-0.1426,0.1815,0.1341,58.7356,4,0.2
2026-09-03,COIN,"Coinbase Global, Inc.",金融地产,加密金融,XLF,192.7,Wait,,193.0418,196.5244,144.2845,0.0602,2.2949,0.0399,0.2666,0.0697,52.24,4,0.2
2026-09-03,COP,ConocoPhillips,油气,油气勘探开发,XLE,135.72,Wait,,138.5572,139.4649,128.1229,0.0223,2.203,-0.0454,0.415,0.2487,11.3421,3,0.4486
2026-09-03,CORT,Corcept Therapeutics Incorporat,医疗健康,生物制药,XBI,112.8,Wait,,124.698,126.1077,107.1235,0.0417,-0.6186,0.1497,0.0699,0.2112,18.9842,3.5,0.2401
2026-09-03,CORZ,"Core Scientific, Inc.",数据中心,数据中心,DTCR,17.9,Bad Market,,23.0725,23.4663,23.9099,0.0733,-0.5341,-0.1316,0.347,0.2096,-0.4437,4,0.2
2026-09-03,COST,Costco Wholesale Corporation,消费,消费必需品,XLP,925.41,Wait,,980.1502,985.4003,934.1789,0.0189,-1.4041,-0.0691,0.1152,0.1169,51.2214,3,0.5
2026-09-03,CP,Canadian Pacific Kansas City Li,工业,铁路,IYT,91.3,Bad Market,,97.603,98.1867,90.8534,0.0213,-0.8964,0.0213,0.0287,0.0396,7.3333,3,0.4693
2026-09-03,CPAY,"Corpay, Inc.",金融地产,支付,XLF,419.68,Wait,,429.4368,432.4597,395.0106,0.024,1.101,-0.0739,0.213,0.1853,37.4491,3,0.4165
2026-09-03,CRBG,Corebridge Financial Inc.,金融地产,保险,XLF,34.75,Wait,,34.8375,35.1014,31.4107,0.0253,1.9573,-0.0243,0.2518,0.2137,3.6907,3.5,0.395
2026-09-03,CRC,California Resources Corporatio,油气,油气勘探开发,XLE,53.42,Wait,,54.6642,55.0922,51.2565,0.0267,0.2457,-0.1766,0.0656,0.0716,3.8357,3.5,0.3744
2026-09-03,CRDO,Credo Technology Group Holding ,半导体,半导体,SOXX,164.17,Bad Market,,286.7915,292.7488,223.0897,0.121,-3.6529,-0.0098,0.2816,0.1025,69.6591,4,0.2
2026-09-03,CRGY,Crescent Energy Company,油气,油气勘探开发,XLE,13.96,Wait,,14.4096,14.5492,12.6415,0.0333,2.0074,0.0018,0.4098,0.2295,1.9077,3.5,0.3
2026-09-03,CRL,Charles River Laboratories Inte,医疗健康,CRO,XLV,293.35,Wait,,301.5135,304.4268,264.5916,0.0331,0.748,0.0615,0.5025,0.4214,39.8352,3.5,0.3021
2026-09-03,CRM,"Salesforce, Inc.",软件,软件,IGV,264.43,Too High,,260.7543,263.9371,220.9773,0.0401,4.7807,0.2056,0.5837,0.3884,42.9598,3.5,0.2492
2026-09-03,CROX,"Crocs, Inc.",消费,服饰鞋类,XLY,116.01,Bad Market,,142.3501,143.6827,125.6427,0.0383,-2.394,-0.0408,0.5181,0.0759,18.04,3.5,0.2612
2026-09-03,CRUS,"Cirrus Logic, Inc.",半导体,半导体,SOXX,113.13,Bad Market,,134.7213,135.8553,152.1794,0.0334,-0.864,-0.2371,0.5497,0.3956,-16.324,3.5,0.2993
2026-09-03,CRWD,"CrowdStrike Holdings, Inc.",软件,软件,IGV,214.97,Wait,,233.5613,237.4031,179.7749,0.0596,0.3687,0.3219,0.0213,0.1362,57.6283,4,0.2
2026-09-03,CRWV,"CoreWeave, Inc.",数据中心,数据中心,DTCR,84.56,Bad Market,,108.9699,110.8298,93.1518,0.0733,-1.0585,-0.1678,0.1038,0.149,17.678,4,0.2
2026-09-03,CSCO,"Cisco Systems, Inc.",科技硬件,通讯,XLK,108.61,Wait,,124.9661,125.8379,113.7087,0.0268,-1.7773,-0.1136,0.3847,0.1065,12.1292,3.5,0.3737
2026-09-03,CSTM,Constellium SE,基础材料,铝加工,XLB,26.48,Wait,,30.1848,30.5147,30.7506,0.0415,-1.3279,-0.1342,0.2899,0.2249,-0.2359,3.5,0.2408
2026-09-03,CSX,CSX Corporation,工业,铁路/联运,IYT,48.99,Bad Market,,52.2499,52.5648,50.0805,0.0214,-1.4793,0.0619,0.2713,0.0788,2.4843,3,0.4666
2026-09-03,CTVA,"Corteva, Inc.",基础材料,农业,MOO,88.62,Wait,,90.8562,91.5627,82.2673,0.0266,3.5436,0.1157,0.4701,0.1728,9.2954,3.5,0.3763
2026-09-03,CVE,Cenovus Energy Inc,油气,综合油气,XLE,32.8,Wait,,33.458,33.7418,29.8188,0.0288,1.585,0.0145,0.3567,0.225,3.923,3.5,0.3467
2026-09-03,CVX,Chevron Corporation,油气,综合油气,XLE,211.32,Wait,,213.7346,214.9074,200.0521,0.0185,2.631,-0.0533,0.4366,0.2441,14.8553,3,0.5
2026-09-03,CWEN,"Clearway Energy, Inc.",公用电力,电力,XLU,31.47,Bad Market,,34.8147,35.0817,34.5651,0.0283,-1.6068,-0.1573,0.0291,0.2509,0.5166,3.5,0.3536
2026-09-03,D,"Dominion Energy, Inc.",公用电力,电力,XLU,66.79,Bad Market,,69.7815,70.1185,68.3208,0.0168,-0.4305,-0.0802,0.2256,0.0592,1.7977,3,0.5
2026-09-03,DAL,"Delta Air Lines, Inc.",工业,航空运输,IYT,78.75,Bad Market,,93.9275,94.6251,85.521,0.0295,-2.6122,-0.0904,0.4708,0.055,9.1041,3.5,0.3386
2026-09-03,DAR,Darling Ingredients Inc.,基础材料,化工,XLB,65.75,Wait,,68.9975,69.8658,58.2097,0.044,0.3878,0.2423,0.1669,0.1638,11.6561,3.5,0.2272
2026-09-03,DAVE,Dave Inc.,金融地产,消费金融,XLF,390.86,Wait,,434.8876,441.979,347.9776,0.0605,1.9443,0.068,0.1173,0.1309,94.0014,4,0.2
2026-09-03,DB,Deutsche Bank AG,金融地产,银行,XLF,41.56,Too High,,40.8614,41.0783,38.3313,0.0174,3.8512,-0.1137,0.448,0.2236,2.747,3,0.5
2026-09-03,DBD,Diebold Nixdorf Incorporated,科技硬件,硬件,XLK,68.19,Wait,,78.8019,79.5759,81.7201,0.0378,-0.5944,-0.097,0.327,0.1749,-2.1442,3.5,0.2643
2026-09-03,DBX,"Dropbox, Inc.",软件,软件,IGV,35.7,Wait,,36.287,36.6212,32.0315,0.0312,1.001,0.0622,0.0915,0.2501,4.5897,3.5,0.3205
2026-09-03,DDOG,"Datadog, Inc.",软件,软件,IGV,214.76,Wait,,290.9503,295.1506,232.1448,0.0652,-1.5915,0.0957,0.3296,0.0399,63.0058,4,0.2
2026-09-03,DE,Deere & Company,工业,工业机械,XLI,694.41,Bad Market,,705.3141,711.4888,626.3322,0.0296,3.2806,0.1225,0.3,0.1845,85.1565,3.5,0.3374
2026-09-03,DELL,Dell Technologies Inc.,科技硬件,硬件,XLK,516.39,Too High,,501.0413,510.8382,363.8846,0.0632,1.7678,0.1999,0.1314,0.118,146.9536,4,0.2
2026-09-03,DEO,Diageo plc,消费,消费必需品,XLP,90.68,Wait,,98.0168,98.5966,91.3116,0.0213,-1.5211,-0.0538,0.0869,0.1311,7.285,3,0.4692
2026-09-03,DGII,Digi International Inc.,科技硬件,通讯设备,XLK,70.28,Wait,,85.9428,86.8747,74.3674,0.0442,-2.6517,0.0684,0.0446,0.0168,12.5074,3.5,0.2262
2026-09-03,DGX,Quest Diagnostics Incorporated,医疗健康,诊断检测,XLV,239.4,Wait,,247.394,248.9327,229.6135,0.0214,-0.0924,0.0161,0.1546,0.2952,19.3192,3,0.4668
2026-09-03,DHR,Danaher Corporation,医疗健康,生命科学工具,XLV,211.03,Wait,,220.9603,222.8585,196.7045,0.03,0.236,0.0436,0.2572,0.1634,26.154,3.5,0.3335
2026-09-03,DHT,"DHT Holdings, Inc.",航运,海运,SEA,20.19,Wait,,20.2719,20.475,17.7004,0.0335,1.4268,-0.0231,0.2426,0.0822,2.7746,3.5,0.2982
2026-09-03,DINO,HF Sinclair Corporation,油气,炼油,XLE,106.15,Wait,,107.1215,108.2359,93.0583,0.035,3.3083,0.1763,0.3917,0.4135,15.1777,3.5,0.2858
2026-09-03,DIOD,Diodes Incorporated,半导体,半导体,SOXX,89.95,Bad Market,,108.6586,110.3065,100.788,0.0611,-1.1151,-0.0819,0.0174,0.0874,9.5185,4,0.2
2026-09-03,DIS,Walt Disney Company (The),通讯服务,影视娱乐,XLC,107.16,Wait,,112.3216,113.0111,104.3548,0.0214,0.313,-0.0054,0.264,0.0743,8.6563,3,0.4662
2026-09-03,DK,"Delek US Holdings, Inc.",油气,炼油,XLE,72.4,Wait,,75.1591,76.3878,57.9573,0.0566,1.217,0.2846,0.123,0.2823,18.4306,4,0.2
2026-09-03,DLR,"Digital Realty Trust, Inc.",金融地产,房地产,XLRE,187.79,Bad Market,,202.0279,203.6425,181.3128,0.0287,-0.7653,0.0558,0.1167,0.0166,22.3297,3.5,0.3489
2026-09-03,DLTR,"Dollar Tree, Inc.",消费,消费必需品,XLP,131.04,Wait,,138.0604,139.5013,119.9396,0.0367,0.1519,0.0736,0.0079,0.1699,19.5617,3.5,0.2728
2026-09-03,DOC,"Healthpeak Properties, Inc.",金融地产,医疗地产,XLRE,21.03,Bad Market,,22.0003,22.1276,21.547,0.0202,0.0377,-0.0683,0.1178,0.0677,0.5806,3,0.4956
2026-09-03,DOW,Dow Inc.,基础材料,化工,XLB,30.36,Wait,,33.2036,33.5189,29.2816,0.0346,-0.5157,-0.1389,0.0023,0.0799,4.2373,3.5,0.2889
2026-09-03,DSX,Diana Shipping inc.,航运,海运,SEA,2.97,Wait,,3.0397,3.0742,2.6074,0.0387,3.0424,0.0734,0.3821,0.2436,0.4669,3.5,0.2582
2026-09-03,DTM,"DT Midstream, Inc.",油气,油气中游,AMLP,128.58,Wait,,138.1858,139.2311,138.5443,0.0271,-0.942,0.0217,0.1657,0.1272,0.6868,3.5,0.369
2026-09-03,DUK,Duke Energy Corporation (Holdin,公用电力,电力,XLU,121.4,Bad Market,,125.8177,126.3984,124.7137,0.0159,-0.4686,-0.0929,0.1358,0.0732,1.6847,3,0.5
2026-09-03,DVN,Devon Energy Corporation,油气,油气勘探开发,XLE,48.79,Wait,,49.7879,50.1538,45.6414,0.025,1.592,-0.1031,0.289,0.1558,4.5123,3,0.4001
2026-09-03,ECO,Okeanis Eco Tankers Corp.,航运,海运,SEA,69.56,Wait,,69.7156,70.4152,60.8582,0.0335,2.3598,0.0276,0.3258,0.2353,9.557,3.5,0.2983
2026-09-03,EFXT,Enerflex Ltd,油气,油气设备服务,XLE,22.1,Wait,,22.701,22.9803,22.561,0.0421,1.466,-0.0062,0.0124,0.0539,0.4193,3.5,0.2373
2026-09-03,EGO,Eldorado Gold Corporation,矿业,金,GDX,43.79,Wait,,48.5779,49.1896,41.0032,0.0466,0.7577,0.0805,0.3916,0.1532,8.1865,3.5,0.2148
2026-09-03,EIX,Edison International,公用电力,电力,XLU,56.3,Bad Market,,75.5417,76.6842,65.1467,0.0676,-3.3981,0.533,0.2834,0.1885,11.5374,4,0.2
2026-09-03,EL,"Estee Lauder Companies, Inc. (T",消费,消费必需品,XLP,100.86,Wait,,107.2186,108.2308,94.4005,0.0335,1.7114,0.0172,0.3237,0.1533,13.8303,3.5,0.2989
2026-09-03,ELAN,Elanco Animal Health Incorporat,医疗健康,动物制药,XLV,24.42,Wait,,26.4642,26.7395,23.2476,0.0376,0.7507,-0.0553,0.0901,0.0075,3.492,3.5,0.2661
2026-09-03,EMN,Eastman Chemical Company,基础材料,化工,XLB,70.77,Wait,,75.8677,76.4478,68.3925,0.0273,-1.2511,-0.0725,0.149,0.0485,8.0553,3.5,0.366
2026-09-03,EMR,Emerson Electric Company,工业,工业机械,XLI,150.21,Bad Market,,165.8821,167.0876,150.3164,0.0268,-1.8343,-0.0378,0.1755,0.0111,16.7712,3.5,0.3738
2026-09-03,ENB,Enbridge Inc,油气,油气中游,AMLP,50.52,Wait,,53.8598,54.1296,54.1614,0.0178,-0.2657,-0.0403,0.2946,0.1784,-0.0318,3,0.5
2026-09-03,ENPH,"Enphase Energy, Inc.",公用电力,太阳能,TAN,36.31,Bad Market,,42.6988,43.2969,44.4349,0.0549,-1.2562,-0.3064,0.2286,0.1848,-1.138,4,0.2
2026-09-03,ENS,EnerSys,工业,锂电池,XLI,179.99,Bad Market,,205.1999,207.4952,207.0412,0.0425,-1.3865,-0.0832,0.1952,0.1901,0.4541,3.5,0.2352
2026-09-03,ENTG,"Entegris, Inc.",半导体,半导体材料,SOXX,130.7,Bad Market,,165.3794,167.7336,152.6115,0.06,-1.9348,-0.1224,0.1448,0.0602,15.122,4,0.2
2026-09-03,EOG,"EOG Resources, Inc.",油气,油气勘探开发,XLE,145.96,Wait,,154.5096,155.5568,142.5778,0.0239,0.1992,-0.0549,0.0458,0.1123,12.979,3,0.4181
2026-09-03,EPD,Enterprise Products Partners L.,油气,油气中游,AMLP,39.17,Wait,,39.6516,39.8266,37.6102,0.0149,1.183,-0.1058,0.1648,0.1488,2.2164,3,0.5
2026-09-03,EQH,"Equitable Holdings, Inc.",金融地产,保险,XLF,53.54,Wait,,53.6254,54.0404,48.2481,0.0258,2.0449,-0.0082,0.2668,0.1957,5.7924,3.5,0.387
2026-09-03,EQIX,"Equinix, Inc.",数据中心,数据中心,DTCR,1040.83,Bad Market,,1112.5083,1121.9975,1005.2319,0.0304,-0.68,0.1193,0.0398,0.068,116.7657,3.5,0.3291
2026-09-03,EQNR,Equinor ASA,油气,综合油气,XLE,42.66,Wait,,44.6566,44.9839,40.4112,0.0256,0.9509,-0.0555,0.2419,0.23,4.5727,3.5,0.391
2026-09-03,EQT,EQT Corporation,油气,油气勘探开发,XLE,55.61,Wait,,56.3061,56.7204,51.6065,0.0248,1.1968,-0.0563,0.2536,0.1268,5.1139,3,0.4026
2026-09-03,EQX,Equinox Gold Corp.,矿业,金,GDX,13.12,Wait,,14.1112,14.2921,11.8691,0.046,1.2179,-0.0528,0.4069,0.0908,2.423,3.5,0.2175
2026-09-03,ERAS,"Erasca, Inc.",医疗健康,生物技术,XBI,16.26,Wait,,19.7246,20.0765,16.5677,0.0721,-1.4888,0.0067,0.2181,0.0948,3.5088,4,0.2
2026-09-03,ERIC,Ericsson,科技硬件,通讯设备,XLK,10.13,Wait,,10.48,10.5399,11.1502,0.0197,-0.01,-0.2813,0.0636,0.1702,-0.6103,3,0.5
2026-09-03,ERO,Ero Copper Corp.,矿业,铜,COPX,35.32,Wait,,40.7759,41.3397,32.8823,0.0532,-0.4533,0.1061,0.2117,0.0926,8.4574,4,0.2
2026-09-03,EROC,"ERock, Inc.",公用电力,电气设备,GRID,11.71,Bad Market,,17.651,18.0275,12.3803,0.1072,-1.1116,-0.099,0.0118,0.0855,5.6472,4,0.2
2026-09-03,ES,Eversource Energy (D/B/A),公用电力,电力,XLU,71.47,Bad Market,,73.3352,73.7164,71.5786,0.0178,0.0516,-0.1045,0.1088,0.045,2.1378,3,0.5
2026-09-03,ESE,ESCO Technologies Inc.,航空国防,航空航天国防,ITA,273.87,Bad Market,,330.7687,333.7608,319.9922,0.0364,-1.6968,-0.0906,0.453,0.1662,13.7686,3.5,0.2746
2026-09-03,ESI,Element Solutions Inc.,基础材料,化工,XLB,34.98,Wait,,39.5698,40.0131,43.9179,0.0422,-1.1413,-0.0913,0.2807,0.1727,-3.9048,3.5,0.2367
2026-09-03,ESTC,Elastic N.V.,软件,软件,IGV,96.13,Wait,,100.9759,102.5747,78.5928,0.0554,2.264,0.3628,0.3524,0.3166,23.9818,4,0.2
2026-09-03,ETN,"Eaton Corporation, PLC",工业,工业机械,XLI,397.12,Bad Market,,463.9312,468.1651,410.5646,0.0355,-2.1575,-0.0719,0.3518,0.0206,57.6005,3.5,0.2814
2026-09-03,ETR,Entergy Corporation,公用电力,电力,XLU,107.78,Bad Market,,109.8974,110.5199,110.1055,0.0193,0.4581,-0.0604,0.0543,0.0805,0.4144,3,0.5
2026-09-03,ETSY,"Etsy, Inc.",消费,互联网零售,XLY,82.03,Bad Market,,87.8503,88.8337,75.5566,0.04,0.1084,0.0601,0.1218,0.0916,13.2771,3.5,0.2502
2026-09-03,EVRG,"Evergy, Inc.",公用电力,电力,XLU,81.93,Bad Market,,84.7114,85.1202,84.0416,0.0166,-0.3001,-0.0468,0.1401,0.0516,1.0786,3,0.5
2026-09-03,EW,Edwards Lifesciences Corporatio,医疗健康,医疗器械,IHI,89.78,Wait,,94.5578,95.1613,89.1447,0.0224,-0.6126,-0.0946,0.0112,0.0218,6.0166,3,0.4463
2026-09-03,EXC,Exelon Corporation,公用电力,电力,XLU,44.53,Bad Market,,46.2785,46.5296,45.3691,0.0188,-0.233,-0.0767,0.1721,0.0836,1.1605,3,0.5
2026-09-03,EXE,Expand Energy Corporation,油气,油气勘探开发,XLE,99.05,Wait,,100.9705,101.6443,93.2417,0.0227,1.2391,-0.1037,0.2491,0.1719,8.4026,3,0.441
2026-09-03,EXK,Endeavour Silver Corporation,矿业,银,SIL,11.47,Enter,0.2197,11.4279,11.6197,8.7426,0.0557,1.514,0.024,0.3391,0.122,2.8771,4,0.2
2026-09-03,EXPE,"Expedia Group, Inc.",消费,在线旅游,XLY,303.14,Bad Market,,342.1614,345.8688,295.8769,0.0408,-1.5229,0.0753,0.0573,0.1646,49.9919,3.5,0.2453
2026-09-03,EXTR,"Extreme Networks, Inc.",科技硬件,网络,XLK,21.89,Wait,,32.5589,32.8602,30.1949,0.0459,-1.3397,-0.1411,0.6337,0.2371,2.6653,3.5,0.218
2026-09-03,F,Ford Motor Company,消费,可选消费,XLY,14.41,Bad Market,,14.6441,14.7666,13.8507,0.0283,0.9734,-0.1099,0.0361,0.0,0.9159,3.5,0.3529
2026-09-03,FANG,"Diamondback Energy, Inc.",油气,油气勘探开发,XLE,202.94,Wait,,213.0494,214.7306,191.4061,0.0276,0.1825,-0.0574,0.1785,0.0852,23.3245,3.5,0.3621
2026-09-03,FAST,Fastenal Company,工业,工业分销,XLI,49.23,Bad Market,,52.8723,53.2016,49.087,0.0223,-1.4877,-0.0331,0.0394,0.0925,4.1146,3,0.4485
2026-09-03,FCX,"Freeport-McMoRan, Inc.",矿业,铜,COPX,72.56,Wait,,80.6356,81.5168,69.6288,0.0405,0.1037,0.0355,0.1378,0.027,11.888,3.5,0.247
2026-09-03,FDS,FactSet Research Systems Inc.,金融地产,资本市场,XLF,312.96,Wait,,316.6796,320.053,274.1934,0.0359,1.7241,-0.0056,0.3271,0.2128,45.8596,3.5,0.2783
2026-09-03,FDX,FedEx Corporation,工业,快递物流,IYT,324.31,Bad Market,,342.5931,345.0234,315.0467,0.025,-0.4366,-0.0208,0.1224,0.05,29.9767,3,0.4003
2026-09-03,FE,FirstEnergy Corp.,公用电力,电力,XLU,47.04,Bad Market,,48.6828,48.9245,47.5032,0.0171,0.3519,-0.0635,0.1771,0.0281,1.4213,3,0.5
2026-09-03,FERG,Ferguson Enterprises Inc.,工业,工业分销,XLI,223.23,Bad Market,,266.0123,267.9856,240.758,0.0295,-2.6192,-0.027,0.4064,0.0576,27.2276,3.5,0.3394
2026-09-03,FIVE,"Five Below, Inc.",消费,折扣零售,XLY,239.96,Bad Market,,265.1196,268.0586,228.4316,0.0408,-0.4049,0.1348,0.151,0.2357,39.627,3.5,0.2449
2026-09-03,FIVN,"Five9, Inc.",软件,软件,IGV,34.1,Wait,,34.9141,35.4303,27.6879,0.0505,0.7145,0.0816,0.1873,0.2816,7.7423,4,0.2
2026-09-03,FLEX,Flex Ltd.,科技硬件,电子元件,XLK,107.89,Wait,,131.1876,132.9689,138.3189,0.055,-1.3719,-0.1576,0.2994,0.1551,-5.35,4,0.2
2026-09-03,FLNC,"Fluence Energy, Inc.",公用电力,电力,GRID,10.2,Bad Market,,15.843,16.1025,21.7299,0.0848,-1.976,-0.4425,0.6085,0.3639,-5.6274,4,0.2
2026-09-03,FLNG,FLEX LNG Ltd.,航运,海运,SEA,31.24,Wait,,32.7924,33.0521,29.4497,0.0277,0.1386,0.0323,0.0674,0.0395,3.6024,3.5,0.3608
2026-09-03,FLOC,Flowco Holdings Inc.,油气,油气设备服务,XLE,21.44,Wait,,23.9444,24.226,20.4443,0.0438,-0.7771,-0.0367,0.0949,0.064,3.7817,3.5,0.2284
2026-09-03,FLR,Fluor Corporation,工业,建筑,XLI,57.5,Bad Market,,57.575,58.2229,49.4411,0.0376,1.9961,-0.0074,0.179,0.0977,8.7818,3.5,0.2662
2026-09-03,FLS,Flowserve Corporation,工业,工业机械,XLI,77.19,Bad Market,,83.5719,84.2953,74.3609,0.0312,-1.0964,-0.118,0.115,0.0426,9.9343,3.5,0.3201
2026-09-03,FN,Fabrinet,科技硬件,光通信,XLK,395.0,Wait,,604.5464,613.4959,497.7628,0.0755,-2.9047,-0.2068,0.3352,0.1805,115.7332,4,0.2
2026-09-03,FNV,Franco-Nevada Corporation,矿业,金,GDX,270.31,Wait,,274.4731,277.0122,242.1476,0.0313,2.2545,0.025,0.4221,0.1612,34.8646,3.5,0.3194
2026-09-03,FORM,"FormFactor, Inc.",半导体,半导体材料,SOXX,96.76,Bad Market,,139.7408,142.1119,128.3147,0.0817,-2.2682,-0.1406,0.261,0.1257,13.7972,4,0.2
2026-09-03,FOXA,Fox Corporation,通讯服务,影视娱乐,XLC,67.71,Wait,,71.0071,71.56,63.879,0.0272,0.4617,-0.0436,0.3212,0.2591,7.6811,3.5,0.3674
2026-09-03,FPS,"Forgent Power Solutions, Inc.",工业,电气设备,XLI,30.6,Bad Market,,40.0965,40.7512,54.6805,0.0713,-1.812,-0.2599,0.456,0.3464,-13.9293,4,0.2
2026-09-03,FRO,Frontline Plc,航运,海运,SEA,45.42,Wait,,45.8742,46.3411,39.9733,0.0343,2.046,0.02,0.3233,0.1169,6.3678,3.5,0.2919
2026-09-03,FROG,JFrog Ltd.,软件,软件,IGV,90.61,Wait,,105.2102,106.9804,80.4266,0.0651,-0.2545,0.1651,0.0671,0.0771,26.5538,4,0.2
2026-09-03,FRSH,Freshworks Inc.,软件,软件,IGV,13.36,Wait,,14.0536,14.2047,12.1574,0.0377,1.1552,0.0089,0.2189,0.2489,2.0472,3.5,0.2653
2026-09-03,FSLR,"First Solar, Inc.",公用电力,太阳能,TAN,207.42,Bad Market,,252.1242,254.8793,232.2173,0.0443,-1.2545,-0.1942,0.3515,0.2025,22.662,3.5,0.2259
2026-09-03,FSLY,"Fastly, Inc.",软件,软件,IGV,21.12,Wait,,30.3813,30.9232,22.7945,0.0855,-2.1064,-0.0044,0.1259,0.076,8.1287,4,0.2
2026-09-03,FTI,TechnipFMC plc,油气,油气设备服务,XLE,80.08,Wait,,80.6108,81.3128,71.6202,0.0292,1.6481,0.0156,0.4366,0.1889,9.6926,3.5,0.3422
2026-09-03,FTNT,"Fortinet, Inc.",软件,网络安全,IGV,156.36,Wait,,174.3436,176.5131,147.4695,0.0462,-0.4511,0.1936,0.1254,0.0473,29.0435,3.5,0.2162
2026-09-03,FUL,H. B. Fuller Company,基础材料,材料,XLB,53.67,Wait,,64.1167,64.6837,58.2452,0.0352,-2.7633,-0.0539,0.2244,0.1742,6.4385,3.5,0.284
2026-09-03,GD,General Dynamics Corporation,航空国防,航空航天国防,ITA,365.87,Bad Market,,399.561,401.7156,374.424,0.0196,-2.6892,-0.0437,0.2721,0.0086,27.2916,3,0.5
2026-09-03,GE,GE Aerospace,航空国防,航空航天国防,ITA,333.48,Bad Market,,384.5548,387.1463,350.9861,0.0259,-2.4616,-0.0982,0.3537,0.0635,36.1602,3.5,0.3861
2026-09-03,GEHC,GE HealthCare Technologies Inc.,医疗健康,医疗器械,IHI,69.72,Wait,,75.5172,76.0479,68.6289,0.0254,-1.6806,-0.098,0.0354,0.1078,7.419,3.5,0.3941
2026-09-03,GEL,"Genesis Energy, L.P.",油气,油气中游,AMLP,16.18,Wait,,16.7318,16.855,15.1331,0.0254,0.5201,-0.1077,0.2723,0.1726,1.7218,3.5,0.3941
2026-09-03,GEN,Gen Digital Inc.,软件,网络安全,IGV,31.33,Wait,,31.3333,31.6186,27.691,0.0304,2.281,0.0531,0.2656,0.2534,3.9276,3.5,0.3294
2026-09-03,GENB,"Generate Biomedicines, Inc.",医疗健康,生物制药,XBI,16.34,Wait,,20.6605,21.0811,14.7709,0.0858,0.3665,0.1635,0.1252,0.0984,6.3102,4,0.2
2026-09-03,GEV,GE Vernova Inc.,公用电力,电气设备,GRID,941.84,Bad Market,,1088.4184,1101.5864,1021.2334,0.0466,-0.8084,-0.0865,0.1942,0.0255,80.353,3.5,0.2146
2026-09-03,GFI,Gold Fields Limited,矿业,金,GDX,48.16,Wait,,49.3516,49.9293,42.1302,0.04,2.3293,0.0077,0.471,0.1487,7.7991,3.5,0.2501
2026-09-03,GFS,GlobalFoundries Inc.,半导体,半导体,SOXX,44.53,Bad Market,,55.0576,55.7739,80.1185,0.0536,-1.7493,-0.2906,0.246,0.3178,-24.3446,4,0.2
2026-09-03,GH,"Guardant Health, Inc.",医疗健康,诊断检测,XLV,161.04,Wait,,172.5304,174.905,143.2168,0.0492,-0.3705,0.0946,0.0149,0.1485,31.6881,3.5,0.2035
2026-09-03,GILD,"Gilead Sciences, Inc.",医疗健康,制药,XLV,151.22,Wait,,151.4322,152.5573,138.669,0.0248,2.3411,0.0171,0.3829,0.2272,13.8883,3,0.4032
2026-09-03,GKOS,Glaukos Corporation,医疗健康,医疗器械,IHI,180.35,Wait,,191.3535,193.142,168.6836,0.0331,-0.3549,-0.0445,0.187,0.3891,24.4584,3.5,0.3025
2026-09-03,GLNG,Golar LNG Limited,油气,油气中游,AMLP,51.99,Wait,,53.6499,54.076,48.1588,0.0273,0.2686,0.0005,0.2055,0.081,5.9172,3.5,0.366
2026-09-03,GLW,Corning Incorporated,科技硬件,电子元件,XLK,146.0,Wait,,174.9563,177.5758,220.7639,0.0598,-1.0555,-0.2374,0.1406,0.071,-43.1882,4,0.2
2026-09-03,GM,General Motors Company,消费,汽车,XLY,87.22,Bad Market,,90.2222,90.8779,82.6503,0.0251,0.3921,-0.0668,0.0477,0.0739,8.2276,3.5,0.3991
2026-09-03,GMAB,Genmab A/S,医疗健康,生物制药,XBI,34.41,Wait,,34.7041,34.9544,31.8565,0.0243,2.0854,0.0168,0.4603,0.4004,3.0979,3,0.4123
2026-09-03,GNK,Genco Shipping & Trading Limite,航运,海运,SEA,27.29,Wait,,27.5929,27.8691,24.0974,0.0337,1.4038,0.0717,0.1564,0.1522,3.7717,3.5,0.2964
2026-09-03,GOOGL,Alphabet Inc.,通讯服务,互联网媒体,XLC,342.48,Wait,,381.0748,383.5487,352.9105,0.0241,-0.3258,-0.1479,0.3896,0.0934,30.6383,3,0.4153
2026-09-03,GPN,Global Payments Inc.,金融地产,支付,XLF,91.77,Wait,,95.7477,96.6018,84.8655,0.031,0.2699,-0.0175,0.1247,0.2485,11.7363,3.5,0.3223
2026-09-03,GRDN,"Guardian Pharmacy Services, Inc",医疗健康,药房,XLV,40.13,Wait,,44.2313,44.7281,38.0345,0.0413,0.9472,-0.0258,0.0234,0.0495,6.6936,3.5,0.2424
2026-09-03,GRMN,Garmin Ltd.,消费,可选消费,XLY,277.18,Bad Market,,315.9318,318.1282,287.5354,0.0264,-2.6753,-0.0023,0.4458,0.1946,30.5929,3.5,0.3786
2026-09-03,GS,"Goldman Sachs Group, Inc. (The)",金融地产,投行,XLF,1037.9301,Wait,,1070.7593,1078.8203,1058.0248,0.0259,0.1865,-0.0871,0.0546,0.0557,20.7955,3.5,0.3863
2026-09-03,GSAT,"Globalstar, Inc.",航空国防,卫星通信,ITA,81.98,Bad Market,,84.2246,84.4673,81.7527,0.0099,-0.5889,-0.4263,0.2611,0.1009,2.7146,3,0.5
2026-09-03,GSK,GSK plc,医疗健康,制药,XLV,50.87,Wait,,53.4687,53.7947,50.4501,0.0214,-0.3433,-0.0313,0.0442,0.0354,3.3446,3,0.4681
2026-09-03,GTLB,GitLab Inc.,软件,软件,IGV,49.31,Wait,,50.098,50.86,39.43,0.0515,2.7098,0.2481,0.4357,0.3544,11.43,4,0.2
2026-09-03,HAE,Haemonetics Corporation,医疗健康,医疗器械,IHI,102.85,Wait,,109.8285,110.7434,98.1261,0.0297,1.266,0.0523,0.4293,0.3636,12.6174,3.5,0.3372
2026-09-03,HAFN,Hafnia Limited,航运,海运,SEA,8.93,Wait,,8.9693,9.0453,7.9932,0.0284,3.8538,0.0312,0.4277,0.1955,1.0522,3.5,0.3524
2026-09-03,HAL,Halliburton Company,油气,油气设备服务,XLE,37.29,Wait,,38.0029,38.326,33.8607,0.0289,2.4212,-0.0262,0.3554,0.0028,4.4653,3.5,0.3463
2026-09-03,HALO,"Halozyme Therapeutics, Inc.",医疗健康,生物制药,XBI,110.76,Wait,,110.7676,111.6425,99.4525,0.0263,2.2116,0.0934,0.5809,0.4837,12.1901,3.5,0.3798
2026-09-03,HBM,Hudbay Minerals Inc.,矿业,铜,COPX,27.69,Wait,,31.0669,31.4656,26.1389,0.048,-0.3495,-0.0268,0.1672,0.0323,5.3267,3.5,0.2084
2026-09-03,HCC,"Warrior Met Coal, Inc.",矿业,焦煤,XME,103.27,Wait,,109.5627,110.938,92.4854,0.0444,0.3752,0.0787,0.4055,0.0937,18.4526,3.5,0.2253
2026-09-03,HD,"Home Depot, Inc. (The)",消费,家居零售,XLY,318.07,Bad Market,,358.8007,361.0312,335.5952,0.0234,-2.6754,-0.1015,0.3629,0.072,25.4359,3,0.4278
2026-09-03,HEI,Heico Corporation,航空国防,航空航天国防,ITA,325.7,Bad Market,,377.927,380.8552,340.5078,0.03,-2.9609,-0.0069,0.4683,0.0416,40.3474,3.5,0.3337
2026-09-03,HESM,Hess Midstream LP,油气,油气中游,AMLP,39.85,Wait,,41.013,41.2489,38.4718,0.0197,-0.0032,-0.036,0.0542,0.1273,2.777,3,0.5
2026-09-03,HHH,Howard Hughes Holdings Inc.,金融地产,房地产,XLRE,63.51,Bad Market,,68.8351,69.2863,70.2476,0.0237,-1.7794,-0.0974,0.1147,0.0922,-0.9613,3,0.4222
2026-09-03,HIMX,"Himax Technologies, Inc.",半导体,半导体,SOXX,13.56,Bad Market,,15.5456,15.7476,16.1837,0.0496,-0.9128,-0.3085,0.082,0.1133,-0.4361,3.5,0.2014
2026-09-03,HLN,Haleon plc,消费,消费必需品,XLP,9.86,Wait,,10.2666,10.3185,9.7607,0.0176,-0.4997,-0.0488,0.0435,0.1285,0.5578,3,0.5
2026-09-03,HNGE,"Hinge Health, Inc.",医疗健康,医疗科技,XLV,90.76,Wait,,93.7589,95.1223,74.6713,0.0501,0.4334,0.1832,0.233,0.2139,20.451,4,0.2
2026-09-03,HOOD,"Robinhood Markets, Inc.",金融地产,券商,XLF,124.72,Too High,,113.4351,115.4528,90.6474,0.0539,3.6524,0.1058,0.3663,0.1347,24.8054,4,0.2
2026-09-03,HP,"Helmerich & Payne, Inc.",油气,油气设备服务,XLE,45.02,Wait,,48.0902,48.6313,41.3266,0.0401,1.1883,0.153,0.4128,0.1805,7.3047,3.5,0.2496
2026-09-03,HPE,Hewlett Packard Enterprise Comp,科技硬件,IT,XLK,54.44,Wait,,60.4475,61.3889,47.2691,0.0576,0.0198,0.1985,0.0711,0.0791,14.1198,4,0.2
2026-09-03,HPQ,HP Inc.,科技硬件,硬件,XLK,31.93,Wait,,32.3093,32.7385,26.983,0.0448,1.4061,0.1922,0.1909,0.2212,5.7555,3.5,0.2232
2026-09-03,HRB,"H&R Block, Inc.",消费,消费服务,XLY,51.1,Bad Market,,54.691,55.2314,47.8758,0.0352,-0.0633,0.0649,0.2429,0.2879,7.3556,3.5,0.2837
2026-09-03,HTFL,"Heartflow, Inc.",医疗健康,医疗科技,XLV,49.71,Wait,,50.9271,51.6595,41.885,0.0491,3.1002,0.1219,0.7679,0.2845,9.7745,3.5,0.2036
2026-09-03,HUN,Huntsman Corporation,基础材料,化工,XLB,9.4,Wait,,10.534,10.6594,11.7567,0.0445,-1.3227,-0.269,0.3038,0.2354,-1.0973,3.5,0.2248
2026-09-03,HUT,Hut 8 Corp.,数据中心,数据中心,DTCR,88.09,Bad Market,,102.7797,105.2092,92.0461,0.0919,0.4633,-0.0774,0.1513,0.1215,13.1632,4,0.2
2026-09-03,HWKN,"Hawkins, Inc.",基础材料,化工,XLB,129.33,Wait,,136.5833,137.9916,149.0792,0.0363,1.0132,-0.155,0.1058,0.2358,-11.0875,3.5,0.2755
2026-09-03,HWM,Howmet Aerospace Inc.,航空国防,航空航天国防,ITA,260.49,Bad Market,,295.2549,298.0424,260.129,0.0357,-1.4692,0.0586,0.2576,0.0748,37.9134,3.5,0.2803
2026-09-03,IAG,Iamgold Corporation,矿业,金,GDX,20.94,Wait,,22.3794,22.6586,18.9128,0.0444,1.4807,0.0153,0.4099,0.1036,3.7458,3.5,0.225
2026-09-03,IBKR,"Interactive Brokers Group, Inc.",金融地产,券商,XLF,92.95,Wait,,99.1195,100.1582,86.0716,0.0373,0.1873,0.045,0.099,0.0014,14.0866,3.5,0.2685
2026-09-03,IBM,International Business Machines,科技硬件,IT,XLK,234.71,Wait,,241.1371,243.1604,282.5242,0.0287,0.0506,-0.2693,0.0065,0.1119,-39.3638,3.5,0.348
2026-09-03,ICE,Intercontinental Exchange Inc.,金融地产,资本市场,XLF,164.59,Wait,,164.6359,165.7204,152.1453,0.022,2.1115,-0.0366,0.5101,0.2188,13.575,3,0.4553
2026-09-03,ILMN,"Illumina, Inc.",医疗健康,生命科学工具,XLV,221.66,Wait,,229.9066,232.5929,196.3497,0.0404,1.7926,0.1913,0.1795,0.2405,36.2432,3.5,0.2475
2026-09-03,IMNM,"Immunome, Inc.",医疗健康,生物制药,XBI,27.16,Wait,,30.0966,30.4965,25.1594,0.0491,-0.2616,0.06,0.1269,0.2825,5.3371,3.5,0.2037
2026-09-03,IMOS,ChipMOS TECHNOLOGIES INC.,半导体,半导体,SOXX,56.38,Bad Market,,59.8438,60.6714,66.1346,0.0489,0.3224,-0.1794,0.1219,0.0148,-5.4632,3.5,0.2044
2026-09-03,INCY,Incyte Corporation,医疗健康,生物制药,XBI,128.0,Wait,,131.0,132.0474,117.7103,0.0273,1.0244,-0.0036,0.2324,0.2763,14.3371,3.5,0.3666
2026-09-03,INFQ,"Infleqtion, Inc.",科技硬件,量子计算,QTUM,12.66,Bad Market,,14.506,14.7851,12.2392,0.0735,-0.1161,-0.2015,0.1029,0.0228,2.5459,4,0.2
2026-09-03,INGM,Ingram Micro Holding Corporatio,科技硬件,IT,XLK,28.55,Wait,,29.5755,29.8662,27.0081,0.0339,0.4504,-0.037,0.0767,0.0197,2.8581,3.5,0.2946
2026-09-03,INSW,"International Seaways, Inc.",航运,海运,SEA,102.24,Enter,0.0266,102.2124,103.248,89.1085,0.0338,1.5802,0.0136,0.2672,0.1894,14.1394,3.5,0.2962
2026-09-03,INTC,Intel Corporation,半导体,半导体,SOXX,91.67,Bad Market,,105.596,107.15,120.22,0.0565,-0.5748,-0.2058,0.2067,0.1199,-13.07,4,0.2
2026-09-03,IONQ,"IonQ, Inc.",科技硬件,量子计算,QTUM,39.02,Bad Market,,47.3848,48.202,47.4242,0.0698,-1.2188,-0.2129,0.0717,0.175,0.7778,4,0.2
2026-09-03,IPGP,IPG Photonics Corporation,科技硬件,光电,XLK,76.46,Wait,,94.9646,96.3064,100.1186,0.0585,-0.7529,-0.2511,0.3297,0.2188,-3.8122,4,0.2
2026-09-03,IRDM,Iridium Communications Inc,航空国防,卫星通信,ITA,46.95,Bad Market,,50.6695,51.0405,51.3917,0.0263,-1.1846,-0.3526,0.2405,0.0658,-0.3512,3.5,0.3797
2026-09-03,IREN,IREN LIMITED,数据中心,数据中心,DTCR,41.65,Bad Market,,45.5892,46.6231,46.1756,0.0827,0.2543,-0.1567,0.0196,0.1451,0.4474,4,0.2
2026-09-03,ITT,ITT Inc.,工业,工业机械,XLI,203.48,Bad Market,,221.8448,223.7289,197.8287,0.0309,-1.0707,0.0221,0.0173,0.0543,25.9002,3.5,0.324
2026-09-03,JBL,Jabil Inc.,科技硬件,电子元件,XLK,305.92,Wait,,373.4192,377.4548,338.3977,0.044,-1.7225,-0.0922,0.209,0.1545,39.0571,3.5,0.2274
2026-09-03,JEF,Jefferies Financial Group Inc.,金融地产,投行,XLF,54.26,Wait,,57.1626,57.6533,57.0854,0.0301,0.2791,-0.1366,0.1039,0.1378,0.5679,3.5,0.3317
2026-09-03,JHX,James Hardie Industries plc.,工业,建筑,XLI,29.63,Bad Market,,31.3763,31.6438,27.9589,0.0301,-0.4172,-0.0375,0.1175,0.1386,3.6849,3.5,0.3323
2026-09-03,JNJ,Johnson & Johnson,医疗健康,制药,XLV,278.43,Enter,0.2563,277.9943,279.694,258.2129,0.0203,2.1245,0.0565,0.3707,0.2284,21.4811,3,0.4914
2026-09-03,JPM,JP Morgan Chase & Co.,金融地产,银行,XLF,362.06,Wait,,368.0958,369.8453,347.685,0.0161,0.6963,-0.1018,0.0864,0.1763,22.1604,3,0.5
2026-09-03,KALU,Kaiser Aluminum Corporation,基础材料,铝加工,XLB,160.77,Wait,,195.0053,197.4283,163.3233,0.0502,-0.8877,-0.0004,0.1364,0.0782,34.1051,4,0.2
2026-09-03,KEYS,Keysight Technologies Inc.,科技硬件,科技仪器,XLK,322.62,Wait,,364.3762,367.8537,332.7693,0.0359,-0.8068,-0.069,0.1504,0.0675,35.0844,3.5,0.2783
2026-09-03,KGS,"Kodiak Gas Services, Inc.",油气,油气中游,AMLP,61.7,Wait,,66.737,67.6065,66.1262,0.047,0.3035,0.06,0.0693,0.0674,1.4803,3.5,0.2129
2026-09-03,KHC,The Kraft Heinz Company,消费,消费必需品,XLP,25.42,Wait,,26.8942,27.1052,25.1589,0.0277,0.1643,0.0218,0.1362,0.0655,1.9462,3.5,0.3615
2026-09-03,KKR,KKR & Co. Inc.,金融地产,私募股权,XLF,109.76,Wait,,116.3976,117.4915,102.5381,0.0332,0.3852,-0.0266,0.0338,0.1035,14.9534,3.5,0.301
2026-09-03,KLAC,KLA Corporation,半导体,半导体,SOXX,172.94,Bad Market,,211.1553,213.8334,266.0029,0.0516,-1.8562,-0.207,0.2846,0.1423,-52.1696,4,0.2
2026-09-03,KLIC,"Kulicke and Soffa Industries, I",半导体,半导体,SOXX,78.82,Bad Market,,102.7653,104.2582,113.9044,0.0631,-1.8065,-0.1604,0.2854,0.1903,-9.6462,4,0.2
2026-09-03,KMI,"Kinder Morgan, Inc.",油气,油气中游,AMLP,31.6,Wait,,33.186,33.4123,30.9266,0.0239,-0.1902,0.0402,0.0252,0.0083,2.4858,3,0.4188
2026-09-03,KMX,CarMax Inc,消费,汽车零售,XLY,62.64,Bad Market,,64.8464,65.3986,57.7777,0.0294,1.1814,-0.0888,0.2597,0.1754,7.6209,3.5,0.3403
2026-09-03,KNOP,KNOT Offshore Partners LP,航运,海运,SEA,11.23,Wait,,11.4023,11.5015,10.133,0.0294,1.6427,0.0039,0.3188,0.1257,1.3684,3.5,0.3397
2026-09-03,KNSA,Kiniksa Pharmaceuticals Interna,医疗健康,制药,XLV,80.47,Wait,,81.6047,82.3774,71.9048,0.032,0.7543,-0.0028,0.1995,0.3026,10.4726,3.5,0.3124
2026-09-03,KNTK,Kinetik Holdings Inc.,油气,油气中游,AMLP,54.33,Wait,,55.6433,56.0802,50.0031,0.0268,0.7279,-0.0301,0.3643,0.2178,6.077,3.5,0.3731
2026-09-03,KO,Coca-Cola Company (The),消费,消费必需品,XLP,88.81,Wait,,92.7272,93.1695,87.5667,0.0166,0.0685,-0.0355,0.1604,0.1772,5.6029,3,0.5
2026-09-03,KOD,Kodiak Sciences Inc,医疗健康,生物技术,XBI,36.36,Wait,,45.8937,46.6342,35.5264,0.0679,-1.5891,-0.092,0.2935,0.0521,11.1079,4,0.2
2026-09-03,LAES,SEALSQ Corp,半导体,半导体,SOXX,2.4,Bad Market,,3.0379,3.0799,2.7812,0.0582,-1.3565,-0.339,0.0761,0.1519,0.2987,4,0.2
2026-09-03,LBRT,Liberty Energy Inc.,油气,油气设备服务,XLE,20.38,Wait,,22.4469,22.7572,23.7126,0.0508,0.2151,-0.1802,0.052,0.189,-0.9554,4,0.2
2026-09-03,LFST,"LifeStance Health Group, Inc.",医疗健康,医疗服务,XLV,12.83,Wait,,13.0183,13.1565,11.2771,0.0359,1.4018,0.1317,0.4681,0.317,1.8794,3.5,0.2784
2026-09-03,LHX,"L3Harris Technologies, Inc.",航空国防,航空航天国防,ITA,262.14,Bad Market,,294.4414,296.4499,289.7371,0.0255,-1.9136,-0.1376,0.3407,0.2064,6.7128,3.5,0.3915
2026-09-03,LIN,Linde plc,基础材料,化工气体,XLB,482.19,Wait,,496.7683,499.3532,520.7904,0.0179,-0.3998,-0.112,0.0319,0.1321,-21.4372,3,0.5
2026-09-03,LITE,Lumentum Holdings Inc.,科技硬件,光通信,XLK,847.37,Wait,,982.6009,1003.1523,694.8821,0.0808,-0.5328,-0.0484,0.0022,0.0123,308.2701,4,0.2
2026-09-03,LLY,Eli Lilly and Company,医疗健康,制药,XLV,1159.6,Wait,,1291.936,1302.8997,1152.4298,0.0315,-1.2705,0.0033,0.0997,0.0352,150.4699,3.5,0.3173
2026-09-03,LMT,Lockheed Martin Corporation,航空国防,航空航天国防,ITA,532.95,Bad Market,,614.0095,618.2049,559.7334,0.0262,-3.2341,-0.0325,0.2872,0.0062,58.4716,3.5,0.3811
2026-09-03,LNG,"Cheniere Energy, Inc.",油气,油气中游,XLE,290.85,Wait,,298.7685,301.0961,268.7043,0.0267,1.9177,0.0121,0.3535,0.2626,32.3918,3.5,0.3749
2026-09-03,LNT,Alliant Energy Corporation,公用电力,天然气/电力,XLU,68.0,Bad Market,,71.2374,71.5838,74.5658,0.017,-0.8695,-0.0895,0.2495,0.1528,-2.982,3,0.5
2026-09-03,LOGI,Logitech International S.A. - R,科技硬件,硬件,XLK,101.71,Wait,,109.9671,110.821,101.6975,0.028,0.4615,-0.0951,0.1846,0.0702,9.1235,3.5,0.3573
2026-09-03,LPG,Dorian LPG Ltd.,航运,海运,SEA,53.57,Too High,,52.6657,53.229,45.5582,0.0351,2.832,0.058,0.4319,0.2071,7.6708,3.5,0.2853
2026-09-03,LQDA,Liquidia Corporation,医疗健康,生物制药,XBI,68.63,Wait,,91.8258,93.0195,75.114,0.058,-1.6711,-0.0126,0.3932,0.0047,17.9055,4,0.2
2026-09-03,LRCX,Lam Research Corporation,半导体,半导体设备,SOXX,292.66,Bad Market,,347.0953,351.9784,368.223,0.0556,-1.2867,-0.1347,0.1537,0.1061,-16.2447,4,0.2
2026-09-03,LSCC,Lattice Semiconductor Corporati,半导体,半导体,SOXX,113.63,Bad Market,,139.2109,141.0273,131.0518,0.0533,-1.3535,-0.1469,0.3945,0.1294,9.9755,4,0.2
2026-09-03,LTH,"Life Time Group Holdings, Inc.",消费,消费服务,XLY,43.09,Bad Market,,46.1609,46.5538,41.1466,0.0304,-0.7884,0.0185,0.107,0.2198,5.4072,3.5,0.329
2026-09-03,LUMN,"Lumen Technologies, Inc.",通讯服务,电信,XLC,6.91,Wait,,6.8834,6.9934,6.9629,0.0531,1.8499,-0.1583,0.0415,0.1389,0.0305,4,0.2
2026-09-03,LUNR,"Intuitive Machines, Inc.",航空国防,航空航天国防,ITA,14.7,Bad Market,,20.619,20.9775,18.5798,0.0813,-1.8171,-0.3732,0.0509,0.2285,2.3978,4,0.2
2026-09-03,LWLG,"Lightwave Logic, Inc.",科技硬件,电光聚合物材料,XLK,5.12,Wait,,8.2091,8.3578,8.048,0.0968,-2.8738,-0.3892,0.4268,0.1987,0.3098,4,0.2
2026-09-03,LYB,LyondellBasell Industries NV,基础材料,化工,XLB,64.76,Wait,,68.7476,69.4105,60.3665,0.0341,0.2921,-0.0688,0.1242,0.0349,9.044,3.5,0.2931
2026-09-03,MA,Mastercard Incorporated,金融地产,支付,XLF,585.71,Wait,,604.9116,607.9426,569.5503,0.0172,0.7254,-0.0887,0.1287,0.2509,38.3923,3,0.5
2026-09-03,MANE,"Veradermics, Incorporated",医疗健康,生物制药,XBI,97.75,Wait,,115.6159,117.4547,105.2227,0.0627,-1.2818,-0.1297,0.1753,0.0319,12.232,4,0.2
2026-09-03,MANH,"Manhattan Associates, Inc.",软件,软件,IGV,222.35,Wait,,225.9835,228.2854,196.9047,0.0345,2.0026,0.0098,0.4781,0.3586,31.3807,3.5,0.2898
2026-09-03,MARA,"MARA Holdings, Inc.",数据中心,数据中心,DTCR,11.6,Bad Market,,12.0624,12.3509,11.0027,0.0829,1.2991,-0.0431,0.013,0.0948,1.3482,4,0.2
2026-09-03,MCD,McDonald's Corporation,消费,餐饮,XLY,259.63,Bad Market,,278.6896,280.1474,273.3522,0.0187,-1.9043,-0.0828,0.1626,0.1633,6.7952,3,0.5
2026-09-03,MCHP,Microchip Technology Incorporat,半导体,半导体,SOXX,73.11,Bad Market,,85.4211,86.3563,91.799,0.0426,-1.1352,-0.186,0.1786,0.1682,-5.4426,3.5,0.2345
2026-09-03,MDA,MDA Space Ltd.,航空国防,航空航天国防,ITA,29.06,Bad Market,,35.929,36.3775,36.13,0.0514,-1.9408,-0.2347,0.3308,0.1439,0.2475,4,0.2
2026-09-03,MDB,"MongoDB, Inc.",软件,软件,IGV,384.45,Wait,,477.0925,484.2962,376.2408,0.0625,-1.7388,0.1298,0.0124,0.0523,108.0553,4,0.2
2026-09-03,MDLN,Medline Inc.,医疗健康,医疗用品,XLV,36.59,Wait,,42.4059,42.8428,38.0926,0.0398,1.2136,-0.1255,0.2548,0.0093,4.7503,3.5,0.2512
2026-09-03,MEOH,Methanex Corporation,基础材料,甲醇,XLB,59.35,Wait,,61.1635,61.8403,52.6735,0.038,1.0341,-0.0196,0.2247,0.0504,9.1668,3.5,0.2631
2026-09-03,MET,"MetLife, Inc.",金融地产,保险,XLF,99.23,Wait,,100.8931,101.4589,94.2915,0.019,1.5261,0.0154,0.1315,0.2067,7.1675,3,0.5
2026-09-03,META,"Meta Platforms, Inc.",通讯服务,互联网媒体,XLC,610.68,Wait,,605.2268,611.4367,608.8606,0.0339,1.7426,-0.0135,0.1211,0.0148,2.5761,3.5,0.295
2026-09-03,MFC,Manulife Financial Corporation,金融地产,保险,XLF,44.59,Wait,,45.1723,45.4137,42.3563,0.018,1.438,0.0691,0.0219,0.1739,3.0574,3,0.5
2026-09-03,MGA,"Magna International, Inc.",消费,汽车零部件,XLY,67.09,Bad Market,,73.7209,74.3291,65.9549,0.0302,-0.7141,0.0336,0.1003,0.0255,8.3742,3.5,0.331
2026-09-03,MGNI,"Magnite, Inc.",软件,广告技术,IGV,24.63,Wait,,25.1263,25.4423,21.1932,0.0428,0.609,0.1521,0.3198,0.2168,4.2491,3.5,0.2338
2026-09-03,MGY,Magnolia Oil & Gas Corporation,油气,油气勘探开发,XLE,27.21,Wait,,28.4921,28.7314,25.4276,0.0293,0.7182,-0.0727,0.2469,0.0033,3.3039,3.5,0.341
2026-09-03,MHK,"Mohawk Industries, Inc.",消费,家居用品,XLY,131.7,Bad Market,,141.417,142.6371,125.8653,0.0309,-0.4701,-0.0363,0.1093,0.1416,16.7719,3.5,0.3238
2026-09-03,MKSI,MKS Inc.,半导体,半导体设备,SOXX,249.65,Bad Market,,323.8691,328.5328,382.6173,0.0623,-2.1535,-0.1657,0.4108,0.1613,-54.0844,4,0.2
2026-09-03,MLI,"Mueller Industries, Inc.",工业,工业金属,XLI,62.96,Bad Market,,70.0896,70.6646,63.047,0.0304,-0.9867,-0.0107,0.2527,0.1013,7.6176,3.5,0.3285
2026-09-03,MMM,3M Company,工业,工业制造,XLI,168.31,Bad Market,,185.4631,186.5292,173.1189,0.0211,-2.9953,-0.0898,0.4771,0.0635,13.4103,3,0.4736
2026-09-03,MNR,Mach Natural Resources LP,油气,油气勘探开发,XLE,12.58,Wait,,13.4858,13.5617,12.8813,0.0201,-0.7453,-0.2,0.3305,0.0083,0.6804,3,0.4974
2026-09-03,MNST,Monster Beverage Corporation,消费,消费必需品,XLP,44.08,Wait,,95.6256,97.3739,76.6285,0.1322,-1.2463,0.0151,0.3353,0.1341,20.7454,4,0.2
2026-09-03,MOG.A,Moog Inc.,航空国防,航空航天国防,ITA,370.12,Bad Market,,449.0812,453.4696,394.1818,0.0395,-2.0529,0.0104,0.2253,0.0723,59.2878,3.5,0.253
2026-09-03,MOS,Mosaic Company (The),基础材料,化肥,MOO,25.49,Wait,,26.0349,26.3608,21.9783,0.0426,2.0203,0.0568,0.2532,0.1433,4.3825,3.5,0.2347
2026-09-03,MPC,Marathon Petroleum Corporation,油气,炼油,XLE,387.71,Wait,,390.8771,394.1606,348.6928,0.0282,3.1088,0.1303,0.5362,0.4657,45.4677,3.5,0.3542
2026-09-03,MPLX,MPLX LP,油气,油气中游,AMLP,59.34,Wait,,60.9898,61.2776,57.6314,0.0162,0.2605,-0.0686,0.1074,0.1137,3.6463,3,0.5
2026-09-03,MRCY,Mercury Systems Inc,航空国防,航空航天国防,ITA,84.71,Bad Market,,114.3558,115.8495,106.2938,0.0588,-2.7878,-0.0824,0.5226,0.1501,9.5557,4,0.2
2026-09-03,MRNA,"Moderna, Inc.",医疗健康,生物制药,XBI,148.87,Wait,,177.1259,181.2446,119.463,0.0922,2.9118,0.7073,0.3691,0.2791,61.7816,4,0.2
2026-09-03,MRVL,"Marvell Technology, Inc.",半导体,半导体,SOXX,208.83,Bad Market,,254.1601,258.8852,247.578,0.0754,-0.9899,-0.0551,0.0529,0.1208,11.3073,4,0.2
2026-09-03,MRX,Marex Group Limited,金融地产,资本市场,XLF,75.65,Too High,,73.7465,74.7511,61.2694,0.0443,1.8547,0.1324,0.3177,0.1518,13.4817,3.5,0.2259
2026-09-03,MS,Morgan Stanley,金融地产,投行,XLF,217.15,Wait,,220.5515,222.0652,213.4135,0.0232,0.4634,-0.0746,0.0023,0.0225,8.6516,3,0.4304
2026-09-03,MSFT,Microsoft Corporation,软件,软件,IGV,510.12,Wait,,518.6312,522.1876,477.9659,0.0232,1.2576,-0.025,0.1352,0.2741,44.2218,3,0.4303
2026-09-03,MSGE,Madison Square Garden Entertain,通讯服务,影视娱乐,XLC,77.8,Wait,,89.198,89.9346,79.8266,0.0316,-1.0121,0.0224,0.0067,0.0378,10.108,3.5,0.3169
2026-09-03,MSGS,Madison Square Garden Sports Co,通讯服务,体育娱乐,XLC,387.07,Wait,,417.9907,421.1378,377.404,0.0271,-1.0723,-0.028,0.0759,0.0401,43.7338,3.5,0.369
2026-09-03,MT,Arcelor Mittal NY Registry Shar,基础材料,钢铁,XLB,76.07,Wait,,76.1107,76.7139,68.3131,0.0264,1.2305,-0.0522,0.0406,0.1199,8.4007,3.5,0.3784
2026-09-03,MTCH,"Match Group, Inc.",通讯服务,互联网媒体,XLC,42.43,Wait,,42.8643,43.2341,38.1253,0.0291,2.384,0.0587,0.0691,0.157,5.1089,3.5,0.3442
2026-09-03,MTDR,Matador Resources Company,油气,油气勘探开发,XLE,59.72,Wait,,60.1772,60.7124,53.3364,0.0299,2.4615,-0.0823,0.4639,0.1577,7.376,3.5,0.3348
2026-09-03,MTRN,Materion Corporation,工业,工业金属,XLI,240.56,Bad Market,,299.8306,303.9565,242.3782,0.0572,-1.1582,0.0673,0.0631,0.0325,61.5783,4,0.2
2026-09-03,MTZ,"MasTec, Inc.",工业,建筑,XLI,232.28,Bad Market,,305.3634,309.6884,371.4225,0.0621,-2.2194,-0.1482,0.2737,0.2152,-61.7341,4,0.2
2026-09-03,MU,"Micron Technology, Inc.",半导体,半导体,SOXX,958.16,Bad Market,,1022.6446,1038.9865,995.668,0.0569,0.4707,-0.1171,0.1398,0.0274,43.3185,4,0.2
2026-09-03,MUFG,"Mitsubishi UFJ Financial Group,",金融地产,银行,XLF,24.13,Too High,,23.6613,23.8065,21.9678,0.0201,3.3498,0.0683,0.3464,0.2092,1.8387,3,0.4985
2026-09-03,MWH,"SOLV Energy, Inc.",公用电力,太阳能,TAN,24.68,Bad Market,,33.0603,33.5557,30.2343,0.0669,-2.4052,-0.141,0.2444,0.1766,3.3214,4,0.2
2026-09-03,MXL,"MaxLinear, Inc",半导体,半导体,SOXX,59.45,Bad Market,,86.039,87.8375,104.0501,0.1008,-1.5018,-0.1971,0.1728,0.0822,-16.2126,4,0.2
2026-09-03,NAT,Nordic American Tankers Limited,航运,海运,SEA,7.1,Wait,,7.141,7.2199,6.1495,0.037,1.4144,0.0342,0.3066,0.2095,1.0704,3.5,0.2699
2026-09-03,NBIS,Nebius Group N.V.,数据中心,数据中心,DTCR,210.63,Bad Market,,281.395,286.9675,212.3899,0.0882,-0.5366,-0.0797,0.0572,0.0744,74.5776,4,0.2
2026-09-03,NBIX,"Neurocrine Biosciences, Inc.",医疗健康,生物科技,XBI,158.35,Wait,,167.6435,168.9621,170.1158,0.0278,0.5183,-0.0587,0.1731,0.0138,-1.1536,3.5,0.3603
2026-09-03,NDAQ,"Nasdaq, Inc.",金融地产,资本市场,XLF,98.71,Wait,,100.4571,101.0865,93.1765,0.0213,0.7381,-0.075,0.3053,0.1357,7.91,3,0.4705
2026-09-03,NE,Noble Corporation plc A,油气,油气设备服务,XLE,46.59,Wait,,48.5459,49.003,42.7471,0.0327,0.9602,-0.0295,0.3396,0.0643,6.2559,3.5,0.3058
2026-09-03,NEE,"NextEra Energy, Inc.",公用电力,电力,XLU,84.06,Bad Market,,87.9002,88.3203,85.589,0.0167,-0.3471,-0.1572,0.2625,0.0611,2.7312,3,0.5
2026-09-03,NEM,Newmont Corporation,矿业,金,GDX,130.43,Wait,,136.4443,137.8093,119.2154,0.0349,1.6772,0.0371,0.4348,0.1584,18.5938,3.5,0.2867
2026-09-03,NESR,National Energy Services Reunit,油气,油气设备服务,XLE,34.5,Wait,,36.655,37.1242,30.8357,0.0453,0.2671,0.0658,0.3021,0.2143,6.2886,3.5,0.2206
2026-09-03,NET,"Cloudflare, Inc.",软件,网络安全,IGV,284.51,Wait,,334.0945,338.9912,265.5399,0.0574,-0.7862,0.1113,0.0699,0.1265,73.4513,4,0.2
2026-09-03,NFLX,"Netflix, Inc.",通讯服务,流媒体娱乐,XLC,82.67,Wait,,83.5567,84.2279,74.8998,0.0271,1.7944,-0.0804,0.3408,0.0565,9.328,3.5,0.3695
2026-09-03,NGL,NGL ENERGY PARTNERS LP,油气,油气中游,AMLP,18.18,Wait,,19.1518,19.4082,15.9784,0.047,0.816,0.0761,0.2155,0.109,3.4299,3.5,0.2127
2026-09-03,NHC,National HealthCare Corporation,医疗健康,医疗服务,XLV,221.64,Wait,,238.9664,241.1678,211.0666,0.0331,-0.324,0.0166,0.1617,0.147,30.1012,3.5,0.302
2026-09-03,NI,NiSource Inc,公用电力,天然气/电力,XLU,41.66,Bad Market,,44.9233,45.1592,46.7203,0.0189,0.0826,-0.0863,0.3236,0.2365,-1.5611,3,0.5
2026-09-03,NJR,NewJersey Resources Corporation,公用电力,天然气,XLU,53.72,Bad Market,,57.8998,58.2057,56.9912,0.019,-0.7081,-0.111,0.2753,0.031,1.2145,3,0.5
2026-09-03,NKE,"Nike, Inc.",消费,运动服饰,XLY,38.77,Bad Market,,42.8377,43.1725,41.294,0.0288,-1.2388,-0.1559,0.1781,0.1505,1.8785,3.5,0.3474
2026-09-03,NMM,Navios Maritime Partners LP,航运,海运,SEA,91.34,Wait,,92.3034,93.0644,82.5122,0.0278,2.6633,0.0566,0.457,0.2358,10.5521,3.5,0.3601
2026-09-03,NN,NextNav Inc.,科技硬件,软件基础设施,XLK,15.72,Wait,,20.1218,20.462,15.3591,0.0721,-1.088,-0.1307,0.1217,0.1025,5.1029,4,0.2
2026-09-03,NOG,"Northern Oil and Gas, Inc.",油气,油气勘探开发,XLE,25.89,Wait,,27.5989,27.8618,24.2724,0.0339,0.7901,-0.0408,0.4486,0.2161,3.5894,3.5,0.2954
2026-09-03,NOK,Nokia Corporation Sponsored,科技硬件,通讯设备,XLK,9.77,Wait,,10.8777,11.0156,12.8212,0.047,-0.7277,-0.2396,0.0308,0.2171,-1.8056,3.5,0.2126
2026-09-03,NRG,"NRG Energy, Inc.",公用电力,电力,XLU,111.84,Bad Market,,127.3584,128.8598,131.8435,0.0447,-0.904,-0.1444,0.0962,0.1145,-2.9836,3.5,0.2235
2026-09-03,NTAP,"NetApp, Inc.",科技硬件,硬件,XLK,185.38,Wait,,208.9338,211.5057,177.0741,0.0462,-0.981,0.2168,0.068,0.1242,34.4317,3.5,0.2162
2026-09-03,NTNX,"Nutanix, Inc.",软件,软件,IGV,68.08,Wait,,70.5208,71.258,61.2395,0.0361,0.8205,0.0948,0.2548,0.3514,10.0184,3.5,0.2771
2026-09-03,NTR,Nutrien Ltd.,基础材料,化肥,MOO,80.73,Wait,,81.0973,81.7372,72.8246,0.0264,4.4431,0.0765,0.5531,0.2622,8.9126,3.5,0.3785
2026-09-03,NU,Nu Holdings Ltd.,金融地产,银行,XLF,15.68,Enter,0.6651,15.5568,15.742,13.2389,0.0394,1.9645,0.1106,0.1751,0.1917,2.5031,3.5,0.2539
2026-09-03,NVDA,NVIDIA Corporation,半导体,半导体,SOXX,228.45,Bad Market,,230.2645,232.5034,201.8592,0.0327,1.2275,0.0448,0.1687,0.0889,30.6442,3.5,0.3061
2026-09-03,NVGS,Navigator Holdings Ltd.,航运,海运,SEA,22.62,Wait,,22.7362,22.9143,20.4324,0.0262,1.907,-0.0738,0.182,0.009,2.4819,3.5,0.3811
2026-09-03,NVO,Novo Nordisk A/S,医疗健康,制药,XLV,47.51,Wait,,49.1351,49.5461,46.8152,0.0288,0.7759,-0.0429,0.1862,0.0869,2.7309,3.5,0.3468
2026-09-03,NVTS,Navitas Semiconductor Corporati,半导体,半导体,SOXX,11.1,Bad Market,,14.7725,15.0612,20.1705,0.0867,-1.8028,-0.3503,0.1601,0.2867,-5.1093,4,0.2
2026-09-03,NWE,"NorthWestern Energy Group, Inc.",公用电力,天然气/电力,XLU,70.9,Bad Market,,72.79,73.21,69.22,0.0197,0.1786,-0.0971,0.0677,0.0084,3.9901,3,0.5
2026-09-03,NXE,Nexgen Energy Ltd.,矿业,铀,URA,10.67,Bad Market,,11.3167,11.4643,9.4883,0.0461,0.2521,-0.0675,0.1489,0.0036,1.9759,3.5,0.2169
2026-09-03,NXPI,NXP Semiconductors N.V.,半导体,半导体,SOXX,224.99,Bad Market,,241.9599,244.2201,296.8711,0.0335,-0.4823,-0.2712,0.1782,0.2385,-52.651,3.5,0.2986
2026-09-03,NXT,Nextpower Inc.,公用电力,太阳能,TAN,83.5,Bad Market,,105.8344,107.2659,109.9829,0.0571,-1.9385,-0.3006,0.3069,0.2257,-2.717,4,0.2
2026-09-03,NYT,New York Times Company (The),通讯服务,媒体出版,XLC,67.06,Wait,,76.2806,76.8131,71.4774,0.0265,0.5836,-0.1256,0.3631,0.1034,5.3357,3.5,0.3778
2026-09-03,OGE,OGE Energy Corp,公用电力,电力,XLU,46.89,Bad Market,,47.8943,48.1309,47.5839,0.0168,0.5122,-0.0749,0.0612,0.0408,0.547,3,0.5
2026-09-03,OGN,Organon & Co.,医疗健康,制药,XLV,13.77,Wait,,13.7883,13.7993,13.6601,0.0027,1.6371,-0.6992,0.6,0.3398,0.1393,3,0.5
2026-09-03,OKE,"ONEOK, Inc.",油气,油气中游,AMLP,95.75,Wait,,98.0275,98.7665,88.4486,0.0257,0.9246,0.0173,0.3347,0.1469,10.3178,3.5,0.3887
2026-09-03,OKLO,Oklo Inc.,公用电力,核能,NLR,39.84,Bad Market,,49.014,49.9051,49.2892,0.0746,-1.0109,-0.2923,0.0828,0.1731,0.6159,4,0.2
2026-09-03,OKTA,"Okta, Inc.",软件,网络安全,IGV,170.42,Wait,,174.8908,177.6671,136.0235,0.0543,2.3252,0.2824,0.1833,0.2307,41.6435,4,0.2
2026-09-03,OMC,Omnicom Group Inc.,通讯服务,广告传媒,XLC,84.73,Wait,,89.7873,90.5575,79.9545,0.0303,-0.6929,0.0096,0.1088,0.0877,10.603,3.5,0.33
2026-09-03,ON,ON Semiconductor Corporation,半导体,半导体,SOXX,73.65,Bad Market,,84.1165,85.15,119.493,0.0468,-0.978,-0.2973,0.1892,0.2424,-34.3431,3.5,0.2138
2026-09-03,ONDS,Ondas Inc,科技硬件,通讯设备,XLK,7.63,Wait,,9.8873,10.0632,7.4248,0.0768,-1.6992,-0.2089,0.176,0.0846,2.6384,4,0.2
2026-09-03,OR,OR Royalties Inc.,矿业,金,GDX,37.68,Wait,,39.2968,39.6993,34.2241,0.0356,1.8223,-0.057,0.3806,0.0229,5.4752,3.5,0.2808
2026-09-03,ORA,"Ormat Technologies, Inc.",公用电力,再生能源,XLU,104.19,Bad Market,,115.8019,116.8013,122.3009,0.032,-1.3081,-0.1014,0.0854,0.2335,-5.4996,3.5,0.3128
2026-09-03,ORCL,Oracle Corporation,软件,软件,IGV,154.04,Wait,,157.7604,159.8179,164.3255,0.0445,0.9981,-0.1511,0.0993,0.1472,-4.5075,3.5,0.2246
2026-09-03,OSCR,"Oscar Health, Inc.",医疗健康,健康保险,XLV,32.24,Wait,,33.1106,33.6365,25.7476,0.0544,1.0898,0.104,0.0916,0.0803,7.8889,4,0.2
2026-09-03,OVV,Ovintiv Inc. (DE),油气,油气勘探开发,XLE,65.91,Wait,,67.5691,68.0922,60.8075,0.0265,0.9102,-0.034,0.2318,0.2288,7.2847,3.5,0.378
2026-09-03,OXY,Occidental Petroleum Corporatio,油气,油气勘探开发,XLE,60.61,Wait,,62.1261,62.5516,57.2646,0.0234,1.0127,-0.1336,0.305,0.1428,5.287,3,0.4273
2026-09-03,P,"Everpure, Inc.",工业,污水处理,XLI,98.15,Bad Market,,119.3748,121.197,93.8639,0.0619,-0.964,0.1949,0.1679,0.1492,27.3332,4,0.2
2026-09-03,PAA,"Plains All American Pipeline, L",油气,油气中游,AMLP,25.53,Wait,,26.0927,26.2323,24.464,0.0182,2.4316,-0.0252,0.3018,0.2431,1.7682,3,0.5
2026-09-03,PAAS,Pan American Silver Corp.,矿业,银,SIL,52.6,Wait,,55.416,56.0835,47.1029,0.0423,0.6821,-0.0553,0.2248,0.0103,8.9806,3.5,0.2364
2026-09-03,PACS,"PACS Group, Inc.",医疗健康,医疗服务,XLV,43.07,Wait,,48.8807,49.4422,41.8988,0.0435,-0.7835,-0.0507,0.1151,0.16,7.5434,3.5,0.2301
2026-09-03,PANW,"Palo Alto Networks, Inc.",软件,网络安全,IGV,331.94,Wait,,399.8892,405.7229,318.2165,0.0586,-1.787,0.2997,0.1424,0.0961,87.5065,4,0.2
2026-09-03,PARR,"Par Pacific Holdings, Inc. Comm",油气,炼油,XLE,81.98,Wait,,83.9101,85.2752,67.8285,0.0555,1.1634,0.166,0.0155,0.2432,17.4467,4,0.2
2026-09-03,PATH,"UiPath, Inc.",软件,软件,IGV,18.22,Wait,,18.8522,19.0948,15.84,0.0444,2.1742,0.0651,0.4328,0.3835,3.2548,3.5,0.2253
2026-09-03,PAY,"Paymentus Holdings, Inc.",软件,软件,IGV,36.77,Wait,,44.9844,45.5609,36.9129,0.0523,-1.0821,0.1617,0.3048,0.2388,8.6479,4,0.2
2026-09-03,PAYC,"Paycom Software, Inc.",软件,软件,IGV,240.52,Wait,,241.5052,243.9089,211.0567,0.0333,1.9371,0.0869,0.651,0.482,32.8522,3.5,0.3002
2026-09-03,PBA,Pembina Pipeline Corp.,油气,油气中游,AMLP,48.6,Wait,,49.7862,50.0419,48.8129,0.0175,0.0129,-0.035,0.02,0.051,1.229,3,0.5
2026-09-03,PBF,PBF Energy Inc.,油气,炼油,XLE,75.33,Wait,,76.2967,77.5217,59.146,0.0542,1.1646,0.1894,0.1822,0.3062,18.3757,4,0.2
2026-09-03,PBR,Petroleo Brasileiro S.A. Petrob,油气,综合油气,XLE,20.51,Wait,,21.0651,21.2573,18.6173,0.0312,3.0642,0.148,0.2128,0.1968,2.6401,3.5,0.3201
2026-09-03,PCG,Pacific Gas & Electric Co.,公用电力,电力,XLU,13.96,Bad Market,,18.5509,18.8373,14.5413,0.0684,-3.1797,0.5802,0.3001,0.1513,4.296,4,0.2
2026-09-03,PENG,"Penguin Solutions, Inc.",数据中心,数据中心,DTCR,48.63,Bad Market,,64.6024,65.8059,65.3427,0.0825,-1.4373,-0.1654,0.2244,0.0642,0.4632,4,0.2
2026-09-03,PEP,"Pepsico, Inc.",消费,消费必需品,XLP,140.02,Wait,,145.8691,146.5886,138.9252,0.0171,-0.2166,-0.1652,0.0377,0.0686,7.6634,3,0.5
2026-09-03,PFE,"Pfizer, Inc.",医疗健康,生物技术,XLV,28.81,Wait,,29.3081,29.4891,27.2103,0.0209,2.039,0.0623,0.445,0.1608,2.2787,3,0.4776
2026-09-03,PG,Procter & Gamble Company (The),消费,消费必需品,XLP,146.92,Wait,,149.2862,150.0519,145.093,0.0174,0.776,-0.1099,0.0486,0.0688,4.9589,3,0.5
2026-09-03,PGR,Progressive Corporation (The),金融地产,保险,XLF,223.87,Wait,,226.1587,227.5253,220.8139,0.0203,1.7761,-0.1103,0.2294,0.1015,6.7114,3,0.4914
2026-09-03,PH,Parker-Hannifin Corporation,工业,工业机械,XLI,964.52,Bad Market,,1083.5152,1091.1029,985.3468,0.0262,-2.4459,0.0158,0.0886,0.0374,105.7561,3.5,0.3813
2026-09-03,PK,Park Hotels & Resorts Inc.,金融地产,酒店地产,XLRE,15.08,Bad Market,,16.3208,16.4486,14.6791,0.0282,-0.5575,0.0391,0.0141,0.0341,1.7695,3.5,0.354
2026-09-03,PL,Planet Labs PBC,航空国防,航空航天国防,ITA,18.35,Bad Market,,25.0181,25.4204,27.7671,0.0731,-2.9734,-0.3795,0.3544,0.228,-2.3467,4,0.2
2026-09-03,PLAB,"Photronics, Inc.",半导体,半导体材料,SOXX,28.18,Bad Market,,33.9538,34.4846,26.9831,0.0628,-1.5247,-0.1161,0.3231,0.0477,7.5015,4,0.2
2026-09-03,PLD,"Prologis, Inc.",金融地产,工业地产,XLRE,138.35,Bad Market,,144.4965,145.1784,143.241,0.0164,-1.0112,-0.1773,0.0311,0.0897,1.9374,3,0.5
2026-09-03,PLTR,Palantir Technologies Inc.,软件,软件,IGV,182.53,Wait,,188.2053,190.7552,156.6309,0.0466,0.8302,0.1144,0.185,0.1968,34.1244,3.5,0.2147
2026-09-03,PM,Philip Morris International Inc,消费,消费必需品,XLP,186.17,Wait,,195.9617,197.3074,186.713,0.0241,-0.6464,-0.0616,0.0158,0.0141,10.5944,3,0.415
2026-09-03,PNR,Pentair plc.,工业,污水处理,XLI,60.02,Bad Market,,70.5002,71.1012,69.7084,0.0334,-2.1385,-0.1265,0.4048,0.2328,1.3928,3.5,0.2996
2026-09-03,PNW,Pinnacle West Capital Corporati,公用电力,电力,XLU,98.0,Bad Market,,102.3241,102.8185,104.4255,0.0168,-0.6896,-0.1021,0.2762,0.12,-1.607,3,0.5
2026-09-03,POET,POET Technologies Inc.,半导体,半导体,SOXX,7.33,Bad Market,,9.6929,9.8622,10.3925,0.077,-1.74,-0.4022,0.1981,0.2352,-0.5303,4,0.2
2026-09-03,POR,Portland General Electric Co,公用电力,电力,XLU,49.17,Bad Market,,51.3068,51.5689,50.4591,0.0178,-0.4378,-0.0842,0.0876,0.0597,1.1098,3,0.5
2026-09-03,POWI,"Power Integrations, Inc.",半导体,半导体,SOXX,50.54,Bad Market,,65.2028,66.1219,75.0948,0.0606,-2.1934,-0.1908,0.3862,0.2289,-8.9729,4,0.2
2026-09-03,PPC,Pilgrim's Pride Corporation,基础材料,农业,MOO,30.51,Wait,,32.7351,33.0893,28.2976,0.0387,0.6581,0.0396,0.2729,0.0437,4.7917,3.5,0.2584
2026-09-03,PPL,PPL Corporation,公用电力,电力,XLU,35.11,Bad Market,,36.3276,36.5121,35.1746,0.0175,0.0992,-0.0826,0.0098,0.0656,1.3376,3,0.5
2026-09-03,PR,Permian Resources Corporation,油气,油气勘探开发,XLE,23.74,Wait,,24.1074,24.3013,21.6074,0.0272,2.0063,0.0178,0.36,0.2564,2.6939,3.5,0.3672
2026-09-03,PRM,"Perimeter Solutions, SA",基础材料,化工,XLB,32.05,Wait,,37.6705,38.1378,32.328,0.0486,-0.2504,-0.0326,0.0663,0.0798,5.8098,3.5,0.2058
2026-09-03,PRU,"Prudential Financial, Inc.",金融地产,保险,XLF,123.2,Wait,,126.362,127.12,117.5501,0.0205,0.6592,0.0458,0.0124,0.1988,9.5699,3,0.4876
2026-09-03,PSX,Phillips 66,油气,炼油,XLE,254.66,Wait,,258.6366,260.7155,231.8366,0.0272,2.7656,0.1077,0.5718,0.4479,28.8789,3.5,0.3675
2026-09-03,PTEN,"Patterson-UTI Energy, Inc.",油气,油气勘探开发,XLE,12.55,Wait,,13.2755,13.4444,11.18,0.0448,1.4578,0.0606,0.3324,0.1321,2.2643,3.5,0.223
2026-09-03,PWR,"Quanta Services, Inc.",工业,建筑工程,XLI,620.06,Bad Market,,728.5106,736.043,652.2623,0.0405,-1.1854,-0.0502,0.2547,0.115,83.7807,3.5,0.247
2026-09-03,Q,"Qnity Electronics, Inc.",半导体,半导体材料,SOXX,118.47,Bad Market,,143.7954,145.6035,151.5321,0.0509,-2.0127,-0.147,0.3273,0.1532,-5.9287,4,0.2
2026-09-03,QBTS,D-Wave Quantum Inc.,科技硬件,量子计算,QTUM,16.82,Bad Market,,22.069,22.4274,20.2504,0.071,-1.9485,-0.2755,0.312,0.1461,2.177,4,0.2
2026-09-03,QCOM,QUALCOMM Incorporated,半导体,半导体,SOXX,168.57,Bad Market,,172.1657,174.0225,204.4467,0.0367,0.8082,-0.2981,0.1031,0.1929,-30.4242,3.5,0.2723
2026-09-03,QLYS,"Qualys, Inc.",软件,软件,IGV,174.35,Wait,,197.6593,200.3283,160.2935,0.051,-1.0358,0.1726,0.1287,0.2359,40.0349,4,0.2
2026-09-03,QMCO,Quantum Corporation,科技硬件,硬件,XLK,24.3,Wait,,26.5159,27.1249,17.9912,0.0835,1.5061,0.3153,0.4055,0.204,9.1336,4,0.2
2026-09-03,QNT,Quantinuum Inc.,科技硬件,量子计算,QTUM,48.7,Bad Market,,72.5736,73.8241,66.4971,0.0856,-1.9434,-0.3151,0.1561,0.0364,7.3271,4,0.2
2026-09-03,QRVO,"Qorvo, Inc.",半导体,半导体,SOXX,100.38,Bad Market,,101.6338,102.5155,91.6936,0.0293,1.2834,-0.0639,0.2229,0.0466,10.8219,3.5,0.3415
2026-09-03,QSR,Restaurant Brands International,消费,餐饮,XLY,80.26,Bad Market,,82.3726,82.9005,76.2911,0.0219,1.6523,-0.0052,0.2967,0.0726,6.6094,3,0.4561
2026-09-03,QUBT,Quantum Computing Inc.,科技硬件,量子计算,QTUM,7.96,Bad Market,,9.3229,9.4622,8.9023,0.0583,-1.3301,-0.3076,0.2361,0.1187,0.56,4,0.2
2026-09-03,RBLX,Roblox Corporation,通讯服务,游戏,XLC,41.51,Wait,,41.7379,42.4098,48.9912,0.054,1.4466,-0.2211,0.2645,0.0939,-6.5814,4,0.2
2026-09-03,RBRK,"Rubrik, Inc.",软件,软件,IGV,92.14,Wait,,108.2142,110.0056,83.1353,0.0648,-0.7137,0.2388,0.1333,0.1468,26.8702,4,0.2
2026-09-03,RCAT,"Red Cat Holdings, Inc.",航空国防,航空航天国防,ITA,8.54,Bad Market,,11.2622,11.4606,8.795,0.0774,-1.4363,-0.2746,0.0394,0.1055,2.6656,4,0.2
2026-09-03,RCL,Royal Caribbean Cruises Ltd.,消费,旅游,XLY,265.55,Bad Market,,330.0755,332.6339,297.572,0.0321,-3.4539,-0.2148,0.7441,0.1788,35.0619,3.5,0.3114
2026-09-03,RDDT,"Reddit, Inc.",通讯服务,互联网媒体,XLC,155.99,Wait,,180.0018,182.8695,165.0336,0.0613,-0.0178,-0.1039,0.0313,0.0556,17.8359,4,0.2
2026-09-03,RDW,Redwire Corporation,航空国防,航空航天国防,ITA,10.37,Bad Market,,13.7401,13.9651,11.359,0.0723,-2.3339,-0.3112,0.0301,0.1216,2.6062,4,0.2
2026-09-03,RGEN,Repligen Corporation,医疗健康,生命科学工具,XLV,169.61,Wait,,183.7261,186.0182,155.2888,0.045,-0.379,0.0941,0.2782,0.2002,30.7294,3.5,0.222
2026-09-03,RGTI,"Rigetti Computing, Inc.",科技硬件,量子计算,QTUM,15.18,Bad Market,,19.0236,19.3291,17.3075,0.0671,-1.7987,-0.288,0.1619,0.1442,2.0215,4,0.2
2026-09-03,RIO,Rio Tinto Plc,矿业,金属采矿,XME,102.84,Wait,,107.8384,108.5,100.1942,0.0214,0.5609,-0.0665,0.1176,0.0353,8.3057,3,0.4663
2026-09-03,RIOT,"Riot Platforms, Inc.",数据中心,数据中心,DTCR,21.14,Bad Market,,21.9248,22.4721,21.3935,0.0863,0.7276,0.0045,0.0225,0.1175,1.0786,4,0.2
2026-09-03,RJF,"Raymond James Financial, Inc.",金融地产,券商,XLF,181.1,Wait,,182.991,184.2041,169.0485,0.0223,0.8481,0.0302,0.0562,0.2066,15.1557,3,0.4478
2026-09-03,RKLB,Rocket Lab Corporation,航空国防,航空航天国防,ITA,63.81,Bad Market,,83.6752,84.9429,91.0766,0.0662,-2.24,-0.3368,0.2744,0.2409,-6.1337,4,0.2
2026-09-03,RMBS,"Rambus, Inc.",半导体,半导体,SOXX,84.34,Bad Market,,102.529,104.0426,120.989,0.0598,-1.7254,-0.3342,0.3172,0.2303,-16.9464,4,0.2
2026-09-03,RNG,"Ringcentral, Inc.",软件,软件,IGV,76.36,Too High,,73.3436,74.2559,61.9364,0.0398,3.3254,0.1135,0.5371,0.4462,12.3195,3.5,0.2511
2026-09-03,ROIV,Roivant Sciences Ltd.,医疗健康,生物技术,XLV,34.41,Wait,,37.9241,38.291,33.2991,0.0355,-1.32,0.0681,0.0161,0.1278,4.9919,3.5,0.2813
2026-09-03,ROK,"Rockwell Automation, Inc.",工业,工业机械,XLI,428.28,Bad Market,,455.6728,458.9448,456.9064,0.0255,-0.6777,-0.1336,0.159,0.0946,2.0384,3.5,0.3927
2026-09-03,ROKU,"Roku, Inc.",通讯服务,流媒体娱乐,XLC,158.31,Wait,,160.8035,161.4296,153.4988,0.0132,1.1642,-0.3215,0.3606,0.3204,7.9308,3,0.5
2026-09-03,RPRX,Royalty Pharma plc,医疗健康,生物技术,XLV,63.88,Enter,0.3274,63.7488,64.1495,59.1028,0.0209,2.7648,0.0475,0.4261,0.2339,5.0467,3,0.4782
2026-09-03,RTX,RTX Corporation,航空国防,航空航天国防,ITA,202.13,Bad Market,,227.5113,228.8689,211.9145,0.0224,-3.0551,-0.0327,0.3178,0.1097,16.9544,3,0.4467
2026-09-03,S,"SentinelOne, Inc.",软件,网络安全,IGV,19.8,Wait,,24.0695,24.4138,19.2496,0.058,-1.5754,0.2033,0.0752,0.1526,5.1643,4,0.2
2026-09-03,SAIL,"SailPoint, Inc.",软件,网络安全,IGV,19.39,Wait,,20.7812,21.1131,16.1354,0.057,0.3621,0.0971,0.1315,0.1737,4.9776,4,0.2
2026-09-03,SAN,"Banco Santander, S.A. Sponsored",金融地产,银行,XLF,15.05,Too High,,14.9619,15.047,13.9689,0.0189,1.609,-0.0978,0.1959,0.1636,1.0781,3,0.5
2026-09-03,SANM,Sanmina Corporation,科技硬件,电子元件,XLK,195.69,Wait,,219.1882,222.4254,210.3968,0.0551,-0.2616,-0.128,0.0955,0.1349,12.0286,4,0.2
2026-09-03,SAP,SAP  SE,软件,软件,IGV,217.03,Wait,,223.7103,225.5855,199.6629,0.0288,0.7445,0.0014,0.2943,0.2403,25.9225,3.5,0.3472
2026-09-03,SARO,"StandardAero, Inc.",航空国防,航空航天国防,ITA,24.64,Bad Market,,31.2564,31.5166,27.9745,0.0352,-1.9578,-0.1001,0.5698,0.0776,3.5421,3.5,0.2841
2026-09-03,SBGSY,Schneider Electric SE,工业,电气设备,XLI,66.6,Bad Market,,72.206,72.6259,67.3406,0.021,-1.9253,-0.1623,0.1602,0.0429,5.2854,3,0.4758
2026-09-03,SBLK,Star Bulk Carriers Corp.,航运,海运,SEA,31.87,Wait,,32.1387,32.4065,28.6951,0.028,2.305,0.0365,0.3683,0.1839,3.7114,3.5,0.357
2026-09-03,SBS,Companhia de saneamento Basico ,公用电力,污水处理,XLU,5.13,Bad Market,,5.4813,5.5305,5.4865,0.0319,1.7514,-0.0028,0.1579,0.0779,0.044,3.5,0.3131
2026-09-03,SBUX,Starbucks Corporation,消费,餐饮,XLY,105.82,Bad Market,,109.6082,110.3564,101.0676,0.0236,-0.3274,-0.052,0.0339,0.0641,9.2889,3,0.4243
2026-09-03,SCCO,Southern Copper Corporation,矿业,铜,COPX,199.53,Wait,,221.6953,224.3146,189.1409,0.0438,-0.2035,0.0299,0.1149,0.024,35.1737,3.5,0.2285
2026-09-03,SCHW,Charles Schwab Corporation (The,金融地产,券商,XLF,110.38,Wait,,114.7538,115.4174,107.0136,0.02,0.2502,-0.026,0.1594,0.2505,8.4038,3,0.499
2026-09-03,SEDG,"SolarEdge Technologies, Inc.",公用电力,太阳能,TAN,33.8,Bad Market,,49.2777,50.0542,48.0863,0.0766,0.7311,-0.3233,0.4063,0.1977,1.968,4,0.2
2026-09-03,SEZL,Sezzle Inc.,金融地产,消费金融,XLF,122.96,Wait,,180.2568,182.847,154.0142,0.0702,-0.2015,-0.0814,0.4093,0.0602,28.8328,4,0.2
2026-09-03,SFL,SFL Corporation Ltd,航运,海运,SEA,12.62,Wait,,12.7762,12.8726,11.5256,0.0255,1.1673,0.014,0.1395,0.1435,1.347,3.5,0.3928
2026-09-03,SHAZ,"SharonAI Holdings, Inc.",数据中心,数据中心,DTCR,54.97,Bad Market,,78.1884,80.1211,66.9312,0.1172,-0.8703,-0.085,0.0076,0.0938,13.1899,4,0.2
2026-09-03,SHEL,Shell PLC,油气,综合油气,XLE,92.33,Wait,,94.3532,94.7751,89.431,0.0152,0.6581,-0.089,0.1363,0.1884,5.3441,3,0.5
2026-09-03,SHIP,Seanergy Maritime Holdings Corp,航运,海运,SEA,18.53,Wait,,18.7853,18.9909,16.2018,0.037,1.9768,-0.0246,0.1691,0.1326,2.7891,3.5,0.2704
2026-09-03,SHOP,Shopify Inc.,软件,电商软件,IGV,145.88,Wait,,159.9888,161.7459,138.0307,0.0401,-0.6911,-0.062,0.2448,0.1674,23.7151,3.5,0.2491
2026-09-03,SHW,Sherwin-Williams Company (The),基础材料,化工,XLB,332.26,Wait,,373.0526,375.5005,345.2513,0.0246,-2.2929,-0.0758,0.3143,0.0328,30.2492,3,0.4072
2026-09-03,SIMO,Silicon Motion Technology Corpo,半导体,半导体,SOXX,235.7,Bad Market,,276.458,282.0949,261.7405,0.0797,-0.7303,-0.0632,0.1272,0.0615,20.3544,4,0.2
2026-09-03,SIND,Sinda Ltd.,矿业,银,SIL,16.34,Wait,,18.213,18.6524,,0.0896,-0.056,,0.2366,,,4,0.2
2026-09-03,SITM,SiTime Corporation,半导体,半导体,SOXX,574.465,Bad Market,,757.6033,769.8483,589.8538,0.0711,-1.5184,-0.0765,0.0129,0.0707,179.9945,4,0.2
2026-09-03,SKHY,SK hynix Inc.,半导体,半导体,SOXX,163.68,Bad Market,,173.3501,176.3052,,0.0602,0.6764,,0.085,,,4,0.2
2026-09-03,SLAB,"Silicon Laboratories, Inc.",半导体,半导体,SOXX,220.71,Bad Market,,220.7385,221.0437,217.1787,0.0046,1.9236,-0.3471,0.2613,0.0532,3.865,3,0.5
2026-09-03,SLB,SLB Limited,油气,油气设备服务,XLE,57.41,Wait,,60.6741,61.2529,53.3469,0.0336,1.6627,0.1319,0.2782,0.0847,7.906,3.5,0.2975
2026-09-03,SLS,"SELLAS Life Sciences Group, Inc",医疗健康,生物制药,XBI,13.7,Wait,,15.7007,16.0618,10.6459,0.0878,0.4649,0.1703,0.1383,0.1584,5.4159,4,0.2
2026-09-03,SM,SM Energy Company,油气,油气勘探开发,XLE,37.6,Wait,,38.666,39.085,33.4012,0.0371,1.9749,0.0029,0.369,0.2314,5.6838,3.5,0.2692
2026-09-03,SMMT,Summit Therapeutics Inc.,医疗健康,生物技术,XBI,17.13,Too High,,15.3158,15.617,11.9142,0.0586,3.3669,0.0094,0.2776,0.1317,3.7028,4,0.2
2026-09-03,SMR,NuScale Power Corporation,公用电力,核能,NLR,9.75,Bad Market,,10.021,10.2175,9.1204,0.0672,0.536,-0.2655,0.0323,0.0066,1.0971,4,0.2
2026-09-03,SNDK,Sandisk Corporation,半导体,存储硬件,SOXX,1554.99,Bad Market,,1811.9823,1849.6809,1832.3528,0.0808,0.5285,-0.0878,0.0963,0.0724,17.3281,4,0.2
2026-09-03,SNOW,Snowflake Inc.,软件,软件,IGV,356.47,Too High,,340.9514,346.3084,265.9528,0.0501,1.707,0.2786,0.2372,0.345,80.3556,4,0.2
2026-09-03,SNPS,"Synopsys, Inc.",软件,软件,IGV,416.31,Wait,,469.0531,473.6885,410.811,0.0371,0.0978,-0.0443,0.0677,0.0725,62.8775,3.5,0.2694
2026-09-03,SNX,TD SYNNEX Corporation,科技硬件,IT,XLK,262.53,Wait,,266.5053,268.8399,262.9027,0.0296,1.0583,-0.0386,0.0156,0.0837,5.9372,3.5,0.3374
2026-09-03,SO,Southern Company (The),公用电力,电力,XLU,88.77,Bad Market,,93.9835,94.4237,93.5787,0.0165,-1.3636,-0.0981,0.3896,0.1256,0.8449,3,0.5
2026-09-03,SOLV,Solventum Corporation,医疗健康,医疗器械,IHI,92.44,Wait,,92.8244,93.5456,83.4865,0.026,1.7181,0.0149,0.2053,0.2274,10.0591,3.5,0.3845
2026-09-03,SON,Sonoco Products Company,基础材料,包装容器纸制品,XLB,52.69,Wait,,60.0069,60.5196,54.5784,0.0324,-2.6734,0.0508,0.3618,0.03,5.9413,3.5,0.3083
2026-09-03,SONY,Sony Group Corporation,消费,消费电子,XLY,24.96,Bad Market,,25.0996,25.2537,23.309,0.0206,1.9741,-0.0162,0.4136,0.2514,1.9447,3,0.4859
2026-09-03,SPCX,Space Exploration Technologies ,航空国防,航空航天国防,ITA,149.74,Bad Market,,147.8241,150.2153,179.5077,0.0532,1.4148,-0.2728,0.2103,0.1985,-29.2925,4,0.2
2026-09-03,SPG,"Simon Property Group, Inc.",金融地产,零售地产,XLRE,211.52,Bad Market,,227.5765,228.5823,226.6412,0.0159,-2.0929,-0.1118,0.3859,0.0318,1.9411,3,0.5
2026-09-03,SPOT,Spotify Technology S.A.,通讯服务,流媒体娱乐,XLC,560.11,Wait,,564.9611,571.0738,488.0447,0.0364,1.8507,-0.0047,0.341,0.1699,83.0291,3.5,0.2749
2026-09-03,SQM,Sociedad Quimica y Minera S.A.,基础材料,化工,XLB,79.78,Wait,,83.1278,83.9504,73.5131,0.0344,1.1581,-0.0773,0.3606,0.0435,10.4372,3.5,0.291
2026-09-03,SRE,DBA Sempra,公用电力,电力,XLU,84.57,Bad Market,,88.2257,88.8666,87.853,0.0253,-0.1662,0.0885,0.0804,0.1296,1.0136,3.5,0.3959
2026-09-03,SSNC,"SS&C Technologies Holdings, Inc",软件,软件,IGV,84.63,Enter,0.4538,84.3863,84.9234,78.1695,0.0212,1.6381,-0.0801,0.203,0.2706,6.7539,3,0.4727
2026-09-03,SSRM,SSR Mining Inc.,矿业,银,SIL,38.89,Wait,,39.5989,40.1051,33.3041,0.0434,2.3554,0.0047,0.4675,0.1347,6.801,3.5,0.2305
2026-09-03,ST,Sensata Technologies Holding pl,科技硬件,科技仪器,XLK,42.02,Wait,,49.0802,49.513,46.6508,0.0343,-1.1528,-0.1248,0.4433,0.18,2.8622,3.5,0.2913
2026-09-03,STM,STMicroelectronics N.V.,半导体,半导体,SOXX,51.28,Bad Market,,56.6128,57.265,72.3013,0.0424,-0.3208,-0.2393,0.1164,0.2028,-15.0363,3.5,0.2359
2026-09-03,STNG,Scorpio Tankers Inc.,航运,海运,SEA,80.11,Wait,,82.2211,82.9268,74.2171,0.0294,0.928,-0.0929,0.136,0.0205,8.7097,3.5,0.3406
2026-09-03,STRL,"Sterling Infrastructure, Inc.",工业,建筑工程,XLI,460.03,Bad Market,,610.5654,620.5784,799.2431,0.0726,-1.7885,-0.2313,0.27,0.2711,-178.6647,4,0.2
2026-09-03,STX,Seagate Technology Holdings PLC,科技硬件,存储硬件,XLK,798.61,Wait,,1005.9461,1022.6803,870.9171,0.0698,-0.9972,-0.0494,0.0772,0.1165,151.7633,4,0.2
2026-09-03,SU,Suncor Energy  Inc.,油气,综合油气,XLE,68.24,Wait,,69.6724,70.1715,63.9985,0.0244,1.4902,-0.0125,0.1684,0.1865,6.173,3,0.4101
2026-09-03,SUN,Sunoco LP,油气,炼油,XLE,73.99,Wait,,77.8199,78.3964,70.6841,0.026,-0.5375,0.0135,0.0135,0.1614,7.7123,3.5,0.385
2026-09-03,SUNB,"Sunbelt Rentals Holdings, Inc.",工业,设备租赁,XLI,65.99,Bad Market,,85.4599,86.3137,76.0994,0.0431,-3.9294,-0.0311,0.4667,0.1833,10.2143,3.5,0.2319
2026-09-03,SWK,"Stanley Black & Decker, Inc.",工业,工业机械,XLI,96.5,Bad Market,,104.965,105.8442,93.7429,0.0304,-1.1423,-0.0212,0.2066,0.1258,12.1013,3.5,0.3293
2026-09-03,SXI,Standex International Corporati,工业,工业机械,XLI,276.37,Bad Market,,342.8837,346.0452,320.7856,0.0381,-3.5246,-0.0963,0.4637,0.0843,25.2596,3.5,0.2623
2026-09-03,SXT,Sensient Technologies Corporati,基础材料,化工,XLB,136.3,Wait,,138.813,139.905,124.7102,0.0267,0.8648,-0.0427,0.2703,0.241,15.1948,3.5,0.3745
2026-09-03,SYNA,Synaptics Incorporated,半导体,半导体,SOXX,97.68,Bad Market,,111.5568,112.8607,128.5775,0.0445,-0.7955,-0.2651,0.1634,0.1942,-15.7168,3.5,0.2247
2026-09-03,T,AT&T Inc.,通讯服务,电信,XLC,26.19,Wait,,26.2719,26.4291,24.4379,0.02,2.1258,-0.1281,0.5027,0.1684,1.9912,3,0.4998
2026-09-03,TALO,"Talos Energy, Inc.",油气,油气勘探开发,XLE,17.29,Wait,,17.9229,18.1176,15.4781,0.0375,1.4628,-0.0145,0.466,0.1842,2.6395,3.5,0.2664
2026-09-03,TDW,Tidewater Inc.,油气,油气设备服务,XLE,94.58,Wait,,101.5558,102.7697,86.4474,0.0428,0.5552,0.1513,0.1956,0.2093,16.3223,3.5,0.2337
2026-09-03,TE,T1 Energy Inc.,公用电力,太阳能,TAN,4.54,Bad Market,,5.948,6.0949,8.4408,0.1079,-0.538,-0.3126,0.1813,0.2056,-2.3459,4,0.2
2026-09-03,TECK,Teck Resources Ltd,矿业,铜,COPX,68.82,Wait,,72.3082,72.9521,64.1075,0.0312,0.7617,-0.0787,0.1831,0.0244,8.8446,3.5,0.3206
2026-09-03,TEL,TE Connectivity plc,科技硬件,电子元件,XLK,209.41,Wait,,220.7841,222.6691,196.6985,0.03,0.1488,-0.0941,0.1127,0.0426,25.9706,3.5,0.3333
2026-09-03,TEM,"Tempus AI, Inc.",软件,AI医疗,IGV,64.66,Wait,,73.6473,75.0832,53.5441,0.074,1.0062,0.1816,0.2788,0.1108,21.5391,4,0.2
2026-09-03,TEVA,Teva Pharmaceutical Industries ,医疗健康,制药,XLV,36.62,Wait,,38.4662,38.7937,34.2787,0.0298,-0.0833,0.0175,0.195,0.1107,4.5151,3.5,0.3354
2026-09-03,TFII,TFI International Inc.,工业,铁路/联运,IYT,132.81,Bad Market,,148.4681,149.7946,141.1437,0.0333,-1.2873,-0.0129,0.1667,0.1416,8.651,3.5,0.3004
2026-09-03,TFPM,Triple Flag Precious Metals Cor,矿业,金,GDX,34.55,Wait,,36.0455,36.4039,31.5183,0.0346,1.2643,-0.0471,0.2949,0.0909,4.8856,3.5,0.2892
2026-09-03,TGT,Target Corporation,消费,消费必需品,XLP,164.01,Wait,,171.5301,172.898,153.9311,0.0278,1.2549,0.0832,0.3047,0.2332,18.9669,3.5,0.3597
2026-09-03,TGTX,"TG Therapeutics, Inc.",医疗健康,生物制药,XBI,56.71,Wait,,57.4671,58.2313,50.1444,0.0449,1.7703,0.1453,0.3636,0.0963,8.0869,3.5,0.2226
2026-09-03,THC,Tenet Healthcare Corporation,医疗健康,医疗服务,XLV,263.49,Wait,,283.4049,286.101,249.3157,0.0341,-0.4242,0.0403,0.1197,0.2927,36.7853,3.5,0.2932
2026-09-03,TJX,"TJX Companies, Inc. (The)",消费,折扣零售,XLY,132.19,Bad Market,,163.3819,164.2788,157.3509,0.0226,-4.4316,-0.0835,0.6231,0.3618,6.9279,3,0.4422
2026-09-03,TK,Teekay Corporation Ltd.,航运,海运,SEA,13.47,Wait,,13.4947,13.6368,11.7026,0.0352,1.9312,0.0201,0.3875,0.0955,1.9342,3.5,0.2845
2026-09-03,TMO,Thermo Fisher Scientific Inc,医疗健康,生命科学工具,XLV,618.43,Wait,,639.8943,644.7608,576.9349,0.0262,0.58,0.042,0.3328,0.3509,67.8258,3.5,0.3812
2026-09-03,TMUS,"T-Mobile US, Inc.",通讯服务,电信,XLC,188.02,Wait,,189.1802,190.5549,181.8928,0.0244,1.5384,-0.1381,0.2216,0.0207,8.6621,3,0.4103
2026-09-03,TNK,Teekay Tankers Ltd.,航运,海运,SEA,91.83,Wait,,92.9283,93.9289,80.3369,0.0363,1.7543,0.0814,0.3546,0.1662,13.592,3.5,0.2753
2026-09-03,TPG,TPG Inc.,金融地产,私募股权,XLF,53.225,Wait,,55.7422,56.2846,48.8821,0.034,0.599,-0.0169,0.2097,0.174,7.4025,3.5,0.2944
2026-09-03,TRGP,"Targa Resources, Inc.",油气,油气中游,AMLP,293.54,Wait,,305.1854,307.5852,274.2526,0.0273,1.2089,0.0573,0.2686,0.1399,33.3325,3.5,0.367
2026-09-03,TRMD,TORM plc,航运,海运,SEA,34.18,Wait,,34.1918,34.4753,30.5425,0.0276,3.5058,-0.0444,0.3925,0.1438,3.9328,3.5,0.3617
2026-09-03,TRP,TC Energy Corporation,油气,油气中游,AMLP,62.88,Wait,,65.9988,66.4152,66.4263,0.0221,-0.0299,-0.0049,0.186,0.1521,-0.0111,3,0.4531
2026-09-03,TSEM,Tower Semiconductor Ltd.,半导体,半导体,SOXX,206.16,Bad Market,,268.587,273.2475,254.7097,0.0754,-1.5957,-0.1468,0.1681,0.1013,18.5379,4,0.2
2026-09-03,TSM,Taiwan Semiconductor Manufactur,半导体,半导体,SOXX,417.01,Bad Market,,435.1401,438.5671,437.5882,0.0274,-0.2225,-0.2026,0.0016,0.0187,0.9789,3.5,0.3651
2026-09-03,TTAN,"ServiceTitan, Inc.",软件,软件,IGV,93.1,Wait,,101.5733,102.9732,81.9741,0.0501,0.1215,0.0234,0.1409,0.2037,20.9991,4,0.2
2026-09-03,TTE,TotalEnergies SE,油气,综合油气,XLE,89.25,Wait,,91.7363,92.238,85.8824,0.0187,0.5468,-0.0367,0.2137,0.0849,6.3556,3,0.5
2026-09-03,TTMI,"TTM Technologies, Inc.",科技硬件,电子元件,XLK,115.39,Wait,,142.7921,145.5103,185.2272,0.0785,-1.0259,-0.1684,0.199,0.2612,-39.7169,4,0.2
2026-09-03,TVTX,"Travere Therapeutics, Inc.",医疗健康,生物制药,XBI,66.54,Wait,,68.1854,68.865,59.5916,0.034,0.9906,-0.0245,0.3856,0.2409,9.2733,3.5,0.2937
2026-09-03,TWLO,Twilio Inc.,软件,软件,IGV,240.48,Wait,,258.3548,261.6987,216.9375,0.0464,0.7264,0.0649,0.2773,0.1681,44.7612,3.5,0.2157
2026-09-03,TWST,Twist Bioscience Corporation,医疗健康,生命科学工具,XLV,128.71,Wait,,154.9594,157.7484,115.9126,0.0722,-0.3832,0.3211,0.1978,0.1728,41.8359,4,0.2
2026-09-03,TX,Ternium S.A. Ternium S.A.,基础材料,钢铁,XLB,57.98,Too High,,57.4498,57.9629,50.8839,0.0295,1.9344,0.0963,0.4287,0.2223,7.079,3.5,0.339
2026-09-03,TXG,"10x Genomics, Inc.",医疗健康,生命科学工具,XLV,63.22,Wait,,65.8467,66.9367,50.5864,0.0575,0.9589,0.2838,0.3377,0.3451,16.3503,4,0.2
2026-09-03,TXT,Textron Inc.,航空国防,航空航天国防,ITA,79.37,Bad Market,,90.2237,90.8173,90.1942,0.0249,-2.8755,-0.1322,0.4694,0.1996,0.623,3,0.4011
2026-09-03,U,Unity Software Inc.,软件,软件,IGV,42.08,Wait,,47.5308,48.0786,40.7187,0.0434,-1.222,0.0038,0.3127,0.2885,7.36,3.5,0.2304
2026-09-03,UBER,"Uber Technologies, Inc.",工业,铁路/联运,IYT,75.96,Bad Market,,81.1096,81.8925,71.2163,0.0344,-0.3129,0.0174,0.1119,0.0329,10.6762,3.5,0.2911
2026-09-03,UBS,UBS Group AG Registered,金融地产,银行,XLF,55.68,Wait,,56.1761,56.4497,52.9836,0.0164,1.9487,-0.0438,0.2308,0.1548,3.4661,3,0.5
2026-09-03,UCTT,"Ultra Clean Holdings, Inc.",半导体,半导体材料,SOXX,66.59,Bad Market,,94.1549,96.0223,117.6913,0.0935,-1.8635,-0.1652,0.2444,0.1397,-21.669,4,0.2
2026-09-03,UEC,Uranium Energy Corp.,矿业,铀,URA,11.51,Bad Market,,13.7577,13.9643,10.8656,0.0598,-0.4698,-0.1319,0.1252,0.0087,3.0987,4,0.2
2026-09-03,UL,Unilever PLC,消费,消费必需品,XLP,64.24,Wait,,65.8256,66.1289,63.8366,0.0157,0.6804,-0.0938,0.013,0.1173,2.2924,3,0.5
2026-09-03,UMC,United Microelectronics Corpora,半导体,半导体,SOXX,19.86,Bad Market,,20.8286,21.125,24.5514,0.0498,0.7276,-0.0997,0.0862,0.0384,-3.4264,3.5,0.201
2026-09-03,UNH,UnitedHealth Group Incorporated,医疗健康,医疗服务,XLV,400.94,Wait,,416.7594,419.3918,410.0261,0.0219,0.3851,-0.1056,0.0672,0.0227,9.3657,3,0.4569
2026-09-03,UNM,Unum Group,金融地产,保险,XLF,96.57,Too High,,94.2957,94.9883,86.4042,0.0239,2.4783,0.1086,0.1805,0.062,8.5841,3,0.4183
2026-09-03,UNP,Union Pacific Corporation,工业,铁路,IYT,289.15,Bad Market,,313.5115,315.4053,291.6815,0.0218,-1.6985,0.0412,0.1308,0.1269,23.7239,3,0.458
2026-09-03,USAC,"USA Compression Partners, LP",油气,油气中游,AMLP,27.56,Wait,,27.7456,27.9254,25.6725,0.0217,1.6047,-0.1918,0.189,0.0802,2.2529,3,0.46
2026-09-03,USB,U.S. Bancorp,金融地产,银行,XLF,63.53,Wait,,65.9765,66.3104,62.0811,0.0175,0.1972,-0.05,0.0651,0.1389,4.2293,3,0.5
2026-09-03,UUUU,Energy Fuels Inc,矿业,铀,URA,14.35,Bad Market,,16.1466,16.4114,13.0287,0.0615,-0.354,-0.2061,0.1339,0.0386,3.3827,4,0.2
2026-09-03,V,Visa Inc.,金融地产,支付,XLF,378.75,Wait,,387.4197,389.3875,364.4618,0.0173,1.2297,-0.0668,0.1199,0.227,24.9257,3,0.5
2026-09-03,VALE,VALE S.A.,矿业,铁矿,XME,15.31,Wait,,15.8831,16.0208,14.3736,0.03,1.4979,0.0704,0.0866,0.0521,1.6472,3.5,0.3336
2026-09-03,VECO,Veeco Instruments Inc.,半导体,半导体,SOXX,42.55,Bad Market,,54.9846,55.8616,67.9573,0.0687,-2.0709,-0.1951,0.3454,0.2563,-12.0957,4,0.2
2026-09-03,VEEV,Veeva Systems Inc.,软件,软件,IGV,284.38,Wait,,288.5338,291.7995,247.5906,0.0383,3.0087,0.2278,0.5247,0.4273,44.2089,3.5,0.2612
2026-09-03,VG,"Venture Global, Inc.",油气,油气中游,XLE,14.48,Wait,,15.2548,15.4596,12.7711,0.0471,0.578,-0.1082,0.1726,0.1463,2.6884,3.5,0.2122
2026-09-03,VIAV,Viavi Solutions Inc.,科技硬件,通讯设备,XLK,33.63,Wait,,46.7636,47.519,42.8682,0.0749,-2.1889,-0.1638,0.2042,0.1747,4.6508,4,0.2
2026-09-03,VICR,Vicor Corporation,科技硬件,电子元件,XLK,178.76,Wait,,256.6192,261.298,317.3957,0.0872,-1.9615,-0.2325,0.2643,0.2042,-56.0977,4,0.2
2026-09-03,VIRT,"Virtu Financial, Inc.",金融地产,资本市场,XLF,64.19,Wait,,68.5719,69.4514,57.6687,0.0457,0.9099,0.2056,0.2257,0.0731,11.7827,3.5,0.2189
2026-09-03,VISN,"Vistance Networks, Inc.",科技硬件,电子元件,XLK,6.37,Wait,,12.6275,12.8337,10.1308,0.1079,-5.6453,0.1063,0.4804,0.3197,2.7029,4,0.2
2026-09-03,VIST,Vista Energy S.A.B. de C.V.,油气,油气勘探开发,XLE,74.61,Wait,,77.7761,78.7259,65.9493,0.0424,1.6246,0.0716,0.2253,0.0647,12.7766,3.5,0.2357
2026-09-03,VLO,Valero Energy Corporation,油气,炼油,XLE,370.69,Enter,0.2815,369.7969,372.9697,329.0735,0.0285,2.8582,0.0557,0.5023,0.4233,43.8963,3.5,0.3505
2026-09-03,VLTO,Veralto Corp,工业,污水处理,XLI,97.88,Bad Market,,101.0788,101.6962,93.9259,0.021,-0.0843,-0.0652,0.0821,0.2266,7.7703,3,0.4756
2026-09-03,VRT,"Vertiv Holdings, LLC",工业,电气设备,XLI,268.83,Bad Market,,296.6802,300.9405,301.1559,0.0528,-0.0598,-0.1446,0.0083,0.0547,-0.2153,4,0.2
2026-09-03,VRTX,Vertex Pharmaceuticals Incorpor,医疗健康,生物技术,XLV,557.96,Wait,,562.3296,566.2314,517.7323,0.0233,1.9515,-0.0176,0.4503,0.2633,48.499,3,0.429
2026-09-03,VSAT,"ViaSat, Inc.",航空国防,通讯设备,ITA,71.72,Bad Market,,88.0981,89.4002,72.4483,0.0605,-1.0718,-0.1125,0.3076,0.0611,16.9519,4,0.2
2026-09-03,VSH,"Vishay Intertechnology, Inc.",半导体,半导体,SOXX,30.45,Bad Market,,39.2813,39.9281,56.2749,0.0708,-0.8686,-0.2712,0.3376,0.3087,-16.3468,4,0.2
2026-09-03,VST,Vistra Corp.,公用电力,电力,XLU,144.22,Bad Market,,149.5722,151.1863,150.149,0.0373,0.5429,-0.1686,0.0227,0.0838,1.0373,3.5,0.2681
2026-09-03,VSXY,Victorias Secret & Co.,消费,服饰零售,XLY,73.64,Bad Market,,100.8973,102.2883,81.4238,0.063,-3.3704,0.129,0.266,0.0418,20.8644,4,0.2
2026-09-03,VTR,"Ventas, Inc.",金融地产,医疗地产,XLRE,92.11,Bad Market,,94.7511,95.3468,94.5726,0.0216,0.1533,-0.0263,0.061,0.1279,0.7742,3,0.4638
2026-09-03,VTRS,Viatris Inc.,医疗健康,制药,XLV,16.94,Wait,,17.8694,18.0082,16.241,0.0273,1.1339,-0.0081,0.1645,0.0715,1.7671,3.5,0.3662
2026-09-03,VVX,"V2X, Inc.",航空国防,航空航天国防,ITA,76.08,Bad Market,,85.3308,86.2503,79.5121,0.0403,-1.2796,-0.0579,0.0887,0.1035,6.7383,3.5,0.2482
2026-09-03,VZ,Verizon Communications Inc.,通讯服务,电信,XLC,50.59,Wait,,50.757,51.0312,47.5578,0.0181,1.8878,-0.1416,0.4465,0.1223,3.4734,3,0.5
2026-09-03,WAB,Westinghouse Air Brake Technolo,工业,工业机械,XLI,280.83,Bad Market,,303.4583,305.4594,285.7785,0.0238,-1.9699,-0.0238,0.2992,0.043,19.681,3,0.421
2026-09-03,WAY,Waystar Holding Corp.,软件,软件,IGV,26.08,Wait,,26.5008,26.8376,22.3108,0.043,1.0703,-0.0217,0.2616,0.2241,4.5268,3.5,0.2323
2026-09-03,WBI,WaterBridge Infrastructure LLC,油气,油气设备服务,XLE,32.24,Wait,,33.8724,34.2455,31.8567,0.0386,0.2191,-0.1319,0.1215,0.0061,2.3888,3.5,0.2592
2026-09-03,WCC,"WESCO International, Inc.",工业,工业分销,XLI,338.37,Bad Market,,377.4837,381.1508,331.3173,0.0361,-1.0451,-0.0622,0.2579,0.0414,49.8334,3.5,0.2768
2026-09-03,WDAY,"Workday, Inc.",软件,软件,IGV,206.92,Wait,,208.5192,211.5585,170.9913,0.049,1.4103,0.1314,0.2912,0.2783,40.5672,3.5,0.2042
2026-09-03,WDC,Western Digital Corporation,科技硬件,存储硬件,XLK,441.57,Wait,,555.329,565.4825,610.8501,0.0766,-0.6352,-0.1186,0.2728,0.1671,-45.3676,4,0.2
2026-09-03,WDS,Woodside Energy Group Limited,油气,油气勘探开发,XLE,23.72,Wait,,24.5672,24.7117,22.8847,0.0203,0.7919,-0.1072,0.1684,0.1542,1.827,3,0.4924
2026-09-03,WELL,Welltower Inc.,金融地产,医疗地产,XLRE,241.12,Bad Market,,243.9684,245.4134,237.6198,0.02,0.9287,-0.0488,0.1965,0.1842,7.7936,3,0.5
2026-09-03,WEN,Wendy's Company (The),消费,餐饮,XLY,7.88,Bad Market,,9.2058,9.3345,7.4041,0.0544,-1.1644,0.0111,0.0287,0.0695,1.9304,4,0.2
2026-09-03,WES,"Western Midstream Partners, LP",油气,油气中游,AMLP,49.19,Wait,,50.2747,50.5595,46.9519,0.0193,0.9348,-0.0266,0.232,0.2039,3.6077,3,0.5
2026-09-03,WFC,Wells Fargo & Company,金融地产,银行,XLF,89.19,Wait,,90.1619,90.704,83.8486,0.0203,1.4003,-0.0678,0.0446,0.0767,6.8555,3,0.4935
2026-09-03,WFRD,Weatherford International plc,油气,油气设备服务,XLE,96.43,Wait,,98.7343,99.8395,84.9558,0.0382,1.1682,0.0023,0.1639,0.0134,14.8837,3.5,0.2617
2026-09-03,WMB,"Williams Companies, Inc. (The)",油气,油气中游,AMLP,74.05,Wait,,75.9705,76.5814,70.7924,0.0275,0.4648,0.0648,0.1096,0.0454,5.789,3.5,0.3636
2026-09-03,WMT,Walmart Inc.,消费,消费必需品,XLP,108.42,Wait,,117.0942,117.8611,113.361,0.0236,-0.3642,-0.0532,0.098,0.157,4.5001,3,0.4241
2026-09-03,WOLF,"Wolfspeed, Inc.",半导体,半导体,SOXX,26.84,Bad Market,,35.5098,36.3345,46.4141,0.1024,-0.6524,-0.3386,0.0061,0.1557,-10.0796,4,0.2
2026-09-03,WPM,Wheaton Precious Metals Corp,矿业,金,GDX,156.63,Wait,,165.2863,167.1421,142.0693,0.0395,1.9533,0.096,0.4197,0.1657,25.0728,3.5,0.2532
2026-09-03,WT,"WisdomTree, Inc.",金融地产,资管,XLF,24.87,Wait,,25.2887,25.5855,21.5775,0.0398,1.6664,0.1763,0.2616,0.257,4.0079,3.5,0.2514
2026-09-03,WTTR,"Select Water Solutions, Inc.",油气,油气设备服务,XLE,20.17,Wait,,22.4617,22.7287,19.145,0.0441,-0.0045,0.0692,0.1262,0.0727,3.5837,3.5,0.2266
2026-09-03,WULF,TeraWulf Inc.,数据中心,数据中心,DTCR,16.23,Bad Market,,19.1475,19.5487,23.6308,0.0824,0.0393,-0.1826,0.1768,0.245,-4.0821,4,0.2
2026-09-03,WYFI,"WhiteFiber, Inc.",数据中心,数据中心,DTCR,18.78,Bad Market,,30.8572,31.618,34.6258,0.135,-1.5895,-0.1924,0.2854,0.1537,-3.0078,4,0.2
2026-09-03,XE,"X-Energy, Inc.",公用电力,核能,NLR,17.88,Bad Market,,23.0667,23.5717,16.1466,0.0941,-0.9921,-0.1818,0.0325,0.0761,7.425,4,0.2
2026-09-03,XEL,Xcel Energy Inc.,公用电力,电力,XLU,76.34,Bad Market,,80.1009,80.5154,78.0849,0.0181,-0.9126,-0.0955,0.1017,0.0654,2.4305,3,0.5
2026-09-03,XNDU,Xanadu Quantum Technologies Lim,科技硬件,量子计算,QTUM,10.02,Bad Market,,11.7348,11.9369,10.8744,0.0673,-0.8013,-0.5881,0.1885,0.1556,1.0625,4,0.2
2026-09-03,XOM,ExxonMobil Holdings Corporation,油气,综合油气,XLE,162.21,Wait,,167.7721,168.8004,155.8672,0.0211,0.4309,-0.0588,0.1851,0.2055,12.9332,3,0.4732
2026-09-03,XP,XP Inc.,金融地产,资本市场,XLF,20.0,Wait,,20.19,20.4129,17.3891,0.0372,4.2012,0.0742,0.39,0.2532,3.0239,3.5,0.2691
2026-09-03,XYZ,"Block, Inc.",金融地产,支付,XLF,83.37,Wait,,85.6837,86.5922,74.2513,0.0363,0.7645,0.0507,0.0351,0.1032,12.3409,3.5,0.2753
2026-09-03,YPF,YPF Sociedad Anonima,油气,综合油气,XLE,52.41,Wait,,54.4341,54.9833,47.5022,0.0349,0.9616,0.0238,0.1315,0.0232,7.4811,3.5,0.2863
2026-09-03,ZETA,Zeta Global Holdings Corp.,软件,软件,IGV,32.68,Too High,,31.8868,32.344,26.2258,0.0466,2.5068,0.1026,0.3841,0.2979,6.1182,3.5,0.2144
2026-09-03,ZWS,Zurn Elkay Water Solutions Corp,工业,污水处理,XLI,47.62,Bad Market,,53.6562,53.9871,49.8708,0.0232,-1.7333,-0.1207,0.4852,0.052,4.1164,3,0.4317
2026-09-04,AA,Alcoa Corporation,矿业,铝加工,XME,49.97,Wait,,54.5797,55.2168,54.297,0.0425,-0.4188,-0.1794,0.0767,0.1687,0.9198,3.5,0.2353
2026-09-04,AAOI,"Applied Optoelectronics, Inc.",科技硬件,光通信,XLK,105.53,Wait,,157.1739,160.5997,125.5521,0.1082,-1.496,-0.2279,0.1585,0.1436,35.0476,4,0.2
2026-09-04,AAPL,Apple Inc.,科技硬件,消费电子,XLK,319.97,Wait,,331.4097,333.7018,317.1588,0.0239,0.9374,0.026,0.1278,0.0978,16.543,3,0.4188
2026-09-04,ABCL,AbCellera Biologics Inc.,医疗健康,生物制药,XBI,11.43,Wait,,12.6523,12.8808,9.4538,0.0666,0.5157,0.2345,0.4542,0.276,3.427,4,0.2
2026-09-04,ABNB,"Airbnb, Inc.",消费,在线旅游,XLY,181.94,Bad Market,,192.3194,193.8758,172.3415,0.0285,-0.5431,0.0499,0.3348,0.2478,21.5343,3.5,0.3507
2026-09-04,ABVX,Abivax SA,医疗健康,生物技术,XLV,114.79,Wait,,132.0779,133.3811,129.4461,0.0378,-0.8922,-0.2704,0.2318,0.086,3.9349,3.5,0.2643
2026-09-04,ACGL,Arch Capital Group Ltd.,金融地产,保险,XLF,98.1,Wait,,102.0974,102.6719,100.7355,0.0195,-0.4102,-0.0614,0.0601,0.0888,1.9364,3,0.5
2026-09-04,ACLS,"Axcelis Technologies, Inc.",半导体,半导体,SOXX,115.08,Bad Market,,145.5127,147.6167,161.3963,0.0609,-1.7377,-0.1921,0.2686,0.1897,-13.7796,4,0.2
2026-09-04,ACMR,"ACM Research, Inc.",半导体,半导体设备,SOXX,74.44,Bad Market,,86.7229,88.3473,105.2315,0.0727,-0.7022,-0.1619,0.1081,0.0875,-16.8842,4,0.2
2026-09-04,ADI,"Analog Devices, Inc.",半导体,半导体,SOXX,362.25,Bad Market,,393.9025,397.2983,405.8626,0.0312,-1.0356,-0.1391,0.1644,0.1311,-8.5643,3.5,0.32
2026-09-04,ADM,Archer-Daniels-Midland Company,基础材料,农业,MOO,84.61,Wait,,86.2261,87.0094,78.1812,0.0309,1.4205,0.1166,0.276,0.1366,8.8282,3.5,0.324
2026-09-04,AEHR,Aehr Test Systems,半导体,半导体材料,SOXX,86.26,Bad Market,,147.6594,150.7336,104.6212,0.1188,-1.6548,-0.027,0.0862,0.0698,46.1124,4,0.2
2026-09-04,AEM,Agnico Eagle Mines Limited,矿业,金,GDX,204.73,Wait,,226.1573,228.6142,195.4461,0.04,0.6833,0.0799,0.3233,0.1376,33.1681,3.5,0.25
2026-09-04,AES,The AES Corporation,公用电力,再生能源,XLU,14.79,Bad Market,,14.8258,14.8412,14.7054,0.0035,0.9219,-0.4508,0.2093,0.1216,0.1358,3,0.5
2026-09-04,AEVA,"Aeva Technologies, Inc.",科技硬件,电子元件,XLK,15.69,Wait,,26.9477,27.4391,22.167,0.1044,-2.2722,-0.1984,0.1473,0.1072,5.2722,4,0.2
2026-09-04,AG,First Majestic Silver Corp.,矿业,银,SIL,20.97,Wait,,21.9521,22.2701,17.4988,0.0506,0.7644,-0.0668,0.2629,0.0799,4.7713,4,0.2
2026-09-04,AGI,Alamos Gold Inc.,矿业,金,GDX,36.97,Wait,,39.3897,39.8321,33.8588,0.0399,0.9433,-0.105,0.2867,0.0075,5.9733,3.5,0.2507
2026-09-04,AGRO,Adecoagro S.A.,基础材料,农业,MOO,11.77,Wait,,12.1377,12.2916,10.2245,0.0436,2.5731,-0.0287,0.4092,0.1474,2.0671,3.5,0.2294
2026-09-04,AHR,"American Healthcare REIT, Inc.",金融地产,医疗地产,XLRE,54.72,Bad Market,,57.7072,58.0822,53.9704,0.0228,-0.5253,-0.0845,0.0455,0.1939,4.1118,3,0.4378
2026-09-04,AIR,AAR Corp.,航空国防,航空航天国防,ITA,126.54,Bad Market,,154.9754,156.5368,135.494,0.0411,-2.1835,-0.0346,0.2901,0.0313,21.0428,3.5,0.2431
2026-09-04,AKAM,"Akamai Technologies, Inc.",软件,软件,IGV,105.22,Wait,,126.3422,127.7509,113.0851,0.0446,-1.5959,-0.1606,0.2605,0.1397,14.6658,3.5,0.2241
2026-09-04,ALAB,"Astera Labs, Inc.",半导体,半导体,SOXX,310.4,Bad Market,,338.9723,346.1757,386.9742,0.0774,0.4486,-0.1027,0.0392,0.0656,-40.7985,4,0.2
2026-09-04,ALB,Albemarle Corporation,基础材料,锂电池,XLB,126.28,Wait,,144.5128,146.2738,146.0152,0.0465,-1.3818,-0.143,0.1093,0.2568,0.2585,3.5,0.2151
2026-09-04,ALGM,"Allegro MicroSystems, Inc.",半导体,半导体,SOXX,36.61,Bad Market,,44.8582,45.5605,60.2558,0.0639,-1.0668,-0.2268,0.2431,0.1574,-14.6952,4,0.2
2026-09-04,ALKS,Alkermes plc,医疗健康,生物制药,XBI,46.1,Wait,,50.741,51.1933,49.9431,0.0327,-1.75,-0.0544,0.2416,0.0334,1.2502,3.5,0.3058
2026-09-04,ALM,Almonty Industries Inc.,矿业,钨矿,XME,17.57,Wait,,19.1643,19.5157,14.244,0.0667,0.821,-0.1039,0.3158,0.0195,5.2717,4,0.2
2026-09-04,ALSN,"Allison Transmission Holdings, ",工业,工业机械,XLI,131.24,Bad Market,,134.5424,135.8168,118.3625,0.0324,1.1001,0.0515,0.2738,0.0997,17.4542,3.5,0.309
2026-09-04,AMAT,"Applied Materials, Inc.",半导体,半导体设备,SOXX,454.71,Bad Market,,552.9034,560.0335,627.9321,0.0523,-1.6399,-0.1671,0.313,0.1136,-67.8986,4,0.2
2026-09-04,AMBQ,"Ambiq Micro, Inc.",半导体,半导体,SOXX,57.45,Bad Market,,68.6098,69.7344,75.4847,0.0653,-0.9374,-0.1877,0.1293,0.129,-5.7503,4,0.2
2026-09-04,AMD,"Advanced Micro Devices, Inc.",半导体,半导体,SOXX,477.57,Bad Market,,519.1657,525.9184,502.1282,0.0471,0.0925,-0.1515,0.02,0.0361,23.7902,3.5,0.2122
2026-09-04,AMGN,Amgen Inc.,医疗健康,制药,XLV,437.23,Wait,,448.4923,451.3609,415.4337,0.0219,0.7428,0.0217,0.279,0.3592,35.9272,3,0.4573
2026-09-04,AMKR,"Amkor Technology, Inc.",半导体,半导体材料,SOXX,47.77,Bad Market,,61.9675,62.9688,80.2,0.0699,-1.1877,-0.2554,0.1578,0.2363,-17.2312,4,0.2
2026-09-04,AMLX,"Amylyx Pharmaceuticals, Inc.",医疗健康,生物制药,XBI,34.1,Wait,,40.0745,40.6962,31.3701,0.0608,1.2386,0.3623,0.3738,0.3772,9.3261,4,0.2
2026-09-04,AMPX,"Amprius Technologies, Inc.",基础材料,锂电池,XLB,9.89,Wait,,12.6394,12.8334,13.5826,0.0654,-1.3326,-0.394,0.2424,0.1859,-0.7492,4,0.2
2026-09-04,AMT,American Tower Corporation (REI,金融地产,通信铁塔,XLRE,175.85,Bad Market,,180.3285,181.5936,168.4388,0.024,0.3505,-0.0721,0.1887,0.0383,13.1549,3,0.417
2026-09-04,AMZN,"Amazon.com, Inc.",消费,互联网零售,XLY,258.51,Bad Market,,280.6751,282.6827,260.5979,0.0259,-0.6703,-0.0724,0.1917,0.0864,22.0848,3.5,0.3863
2026-09-04,ANAB,"AnaptysBio, Inc.",医疗健康,生物制药,XBI,56.8,Wait,,60.258,61.0693,60.3447,0.0476,-0.2178,-0.1364,0.0757,0.0003,0.7246,3.5,0.21
2026-09-04,ANDG,Andersen Group Inc.,金融地产,个性化服务,XLF,56.26,Wait,,58.0126,58.6896,49.5516,0.0401,2.168,-0.0253,0.2452,0.2743,9.138,3.5,0.2493
2026-09-04,ANET,"Arista Networks, Inc.",科技硬件,硬件,XLK,193.78,Wait,,212.4378,214.9215,181.5236,0.0427,-0.0574,-0.0374,0.033,0.0991,33.3979,3.5,0.2341
2026-09-04,APA,APA Corporation,油气,油气勘探开发,XLE,42.77,Wait,,45.1277,45.5534,39.7336,0.0332,0.4849,-0.0068,0.3962,0.2085,5.8198,3.5,0.3014
2026-09-04,APD,"Air Products and Chemicals, Inc",基础材料,化工,XLB,301.27,Wait,,312.4727,314.3683,295.2344,0.021,-0.6773,-0.0683,0.0877,0.0974,19.1339,3,0.4768
2026-09-04,APG,APi Group Corporation,工业,工业服务,XLI,40.04,Bad Market,,45.1204,45.467,40.6764,0.0289,-1.3516,-0.0749,0.1403,0.0601,4.7906,3.5,0.3466
2026-09-04,APH,Amphenol Corporation,科技硬件,光通信,XLK,82.78,Wait,,86.9478,87.8082,78.1216,0.0346,0.5834,-0.0792,0.1049,0.0235,9.6866,3.5,0.2886
2026-09-04,APLD,Applied Digital Corporation,数据中心,数据中心,DTCR,26.37,Bad Market,,31.5852,32.1631,38.8853,0.073,-0.8626,-0.2885,0.1771,0.2777,-6.7222,4,0.2
2026-09-04,APP,Applovin Corporation,软件,广告技术,IGV,320.56,Wait,,421.2624,426.456,495.3618,0.054,0.3645,-0.3054,0.4386,0.2299,-68.9058,4,0.2
2026-09-04,APPS,"Digital Turbine, Inc.",软件,软件,IGV,10.71,Wait,,14.5558,14.8044,11.0748,0.0774,-1.1203,0.042,0.2662,0.0723,3.7296,4,0.2
2026-09-04,AR,Antero Resources Corporation,油气,油气勘探生产,XLE,39.41,Wait,,40.2041,40.5151,36.1813,0.0263,1.538,-0.0862,0.4765,0.1818,4.3338,3.5,0.3801
2026-09-04,ARM,Arm Holdings plc,半导体,半导体,SOXX,252.09,Bad Market,,289.9964,294.971,373.1322,0.0658,-0.1673,-0.1901,0.1543,0.2667,-78.1612,4,0.2
2026-09-04,ARMK,Aramark,消费,餐饮服务,XLY,56.78,Bad Market,,62.9578,63.3012,58.9562,0.0202,-1.8989,-0.028,0.0058,0.1066,4.345,3,0.4961
2026-09-04,AROC,"Archrock, Inc.",油气,油气中游,AMLP,32.69,Wait,,35.0169,35.3698,37.8333,0.036,0.1586,-0.0638,0.1197,0.0724,-2.4636,3.5,0.2779
2026-09-04,ARQQ,Arqit Quantum Inc.,半导体,半导体,SOXX,21.37,Bad Market,,24.7325,25.2463,22.87,0.0801,-0.1933,-0.1377,0.0244,0.0171,2.3763,4,0.2
2026-09-04,ARW,"Arrow Electronics, Inc.",科技硬件,电子元器,XLK,215.97,Wait,,229.0097,231.2625,208.5473,0.0348,1.0831,0.0142,0.1115,0.0423,22.7152,3.5,0.2876
2026-09-04,ARXS,"Arxis, Inc.",航空国防,航空航天国防,ITA,53.62,Bad Market,,60.5262,61.2652,51.3684,0.0459,-0.5468,-0.0488,0.3051,0.1784,9.8968,3.5,0.2177
2026-09-04,ASC,Ardmore Shipping Corporation,航运,海运,SEA,18.17,Wait,,18.5817,18.7833,16.048,0.037,0.8958,-0.0118,0.2335,0.0715,2.7353,3.5,0.2704
2026-09-04,ASTS,"AST SpaceMobile, Inc.",航空国防,通讯设备,ITA,62.31,Bad Market,,75.2201,76.5852,70.658,0.073,-0.7082,-0.307,0.1154,0.1312,5.9272,4,0.2
2026-09-04,ASX,"ASE Technology Holding Co., Ltd",半导体,半导体,SOXX,37.51,Bad Market,,40.2851,40.7832,39.3093,0.0443,-0.0916,-0.1259,0.0501,0.0009,1.4739,3.5,0.2259
2026-09-04,ATRO,Astronics Corporation,航空国防,航空航天国防,ITA,76.26,Bad Market,,94.2176,95.369,78.0978,0.0503,-0.8713,-0.0084,0.015,0.0315,17.2713,4,0.2
2026-09-04,AU,AngloGold Ashanti PLC,矿业,金,GDX,109.07,Wait,,124.4807,125.8622,107.2728,0.0422,0.2741,0.0037,0.2929,0.1324,18.5894,3.5,0.2369
2026-09-04,AUGO,Aura Minerals Inc.,矿业,金,GDX,84.91,Wait,,91.4104,92.8209,71.6628,0.0554,0.569,0.0336,0.3246,0.1309,21.1581,4,0.2
2026-09-04,AVAH,Aveanna Healthcare Holdings Inc,医疗健康,医疗服务,XLV,13.58,Wait,,13.9558,14.1262,11.8316,0.0418,2.1669,0.2185,0.5556,0.4345,2.2946,3.5,0.239
2026-09-04,AVGO,Broadcom Inc.,半导体,半导体,SOXX,357.9,Bad Market,,431.339,435.247,382.1673,0.0364,-1.836,-0.1415,0.4599,0.0813,53.0797,3.5,0.2747
2026-09-04,AVNT,Avient Corporation,基础材料,化工,XLB,43.4,Wait,,46.774,47.2011,41.3568,0.0328,-0.8439,0.0429,0.274,0.1427,5.8444,3.5,0.3048
2026-09-04,AVT,"Avnet, Inc.",科技硬件,电子元器,XLK,92.06,Wait,,99.5506,100.5826,86.5905,0.0374,0.0344,0.0837,0.1408,0.023,13.9921,3.5,0.2676
2026-09-04,AVTR,"Avantor, Inc.",医疗健康,生命科学工具,XLV,14.97,Wait,,15.3397,15.4772,13.5854,0.0306,1.7908,-0.015,0.3333,0.3691,1.8919,3.5,0.3265
2026-09-04,AXP,American Express Company,金融地产,支付,XLF,326.16,Wait,,352.0586,353.8998,343.1583,0.0188,-1.632,-0.1527,0.3513,0.0679,10.7415,3,0.5
2026-09-04,AXTI,AXT Inc,半导体,半导体,SOXX,61.64,Bad Market,,97.5725,99.9762,63.9202,0.13,-1.1853,-0.1606,0.0594,0.1041,36.056,4,0.2
2026-09-04,B,Barrick Mining Corporation,矿业,金,GDX,44.75,Wait,,49.3175,49.8121,43.0995,0.0368,0.2469,0.0015,0.1396,0.0659,6.7126,3.5,0.2714
2026-09-04,BA,Boeing Company (The),航空国防,航空航天国防,ITA,212.25,Bad Market,,242.3125,243.7786,225.5285,0.023,-1.3844,-0.1973,0.533,0.0722,18.2501,3,0.4343
2026-09-04,BAC,Bank of America Corporation,金融地产,银行,XLF,62.68,Wait,,65.3518,65.6769,61.5592,0.0173,-0.2635,-0.039,0.0489,0.1954,4.1177,3,0.5
2026-09-04,BALL,Ball Corporation,基础材料,包装容器纸制品,XLB,62.67,Wait,,65.0419,65.415,63.1588,0.0198,-0.191,-0.124,0.0784,0.1378,2.2562,3,0.5
2026-09-04,BAM,Brookfield Asset Management Inc,金融地产,资管,XLF,50.6,Wait,,56.366,56.7652,51.2029,0.0263,-1.3528,-0.0307,0.1128,0.0611,5.5622,3.5,0.3803
2026-09-04,BB,BlackBerry Limited,软件,软件,IGV,7.7,Wait,,9.0734,9.1986,11.1413,0.0542,-1.5113,-0.179,0.2315,0.0645,-1.9427,4,0.2
2026-09-04,BBIO,"BridgeBio Pharma, Inc.",医疗健康,生物科技,XBI,74.84,Wait,,85.4184,86.131,81.856,0.0317,-2.3872,-0.1619,0.341,0.1024,4.275,3.5,0.3151
2026-09-04,BBVA,Banco Bilbao Vizcaya Argentaria,金融地产,银行,XLF,29.51,Wait,,29.859,29.9904,28.3259,0.0148,1.6072,-0.1682,0.3462,0.287,1.6645,3,0.5
2026-09-04,BBY,"Best Buy Co., Inc.",消费,电子零售,XLY,90.27,Bad Market,,90.1127,91.1489,78.0813,0.0383,1.533,0.2009,0.1337,0.2028,13.0675,3.5,0.2614
2026-09-04,BCPC,Balchem Corporation,基础材料,化工,XLB,171.61,Wait,,182.9961,184.1563,169.6784,0.0225,-1.6138,-0.0075,0.1886,0.0763,14.4778,3,0.4438
2026-09-04,BCS,Barclays PLC,金融地产,银行,XLF,27.0,Wait,,28.6981,28.8409,27.1315,0.0176,-0.4547,-0.2019,0.2734,0.0301,1.7094,3,0.5
2026-09-04,BDC,Belden Inc,科技硬件,网络基础,XLK,122.28,Wait,,139.2528,140.6702,121.4936,0.0386,-0.6142,-0.0105,0.1038,0.0156,19.1766,3.5,0.2588
2026-09-04,BE,Bloom Energy Corporation,公用电力,电力,GRID,252.87,Bad Market,,241.0138,246.7945,268.7743,0.0762,1.8686,-0.1437,0.1119,0.043,-21.9799,4,0.2
2026-09-04,BELFB,Bel Fuse Inc.,科技硬件,电子元件,XLK,243.79,Wait,,300.4435,304.2438,282.3693,0.052,-1.7726,-0.1323,0.3949,0.1129,21.8746,4,0.2
2026-09-04,BEPC,Brookfield Renewable Corporatio,公用电力,电力,XLU,31.75,Bad Market,,36.1875,36.4521,34.8532,0.0278,-1.9145,-0.189,0.1466,0.1592,1.5989,3.5,0.36
2026-09-04,BG,Bunge Limited,基础材料,农业,MOO,118.71,Wait,,124.0471,125.275,109.5542,0.0345,1.0756,0.0686,0.2897,0.0243,15.7208,3.5,0.29
2026-09-04,BHE,"Benchmark Electronics, Inc.",科技硬件,解决方案,XLK,72.64,Wait,,84.8964,85.8339,87.7321,0.043,-0.9636,-0.1288,0.3965,0.1599,-1.8982,3.5,0.2324
2026-09-04,BHP,BHP Group Limited,矿业,金属采矿,XME,90.42,Wait,,99.5942,100.3182,90.243,0.0267,-0.906,0.0153,0.035,0.0008,10.0752,3.5,0.3747
2026-09-04,BKH,Black Hills Corporation,公用电力,天然气/电力,XLU,73.21,Bad Market,,75.3373,75.7496,71.9163,0.0188,0.0535,-0.1259,0.104,0.03,3.8333,3,0.5
2026-09-04,BKNG,Booking Holdings Inc. Common St,消费,在线旅游,XLY,193.29,Bad Market,,216.3529,218.2688,192.0677,0.033,-2.2803,-0.0226,0.1977,0.1084,26.2011,3.5,0.3027
2026-09-04,BKR,Baker Hughes Company,油气,油气设备服务,XLE,63.5,Wait,,65.535,66.0139,59.313,0.0251,0.0714,-0.0917,0.1183,0.0751,6.7009,3.5,0.3978
2026-09-04,BKV,BKV Corporation,油气,油气勘探开发,XLE,26.06,Wait,,26.9906,27.2859,23.9152,0.0378,0.7204,-0.0412,0.2666,0.074,3.3707,3.5,0.2648
2026-09-04,BLK,"BlackRock, Inc.",金融地产,资管,XLF,1122.29,Wait,,1194.0629,1201.0243,1113.2254,0.0207,-1.3284,-0.0878,0.0428,0.0789,87.799,3,0.4836
2026-09-04,BLZE,"Backblaze, Inc.",软件,软件,IGV,13.455,Wait,,20.6609,21.0073,15.8114,0.0858,-2.7519,0.0658,0.4069,0.1193,5.196,4,0.2
2026-09-04,BMY,Bristol-Myers Squibb Company,医疗健康,制药,XLV,66.82,Wait,,68.7582,69.2111,63.5612,0.0226,0.4803,-0.0044,0.19,0.2344,5.6499,3,0.4426
2026-09-04,BNTX,BioNTech SE,医疗健康,生物技术,XBI,103.76,Wait,,117.6076,118.8676,101.8696,0.0405,0.3559,0.1883,0.1985,0.1206,16.9981,3.5,0.247
2026-09-04,BOX,"Box, Inc.",软件,软件,IGV,35.19,Wait,,36.3119,36.6656,31.8337,0.0335,1.3046,0.0885,0.228,0.3062,4.8319,3.5,0.2985
2026-09-04,BP,BP p.l.c.,油气,综合油气,XLE,43.81,Wait,,45.5781,45.8752,42.2493,0.0226,0.6014,-0.0315,0.2028,0.0961,3.6258,3,0.4424
2026-09-04,BRKR,Bruker Corporation,医疗健康,生命科学工具,XLV,58.5,Wait,,60.505,61.3167,54.8703,0.0463,0.2957,0.0095,0.2043,0.0404,6.4464,3.5,0.2162
2026-09-04,BRZE,"Braze, Inc.",软件,软件,IGV,31.96,Wait,,34.8496,35.3216,29.0228,0.0492,0.7957,0.0292,0.2856,0.2623,6.2988,3.5,0.2031
2026-09-04,BTSG,"BrightSpring Health Services, I",医疗健康,医疗健康,XLV,60.73,Wait,,63.6273,64.3728,64.2129,0.0409,0.3272,0.0103,0.0775,0.0463,0.1599,3.5,0.2444
2026-09-04,BTU,Peabody Energy Corporation,油气,煤矿,XLE,28.85,Wait,,29.9785,30.3716,25.1038,0.0454,1.5488,-0.0151,0.376,0.1007,5.2678,3.5,0.2202
2026-09-04,BUD,Anheuser-Busch Inbev SA Sponsor,消费,消费必需品,XLP,80.35,Wait,,85.8517,86.2547,82.4498,0.0167,0.6554,-0.113,0.2737,0.0064,3.8049,3,0.5
2026-09-04,BVN,Buenaventura Mining Company Inc,矿业,金,GDX,33.9,Wait,,36.639,37.0793,31.1631,0.0433,-0.4684,-0.071,0.0662,0.0085,5.9162,3.5,0.231
2026-09-04,BWLP,BW LPG Limited,航运,海运,SEA,24.86,Wait,,25.0486,25.2944,21.9318,0.033,1.7743,0.1269,0.4562,0.2521,3.3626,3.5,0.3034
2026-09-04,BWXT,"BWX Technologies, Inc.",航空国防,航空航天国防,ITA,157.59,Bad Market,,174.7959,176.6472,188.4015,0.0392,-0.6134,-0.1506,0.1502,0.2225,-11.7543,3.5,0.2554
2026-09-04,C,"Citigroup, Inc.",金融地产,银行,XLF,137.72,Wait,,140.7072,141.5971,136.7706,0.0215,1.0391,-0.099,0.0025,0.0621,4.8265,3,0.4643
2026-09-04,CAKE,The Cheesecake Factory Incorpor,消费,餐饮,XLY,107.58,Bad Market,,118.3658,119.4908,104.1647,0.0349,-0.8342,0.1698,0.0439,0.3111,15.3262,3.5,0.2869
2026-09-04,CALM,"Cal-Maine Foods, Inc.",基础材料,农业,MOO,74.63,Wait,,86.4163,87.2023,84.3303,0.0351,-2.5739,-0.0248,0.4573,0.0479,2.872,3.5,0.2849
2026-09-04,CAMT,Camtek Ltd.,半导体,半导体,SOXX,145.72,Bad Market,,176.0548,178.8369,158.6246,0.0636,-0.5124,-0.1213,0.0164,0.0951,20.2123,4,0.2
2026-09-04,CART,Maplebear Inc.,消费,互联网零售,XLY,51.07,Bad Market,,52.2907,52.7793,46.0802,0.0319,0.4793,-0.071,0.2807,0.1772,6.6991,3.5,0.3136
2026-09-04,CAT,"Caterpillar, Inc.",工业,工业机械,XLI,813.94,Bad Market,,889.7894,898.095,968.0019,0.034,-0.4038,-0.1329,0.2167,0.1317,-69.9069,3.5,0.294
2026-09-04,CB,Chubb Limited,金融地产,保险,XLF,341.59,Wait,,357.0269,358.825,345.5186,0.0175,-0.2689,-0.0746,0.1751,0.0584,13.3065,3,0.5
2026-09-04,CBRS,Cerebras Systems Inc.,半导体,半导体,SOXX,210.05,Bad Market,,265.6798,271.1096,189.6634,0.0862,0.1512,-0.2277,0.016,0.005,81.4462,4,0.2
2026-09-04,CCJ,Cameco Corporation,矿业,铀,URA,100.74,Bad Market,,108.3674,109.5636,94.9341,0.0396,0.266,-0.1311,0.1502,0.046,14.6295,3.5,0.2526
2026-09-04,CDE,"Coeur Mining, Inc.",矿业,银,SIL,21.24,Wait,,22.4251,22.7476,17.9088,0.0506,1.0458,-0.0333,0.2495,0.1166,4.8388,4,0.2
2026-09-04,CDNA,"CareDx, Inc.",医疗健康,诊断检测,XLV,50.88,Wait,,52.8688,53.5963,43.872,0.0477,1.0717,0.2716,0.2572,0.4135,9.7243,3.5,0.2098
2026-09-04,CDW,CDW Corporation,科技硬件,IT,XLK,152.38,Wait,,155.4438,157.4383,130.7309,0.0436,1.7027,0.1064,0.1744,0.1393,26.7074,3.5,0.2292
2026-09-04,CEG,Constellation Energy Corporatio,公用电力,核电,XLU,298.96,Bad Market,,293.0296,296.073,254.5337,0.0339,2.144,-0.0608,0.3346,0.1223,41.5393,3.5,0.2947
2026-09-04,CELC,Celcuity Inc.,医疗健康,生物技术,XBI,95.7,Wait,,97.387,98.7071,100.319,0.046,0.849,-0.2445,0.0552,0.0485,-1.6119,3.5,0.2175
2026-09-04,CENX,Century Aluminum Company,基础材料,铝,XLB,46.78,Wait,,52.7737,53.4993,44.6353,0.0517,0.0746,-0.1672,0.0048,0.1134,8.864,4,0.2
2026-09-04,CF,"CF Industries Holdings, Inc.",基础材料,化肥,MOO,133.35,Wait,,140.6035,142.2025,120.6151,0.04,1.5927,0.0858,0.2932,0.2166,21.5874,3.5,0.2502
2026-09-04,CFR,"Cullen/Frost Bankers, Inc.",金融地产,银行,XLF,162.62,Wait,,171.6258,172.5533,160.8052,0.019,-0.6023,0.0004,0.142,0.2247,11.748,3,0.5
2026-09-04,CGAU,Centerra Gold Inc.,矿业,金,GDX,22.92,Wait,,24.4792,24.7586,20.9908,0.0406,0.4059,0.0569,0.279,0.1956,3.7678,3.5,0.2461
2026-09-04,CGNX,Cognex Corporation,工业,工业设备,XLI,62.25,Bad Market,,71.3325,72.0736,63.774,0.0397,0.1368,-0.0995,0.2323,0.0264,8.2996,3.5,0.252
2026-09-04,CGON,"CG Oncology, Inc.",医疗健康,生物技术,XLV,74.67,Wait,,81.4267,82.346,69.9552,0.041,-0.692,-0.0579,0.0719,0.1462,12.3908,3.5,0.2437
2026-09-04,CHRD,Chord Energy Corporation,油气,油气勘探开发,XLE,146.39,Wait,,151.8739,153.2295,134.5948,0.0309,0.7233,-0.0501,0.3064,0.1342,18.6347,3.5,0.324
2026-09-04,CHRN,ChronoScale Holdings Corporatio,数据中心,数据中心,DTCR,20.26,Bad Market,,24.5644,25.261,20.3417,0.1146,-0.2941,-0.02,0.1581,0.0045,4.9193,4,0.2
2026-09-04,CHYM,"Chime Financial, Inc.",金融地产,消费金融,XLF,33.76,Wait,,33.9876,34.3967,28.8767,0.0404,1.0713,0.0445,0.3988,0.4483,5.5201,3.5,0.2475
2026-09-04,CIEN,Ciena Corporation,科技硬件,光通信,XLK,321.0,Wait,,450.4356,458.319,385.4477,0.0819,-2.7901,-0.1087,0.2622,0.134,72.8714,4,0.2
2026-09-04,CIFR,Cipher Digital Inc.,数据中心,数据中心,DTCR,17.74,Bad Market,,19.0604,19.5861,22.1713,0.0988,0.7415,-0.156,0.0467,0.1169,-2.5852,4,0.2
2026-09-04,CL,Colgate-Palmolive Company,消费,消费必需品,XLP,88.77,Wait,,94.1677,94.7022,89.7851,0.0201,-1.4352,-0.1036,0.267,0.0303,4.917,3,0.4983
2026-09-04,CLBK,"Columbia Financial, Inc.",金融地产,银行,XLF,11.7,Wait,,11.937,12.0103,11.0872,0.0209,0.5189,0.0242,0.3859,0.4066,0.9231,3,0.479
2026-09-04,CLF,Cleveland-Cliffs Inc.,基础材料,钢铁,XLB,12.5,Wait,,12.7768,12.9669,10.1448,0.0507,1.0705,-0.0279,0.0256,0.01,2.8221,4,0.2
2026-09-04,CLH,"Clean Harbors, Inc.",工业,环境服务,XLI,317.1,Bad Market,,329.221,331.1869,306.6809,0.0207,0.1673,-0.0838,0.1178,0.176,24.506,3,0.4839
2026-09-04,CLMT,"Calumet, Inc",油气,燃料油,XLE,53.13,Wait,,54.0313,54.7204,45.4609,0.0432,2.1503,0.2333,0.3831,0.3541,9.2594,3.5,0.2313
2026-09-04,CLS,"Celestica, Inc.",科技硬件,电子元件,XLK,312.35,Wait,,366.6953,372.5982,301.6643,0.063,0.0679,-0.1353,0.1941,0.0937,70.9339,4,0.2
2026-09-04,CLSK,"CleanSpark, Inc.",数据中心,数据中心,DTCR,12.69,Bad Market,,13.7037,14.0092,13.3762,0.0803,0.6952,-0.1187,0.0664,0.1124,0.633,4,0.2
2026-09-04,CM,Canadian Imperial Bank of Comme,金融地产,银行,XLF,117.5,Wait,,124.915,125.6897,115.9928,0.022,-0.1837,0.1262,0.0365,0.0632,9.6969,3,0.455
2026-09-04,CMBT,CMB.TECH NV,航运,海运,SEA,19.49,Too High,,18.9449,19.1112,16.8096,0.0284,3.3505,0.0601,0.5987,0.2873,2.3016,3.5,0.3516
2026-09-04,CMG,"Chipotle Mexican Grill, Inc.",消费,餐饮,XLY,36.96,Bad Market,,38.8896,39.2538,34.2707,0.0328,1.2306,-0.0316,0.1747,0.1098,4.9831,3.5,0.3044
2026-09-04,CNH,CNH Industrial N.V.,工业,工业机械,XLI,14.4,Bad Market,,13.984,14.1524,11.8749,0.039,5.443,0.1908,0.5179,0.2714,2.2775,3.5,0.2565
2026-09-04,CNP,"CenterPoint Energy, Inc (Holdin",公用电力,电力,XLU,39.67,Bad Market,,41.2181,41.4509,42.7115,0.0196,-0.295,-0.0594,0.1517,0.1304,-1.2606,3,0.5
2026-09-04,CNQ,Canadian Natural Resources Limi,油气,油气勘探开发,XLE,50.46,Wait,,52.3146,52.6836,48.1203,0.0244,0.87,0.0045,0.4123,0.2027,4.5633,3,0.4103
2026-09-04,COHR,Coherent Corp.,科技硬件,光通信,XLK,281.86,Wait,,383.749,390.6775,333.0998,0.0819,-0.9624,-0.1473,0.1364,0.1082,57.5777,4,0.2
2026-09-04,COIN,"Coinbase Global, Inc.",金融地产,加密金融,XLF,184.64,Wait,,194.9964,198.4409,146.7727,0.0622,1.4124,0.031,0.2111,0.058,51.6682,4,0.2
2026-09-04,COP,ConocoPhillips,油气,油气勘探开发,XLE,134.26,Wait,,138.5426,139.453,128.0962,0.0226,1.403,-0.0425,0.4643,0.232,11.3567,3,0.4424
2026-09-04,CORT,Corcept Therapeutics Incorporat,医疗健康,生物制药,XBI,111.62,Wait,,124.6862,126.0711,107.4132,0.0414,-0.9379,0.1325,0.0215,0.2181,18.6578,3.5,0.2418
2026-09-04,CORZ,"Core Scientific, Inc.",数据中心,数据中心,DTCR,17.89,Bad Market,,22.0233,22.4031,24.095,0.0708,-0.4371,-0.1527,0.2957,0.2173,-1.6918,4,0.2
2026-09-04,COST,Costco Wholesale Corporation,消费,消费必需品,XLP,915.74,Wait,,980.0073,985.1717,922.3862,0.0188,-1.9202,-0.0792,0.1322,0.0972,62.7856,3,0.5
2026-09-04,CP,Canadian Pacific Kansas City Li,工业,铁路,IYT,91.6,Bad Market,,97.606,98.188,90.8696,0.0212,-0.7713,0.0189,0.0066,0.1173,7.3185,3,0.4721
2026-09-04,CPAY,"Corpay, Inc.",金融地产,支付,XLF,416.37,Wait,,429.4037,432.3969,395.3077,0.024,0.673,-0.0793,0.1984,0.1993,37.0892,3,0.4173
2026-09-04,CRBG,Corebridge Financial Inc.,金融地产,保险,XLF,34.47,Wait,,35.0947,35.3522,32.1749,0.0249,1.6368,-0.0412,0.0815,0.1968,3.1773,3,0.4016
2026-09-04,CRC,California Resources Corporatio,油气,油气勘探开发,XLE,54.22,Wait,,54.6722,55.1198,50.1282,0.0275,0.743,-0.145,0.2051,0.0286,4.9916,3.5,0.3634
2026-09-04,CRDO,Credo Technology Group Holding ,半导体,半导体,SOXX,170.57,Bad Market,,286.6693,292.4432,225.5347,0.1128,-3.2643,-0.0318,0.212,0.1081,66.9084,4,0.2
2026-09-04,CRGY,Crescent Energy Company,油气,油气勘探开发,XLE,13.77,Wait,,14.4077,14.5454,12.6641,0.0333,1.3349,-0.0083,0.4339,0.2162,1.8813,3.5,0.3001
2026-09-04,CRL,Charles River Laboratories Inte,医疗健康,CRO,XLV,288.5,Wait,,301.465,304.3418,265.0168,0.0332,0.1065,0.0508,0.289,0.4083,39.325,3.5,0.3009
2026-09-04,CRM,"Salesforce, Inc.",软件,软件,IGV,259.23,Wait,,267.0223,270.1194,228.2972,0.0398,4.0332,0.179,0.5134,0.3963,41.8222,3.5,0.2511
2026-09-04,CROX,"Crocs, Inc.",消费,服饰鞋类,XLY,117.53,Bad Market,,139.3653,140.6522,126.1757,0.0365,-1.9129,-0.0643,0.4279,0.0483,14.4765,3.5,0.274
2026-09-04,CRUS,"Cirrus Logic, Inc.",半导体,半导体,SOXX,113.21,Bad Market,,130.5521,131.6656,152.4194,0.0328,-0.7186,-0.2445,0.4893,0.3922,-20.7539,3.5,0.305
2026-09-04,CRWD,"CrowdStrike Holdings, Inc.",软件,软件,IGV,213.1,Wait,,233.4782,237.1954,181.4367,0.0581,0.1996,0.2862,0.0184,0.1276,55.7587,4,0.2
2026-09-04,CRWV,"CoreWeave, Inc.",数据中心,数据中心,DTCR,89.36,Bad Market,,108.9538,110.7894,93.4745,0.0685,-0.2817,-0.1732,0.0072,0.117,17.3149,4,0.2
2026-09-04,CSCO,"Cisco Systems, Inc.",科技硬件,通讯,XLK,109.2,Wait,,124.972,125.819,113.9977,0.0259,-1.403,-0.1307,0.3567,0.0803,11.8213,3.5,0.3868
2026-09-04,CSTM,Constellium SE,基础材料,铝加工,XLB,27.14,Wait,,30.1914,30.5126,30.8531,0.0394,-0.6483,-0.1495,0.2164,0.1901,-0.3405,3.5,0.2535
2026-09-04,CSX,CSX Corporation,工业,铁路/联运,IYT,49.41,Bad Market,,52.2541,52.5658,50.1126,0.021,-1.0081,0.053,0.2178,0.15,2.4532,3,0.4755
2026-09-04,CTVA,"Corteva, Inc.",基础材料,农业,MOO,87.86,Wait,,90.8486,91.5471,82.3611,0.0265,3.0055,0.1043,0.4116,0.1537,9.186,3.5,0.3774
2026-09-04,CVE,Cenovus Energy Inc,油气,综合油气,XLE,32.37,Wait,,33.4537,33.7342,29.8578,0.0289,0.9006,0.0056,0.428,0.2343,3.8763,3.5,0.3462
2026-09-04,CVX,Chevron Corporation,油气,综合油气,XLE,208.6,Wait,,213.745,214.924,199.9898,0.0188,1.644,-0.0486,0.4757,0.2423,14.9342,3,0.5
2026-09-04,CWEN,"Clearway Energy, Inc.",公用电力,电力,XLU,31.82,Bad Market,,34.8182,35.077,34.4001,0.0271,-1.1717,-0.1745,0.0732,0.2046,0.6769,3.5,0.3688
2026-09-04,CXW,"CoreCivic, Inc.",工业,工业服务,XLI,34.71,Bad Market,,34.3571,34.777,29.1112,0.0403,1.0974,0.1562,0.2197,0.2057,5.6658,3.5,0.248
2026-09-04,D,"Dominion Energy, Inc.",公用电力,电力,XLU,65.84,Bad Market,,69.3336,69.6717,68.3086,0.0171,-1.2714,-0.0763,0.2256,0.0743,1.3631,3,0.5
2026-09-04,DAL,"Delta Air Lines, Inc.",工业,航空运输,IYT,80.17,Bad Market,,93.9417,94.6249,85.6898,0.0284,-1.7535,-0.1029,0.4207,0.0259,8.935,3.5,0.3521
2026-09-04,DAR,Darling Ingredients Inc.,基础材料,化工,XLB,65.19,Wait,,68.9919,69.8423,58.4183,0.0435,0.106,0.2195,0.2326,0.179,11.4241,3.5,0.23
2026-09-04,DAVE,Dave Inc.,金融地产,消费金融,XLF,380.69,Wait,,434.7754,441.6984,350.2228,0.0606,1.4954,0.0488,0.1469,0.1349,91.4756,4,0.2
2026-09-04,DB,Deutsche Bank AG,金融地产,银行,XLF,41.33,Wait,,41.9067,42.1147,39.4798,0.0168,3.3999,-0.1393,0.3743,0.2098,2.6349,3,0.5
2026-09-04,DBD,Diebold Nixdorf Incorporated,科技硬件,硬件,XLK,68.67,Wait,,78.8067,79.5535,82.0376,0.0362,-0.2953,-0.1192,0.3684,0.1545,-2.4841,3.5,0.2759
2026-09-04,DBX,"Dropbox, Inc.",软件,软件,IGV,34.83,Wait,,36.2783,36.6182,31.965,0.0325,0.1651,0.0736,0.0127,0.2509,4.6532,3.5,0.3075
2026-09-04,DDOG,"Datadog, Inc.",软件,软件,IGV,212.93,Wait,,285.8247,289.8067,235.0566,0.0623,-1.7619,0.0535,0.32,0.0336,54.7501,4,0.2
2026-09-04,DE,Deere & Company,工业,工业机械,XLI,693.53,Bad Market,,705.3053,711.2879,628.5728,0.0288,3.1423,0.0956,0.3231,0.1783,82.7151,3.5,0.3478
2026-09-04,DELL,Dell Technologies Inc.,科技硬件,硬件,XLK,524.14,Enter,0.1382,522.8096,532.439,387.9979,0.0612,1.9174,0.1814,0.1629,0.111,144.4412,4,0.2
2026-09-04,DEO,Diageo plc,消费,消费必需品,XLP,89.19,Wait,,98.0019,98.5738,91.3915,0.0214,-2.2684,-0.0625,0.0226,0.1342,7.1823,3,0.4679
2026-09-04,DGII,Digi International Inc.,科技硬件,通讯设备,XLK,69.36,Wait,,85.9336,86.8388,74.679,0.0435,-2.8239,0.0453,0.0807,0.0225,12.1599,3.5,0.2299
2026-09-04,DGX,Quest Diagnostics Incorporated,医疗健康,诊断检测,XLV,237.14,Wait,,247.3714,248.8863,229.8511,0.0213,-0.5503,0.0045,0.0352,0.3054,19.0352,3,0.4696
2026-09-04,DHR,Danaher Corporation,医疗健康,生命科学工具,XLV,207.66,Wait,,220.9266,222.8135,196.8363,0.0303,-0.3863,0.0383,0.1297,0.1648,25.9772,3.5,0.3302
2026-09-04,DHT,"DHT Holdings, Inc.",航运,海运,SEA,20.87,Too High,,20.3987,20.6068,17.7622,0.0332,2.2403,-0.0053,0.3386,0.1252,2.8446,3.5,0.3009
2026-09-04,DINO,HF Sinclair Corporation,油气,炼油,XLE,105.41,Wait,,107.2041,108.3159,93.1795,0.0352,2.8031,0.1702,0.5448,0.4125,15.1364,3.5,0.2844
2026-09-04,DIOD,Diodes Incorporated,半导体,半导体,SOXX,91.79,Bad Market,,108.6256,110.2239,101.4489,0.058,-0.7221,-0.1011,0.0655,0.0756,8.775,4,0.2
2026-09-04,DIS,Walt Disney Company (The),通讯服务,影视娱乐,XLC,105.31,Bad Market,,112.3031,112.986,104.4209,0.0216,-0.5511,-0.0123,0.1099,0.0552,8.5651,3,0.4626
2026-09-04,DK,"Delek US Holdings, Inc.",油气,炼油,XLE,71.86,Wait,,75.1475,76.3587,58.1903,0.0562,0.931,0.2656,0.2722,0.2975,18.1684,4,0.2
2026-09-04,DLR,"Digital Realty Trust, Inc.",金融地产,房地产,XLRE,188.39,Bad Market,,202.0339,203.6213,181.6308,0.0281,-0.62,0.042,0.1262,0.0083,21.9905,3.5,0.356
2026-09-04,DLTR,"Dollar Tree, Inc.",消费,消费必需品,XLP,131.42,Wait,,138.0642,139.4489,120.5953,0.0351,0.2256,0.0424,0.0665,0.2164,18.8535,3.5,0.2847
2026-09-04,DOC,"Healthpeak Properties, Inc.",金融地产,医疗地产,XLRE,20.65,Bad Market,,21.9965,22.1261,21.5243,0.0209,-0.8347,-0.0549,0.2184,0.0921,0.6017,3,0.4781
2026-09-04,DOW,Dow Inc.,基础材料,化工,XLB,29.44,Wait,,33.1944,33.5161,29.1469,0.0364,-1.3662,-0.1233,0.0176,0.0927,4.3692,3.5,0.2745
2026-09-04,DSX,Diana Shipping inc.,航运,海运,SEA,3.01,Wait,,3.0401,3.0739,2.6161,0.0374,3.2611,0.0554,0.377,0.3158,0.4577,3.5,0.2675
2026-09-04,DTM,"DT Midstream, Inc.",油气,油气中游,AMLP,129.52,Wait,,138.1952,139.2161,138.8292,0.0263,-0.6246,0.004,0.0967,0.1207,0.3869,3.5,0.3806
2026-09-04,DUK,Duke Energy Corporation (Holdin,公用电力,电力,XLU,120.22,Bad Market,,125.8007,126.3712,124.8156,0.0158,-1.0318,-0.1032,0.1459,0.0561,1.5556,3,0.5
2026-09-04,DVN,Devon Energy Corporation,油气,油气勘探开发,XLE,48.06,Wait,,49.7806,50.149,45.0016,0.0256,0.7552,-0.0966,0.3935,0.1431,5.1475,3.5,0.3913
2026-09-04,EAT,"Brinker International, Inc.",消费,餐饮,XLY,230.22,Bad Market,,256.2422,259.0366,221.3384,0.0405,-0.5942,0.0961,0.0365,0.2775,37.6982,3.5,0.2472
2026-09-04,ECO,Okeanis Eco Tankers Corp.,航运,海运,SEA,71.43,Too High,,70.2743,70.9713,61.4286,0.0325,3.0492,0.0243,0.3358,0.2701,9.5426,3.5,0.3075
2026-09-04,EFXT,Enerflex Ltd,油气,油气设备服务,XLE,22.26,Wait,,22.7026,22.9841,22.5363,0.0421,1.5498,-0.0007,0.0224,0.0496,0.4477,3.5,0.2373
2026-09-04,EGO,Eldorado Gold Corporation,矿业,金,GDX,43.02,Wait,,48.5702,49.1695,41.1479,0.0464,0.1912,0.0634,0.2585,0.1488,8.0216,3.5,0.2153
2026-09-04,EIX,Edison International,公用电力,电力,XLU,56.77,Bad Market,,75.5048,76.5921,65.8834,0.0638,-3.2903,0.4737,0.2363,0.1704,10.7087,4,0.2
2026-09-04,EL,"Estee Lauder Companies, Inc. (T",消费,消费必需品,XLP,103.86,Wait,,107.2486,108.2685,94.3116,0.0327,2.355,0.0222,0.3682,0.2532,13.9569,3.5,0.3055
2026-09-04,ELAN,Elanco Animal Health Incorporat,医疗健康,动物制药,XLV,24.5,Wait,,26.465,26.7359,23.2996,0.0369,0.8394,-0.0656,0.1369,0.045,3.4363,3.5,0.2713
2026-09-04,EMN,Eastman Chemical Company,基础材料,化工,XLB,71.19,Wait,,75.8719,76.4442,68.4834,0.0268,-0.9764,-0.0804,0.1034,0.0182,7.9608,3.5,0.3732
2026-09-04,EMR,Emerson Electric Company,工业,工业机械,XLI,152.82,Bad Market,,165.9082,167.1013,150.4609,0.026,-1.1128,-0.0443,0.2004,0.0297,16.6404,3.5,0.3843
2026-09-04,ENB,Enbridge Inc,油气,油气中游,AMLP,50.09,Wait,,52.3801,52.6442,54.2191,0.0176,-0.693,-0.0547,0.2109,0.1557,-1.5749,3,0.5
2026-09-04,ENPH,"Enphase Energy, Inc.",公用电力,太阳能,TAN,36.37,Bad Market,,42.6824,43.256,44.7617,0.0526,-1.1906,-0.3254,0.1222,0.1562,-1.5056,4,0.2
2026-09-04,ENS,EnerSys,工业,锂电池,XLI,181.91,Bad Market,,205.2191,207.4375,207.9389,0.0406,-1.1245,-0.1048,0.1165,0.1856,-0.5015,3.5,0.246
2026-09-04,ENTG,"Entegris, Inc.",半导体,半导体材料,SOXX,138.74,Bad Market,,165.3923,167.7658,152.3536,0.057,-0.8273,-0.1148,0.0663,0.0532,15.4122,4,0.2
2026-09-04,EOG,"EOG Resources, Inc.",油气,油气勘探开发,XLE,145.19,Wait,,154.5019,155.5423,142.6465,0.0239,-0.1622,-0.0584,0.2446,0.0968,12.8957,3,0.4187
2026-09-04,EPD,Enterprise Products Partners L.,油气,油气中游,AMLP,38.94,Wait,,39.6447,39.8156,37.6516,0.0146,0.7094,-0.1199,0.1968,0.1312,2.1639,3,0.5
2026-09-04,EQH,"Equitable Holdings, Inc.",金融地产,保险,XLF,52.96,Wait,,54.0696,54.4747,48.8139,0.0255,1.6148,-0.0254,0.0956,0.1754,5.6608,3.5,0.3922
2026-09-04,EQIX,"Equinix, Inc.",数据中心,数据中心,DTCR,1035.98,Bad Market,,1112.4598,1121.6372,1008.8696,0.0295,-0.8419,0.0911,0.0752,0.0665,112.7676,3.5,0.3386
2026-09-04,EQNR,Equinor ASA,油气,综合油气,XLE,42.09,Wait,,44.6509,44.9724,40.479,0.0255,0.2869,-0.0668,0.2837,0.2145,4.4934,3.5,0.3927
2026-09-04,EQT,EQT Corporation,油气,油气勘探开发,XLE,55.17,Wait,,56.3017,56.7083,51.6839,0.0246,0.747,-0.0683,0.3901,0.1201,5.0244,3,0.407
2026-09-04,EQX,Equinox Gold Corp.,矿业,金,GDX,12.81,Wait,,14.1081,14.2861,11.9037,0.0463,0.515,-0.0633,0.3011,0.1035,2.3824,3.5,0.2159
2026-09-04,ERAS,"Erasca, Inc.",医疗健康,生物技术,XBI,16.19,Wait,,19.7169,20.0571,16.7229,0.0701,-1.5128,-0.0176,0.2545,0.074,3.3343,4,0.2
2026-09-04,ERIC,Ericsson,科技硬件,通讯设备,XLK,10.1,Wait,,10.4768,10.5348,11.1395,0.0192,-0.1576,-0.2959,0.0198,0.1404,-0.6047,3,0.5
2026-09-04,ERO,Ero Copper Corp.,矿业,铜,COPX,34.9,Wait,,40.7652,41.313,33.0964,0.0523,-0.8122,0.0818,0.1549,0.0792,8.2166,4,0.2
2026-09-04,EROC,"ERock, Inc.",公用电力,电气设备,GRID,12.33,Bad Market,,17.6438,18.0094,12.5246,0.0989,-0.6892,-0.1167,0.091,0.0688,5.4849,4,0.2
2026-09-04,ES,Eversource Energy (D/B/A),公用电力,电力,XLU,71.05,Bad Market,,73.0956,73.4709,71.6366,0.0176,-0.2598,-0.1129,0.1235,0.0541,1.8344,3,0.5
2026-09-04,ESE,ESCO Technologies Inc.,航空国防,航空航天国防,ITA,274.02,Bad Market,,330.7702,333.6864,320.8781,0.0355,-1.4469,-0.1063,0.4686,0.1807,12.8082,3.5,0.2819
2026-09-04,ESI,Element Solutions Inc.,基础材料,化工,XLB,36.01,Wait,,39.5801,40.0164,43.9999,0.0404,-0.3328,-0.1004,0.1617,0.1655,-3.9835,3.5,0.2476
2026-09-04,ESTC,Elastic N.V.,软件,软件,IGV,91.81,Wait,,100.9666,102.5515,78.7783,0.0575,1.2184,0.3456,0.298,0.2853,23.7731,4,0.2
2026-09-04,ETN,"Eaton Corporation, PLC",工业,工业机械,XLI,410.85,Bad Market,,464.0685,468.3025,410.5628,0.0344,-1.0037,-0.0706,0.2484,0.0023,57.7397,3.5,0.2911
2026-09-04,ETR,Entergy Corporation,公用电力,电力,XLU,107.27,Bad Market,,109.5251,110.1282,110.2993,0.0187,0.187,-0.0811,0.0223,0.0638,-0.1712,3,0.5
2026-09-04,ETSY,"Etsy, Inc.",消费,互联网零售,XLY,76.51,Bad Market,,87.7951,88.8309,74.9462,0.0451,-1.4925,0.0977,0.2277,0.0368,13.8847,3.5,0.2216
2026-09-04,EVRG,"Evergy, Inc.",公用电力,电力,XLU,81.54,Bad Market,,84.7063,85.1121,84.0722,0.0166,-0.5504,-0.0512,0.1148,0.0337,1.0398,3,0.5
2026-09-04,EW,Edwards Lifesciences Corporatio,医疗健康,医疗器械,IHI,89.9,Wait,,94.559,95.1582,89.188,0.0222,-0.5685,-0.0977,0.0598,0.0605,5.9702,3,0.4501
2026-09-04,EXC,Exelon Corporation,公用电力,电力,XLU,43.64,Bad Market,,46.285,46.54,45.3299,0.0195,-1.2299,-0.0646,0.2518,0.0784,1.2102,3,0.5
2026-09-04,EXE,Expand Energy Corporation,油气,油气勘探开发,XLE,97.91,Wait,,100.9591,101.6323,93.2484,0.0229,0.5743,-0.1026,0.3096,0.1674,8.3839,3,0.4363
2026-09-04,EXK,Endeavour Silver Corporation,矿业,银,SIL,11.12,Wait,,11.5959,11.7847,8.9524,0.0566,0.7722,0.0121,0.2405,0.1277,2.8323,4,0.2
2026-09-04,EXPE,"Expedia Group, Inc.",消费,在线旅游,XLY,298.04,Bad Market,,342.1104,345.7122,297.1089,0.0403,-1.978,0.0521,0.1412,0.1614,48.6033,3.5,0.2482
2026-09-04,EXTR,"Extreme Networks, Inc.",科技硬件,网络,XLK,21.7,Wait,,26.407,26.702,30.2685,0.0453,-1.438,-0.1524,0.4264,0.2277,-3.5665,3.5,0.2207
2026-09-04,F,Ford Motor Company,消费,可选消费,XLY,14.62,Bad Market,,14.6462,14.7672,13.8678,0.0276,1.4288,-0.116,0.1019,0.0582,0.8994,3.5,0.3623
2026-09-04,FANG,"Diamondback Energy, Inc.",油气,油气勘探开发,XLE,199.22,Wait,,213.0122,214.685,191.5046,0.028,-0.6031,-0.0598,0.2174,0.0785,23.1804,3.5,0.3573
2026-09-04,FAST,Fastenal Company,工业,工业分销,XLI,49.6,Bad Market,,52.876,53.2186,48.9537,0.023,-1.0371,-0.0041,0.0318,0.1406,4.265,3,0.4343
2026-09-04,FCX,"Freeport-McMoRan, Inc.",矿业,铜,COPX,72.73,Wait,,80.6373,81.495,69.9032,0.0393,0.0894,0.015,0.0922,0.0416,11.5918,3.5,0.2544
2026-09-04,FDS,FactSet Research Systems Inc.,金融地产,资本市场,XLF,301.96,Wait,,316.5696,319.989,273.6571,0.0377,0.5674,0.0041,0.1913,0.2068,46.3319,3.5,0.2649
2026-09-04,FDX,FedEx Corporation,工业,快递物流,IYT,322.52,Bad Market,,342.5752,344.9168,315.9341,0.0242,-0.7366,-0.0466,0.1329,0.0155,28.9827,3,0.4132
2026-09-04,FE,FirstEnergy Corp.,公用电力,电力,XLU,46.77,Bad Market,,48.1848,48.4216,47.5515,0.0169,0.038,-0.0763,0.1504,0.0284,0.8701,3,0.5
2026-09-04,FERG,Ferguson Enterprises Inc.,工业,工业分销,XLI,228.41,Bad Market,,266.0641,268.0694,240.385,0.0293,-1.577,-0.0151,0.3182,0.006,27.6844,3.5,0.3417
2026-09-04,FIVE,"Five Below, Inc.",消费,折扣零售,XLY,252.2,Bad Market,,265.242,268.4063,225.8032,0.0418,0.7424,0.1896,0.2202,0.271,42.6031,3.5,0.2391
2026-09-04,FIVN,"Five9, Inc.",软件,软件,IGV,33.27,Wait,,34.918,35.4399,27.6109,0.0523,0.0648,0.0883,0.1552,0.2951,7.829,4,0.2
2026-09-04,FLEX,Flex Ltd.,科技硬件,电子元件,XLK,109.51,Wait,,131.1689,132.9222,138.6925,0.0534,-0.9904,-0.1651,0.2074,0.1347,-5.7703,4,0.2
2026-09-04,FLNC,"Fluence Energy, Inc.",公用电力,电力,GRID,10.35,Bad Market,,14.3952,14.643,21.8856,0.0798,-1.7053,-0.459,0.5039,0.3499,-7.2426,4,0.2
2026-09-04,FLNG,FLEX LNG Ltd.,航运,海运,SEA,31.51,Wait,,32.7951,33.0458,29.5549,0.0265,0.4535,0.0058,0.1214,0.0523,3.4909,3.5,0.377
2026-09-04,FLOC,Flowco Holdings Inc.,油气,油气设备服务,XLE,21.1,Wait,,23.941,24.2164,20.5165,0.0435,-1.1915,-0.0515,0.0335,0.0567,3.6999,3.5,0.2298
2026-09-04,FLR,Fluor Corporation,工业,建筑,XLI,56.16,Bad Market,,58.0616,58.7247,49.7636,0.0394,1.1462,0.0094,0.1712,0.0604,8.9612,3.5,0.2541
2026-09-04,FLS,Flowserve Corporation,工业,工业机械,XLI,76.64,Bad Market,,83.5664,84.2861,74.4037,0.0313,-1.301,-0.1193,0.1005,0.0298,9.8824,3.5,0.3195
2026-09-04,FN,Fabrinet,科技硬件,光通信,XLK,407.4,Wait,,604.3708,613.0569,501.2747,0.0711,-2.3073,-0.2218,0.2804,0.1642,111.7822,4,0.2
2026-09-04,FNV,Franco-Nevada Corporation,矿业,金,GDX,266.18,Wait,,274.4318,276.9431,242.4709,0.0314,1.5517,0.0165,0.3349,0.1571,34.4722,3.5,0.318
2026-09-04,FORM,"FormFactor, Inc.",半导体,半导体材料,SOXX,103.9,Bad Market,,139.7341,142.0954,128.4472,0.0758,-1.2534,-0.1409,0.1152,0.1022,13.6482,4,0.2
2026-09-04,FOXA,Fox Corporation,通讯服务,影视娱乐,XLC,65.42,Bad Market,,70.9842,71.5521,63.7048,0.0289,-0.9166,-0.0239,0.2344,0.2327,7.8473,3.5,0.3456
2026-09-04,FPS,"Forgent Power Solutions, Inc.",工业,电气设备,XLI,31.35,Bad Market,,40.0826,40.7165,54.9584,0.0674,-1.3481,-0.2749,0.373,0.3762,-14.2419,4,0.2
2026-09-04,FRO,Frontline Plc,航运,海运,SEA,46.12,Enter,0.51,45.8812,46.3494,39.9573,0.0338,2.3008,0.0217,0.4148,0.1413,6.3921,3.5,0.2955
2026-09-04,FROG,JFrog Ltd.,软件,软件,IGV,87.6,Wait,,105.1997,106.9543,80.6354,0.0668,-0.8362,0.1543,0.0462,0.0397,26.3189,4,0.2
2026-09-04,FRSH,Freshworks Inc.,软件,软件,IGV,12.73,Wait,,14.0473,14.2037,12.0958,0.0409,-0.2624,0.0338,0.1971,0.2401,2.1078,3.5,0.2442
2026-09-04,FSLR,"First Solar, Inc.",公用电力,太阳能,TAN,204.45,Bad Market,,252.0945,254.7857,231.7132,0.0439,-1.4107,-0.2057,0.3262,0.1834,23.0724,3.5,0.2279
2026-09-04,FSLY,"Fastly, Inc.",软件,软件,IGV,20.59,Wait,,30.3662,30.8855,23.0963,0.0841,-2.4594,-0.0346,0.1821,0.0639,7.7892,4,0.2
2026-09-04,FTI,TechnipFMC plc,油气,油气设备服务,XLE,79.84,Wait,,80.8784,81.56,72.1277,0.0285,1.3615,-0.006,0.4692,0.1846,9.4323,3.5,0.3514
2026-09-04,FTNT,"Fortinet, Inc.",软件,网络安全,IGV,156.29,Wait,,174.3429,176.4532,148.1599,0.045,-0.447,0.1671,0.0861,0.0624,28.2933,3.5,0.2222
2026-09-04,FUL,H. B. Fuller Company,基础材料,材料,XLB,53.89,Wait,,64.1189,64.6722,58.4052,0.0342,-2.5634,-0.0698,0.2479,0.1913,6.267,3.5,0.2922
2026-09-04,GD,General Dynamics Corporation,航空国防,航空航天国防,ITA,359.39,Bad Market,,399.5639,401.7452,374.1566,0.0202,-3.4027,-0.0342,0.3169,0.0164,27.5887,3,0.4943
2026-09-04,GE,GE Aerospace,航空国防,航空航天国防,ITA,337.12,Bad Market,,384.5912,387.1041,356.0913,0.0248,-1.8589,-0.1171,0.357,0.0696,31.0128,3,0.4025
2026-09-04,GEHC,GE HealthCare Technologies Inc.,医疗健康,医疗器械,IHI,68.86,Wait,,75.5086,76.0278,68.7624,0.0251,-2.1974,-0.1109,0.0857,0.1308,7.2655,3.5,0.3979
2026-09-04,GEL,"Genesis Energy, L.P.",油气,油气中游,AMLP,15.85,Wait,,16.7285,16.8519,15.1308,0.0259,-0.4049,-0.1047,0.2386,0.1645,1.7211,3.5,0.3854
2026-09-04,GEN,Gen Digital Inc.,软件,网络安全,IGV,30.65,Wait,,31.6365,31.9195,28.0288,0.0308,1.408,0.0459,0.2273,0.2515,3.8906,3.5,0.325
2026-09-04,GENB,"Generate Biomedicines, Inc.",医疗健康,生物制药,XBI,16.39,Wait,,20.6496,21.0539,14.9887,0.0822,0.3276,0.1289,0.1166,0.0848,6.0652,4,0.2
2026-09-04,GEV,GE Vernova Inc.,公用电力,电气设备,GRID,941.95,Bad Market,,1088.4195,1101.0687,1027.2855,0.0448,-0.7696,-0.112,0.1927,0.0702,73.7833,3.5,0.2234
2026-09-04,GFI,Gold Fields Limited,矿业,金,GDX,47.4,Wait,,49.344,49.9029,42.3491,0.0393,1.7092,-0.0162,0.3688,0.1483,7.5538,3.5,0.2544
2026-09-04,GFS,GlobalFoundries Inc.,半导体,半导体,SOXX,45.21,Bad Market,,55.039,55.7276,80.4893,0.0508,-1.3966,-0.3088,0.1488,0.3182,-24.7617,4,0.2
2026-09-04,GH,"Guardant Health, Inc.",医疗健康,诊断检测,XLV,161.41,Wait,,172.5448,174.9821,138.4236,0.0503,-0.3367,0.1124,0.0219,0.1432,36.5585,4,0.2
2026-09-04,GILD,"Gilead Sciences, Inc.",医疗健康,制药,XLV,151.0,Wait,,152.73,153.8174,140.3462,0.024,2.0808,-0.0078,0.5005,0.2456,13.4712,3,0.4166
2026-09-04,GKOS,Glaukos Corporation,医疗健康,医疗器械,IHI,177.47,Wait,,191.3247,193.1223,168.5778,0.0338,-0.9119,-0.0401,0.119,0.3614,24.5445,3.5,0.2962
2026-09-04,GLNG,Golar LNG Limited,油气,油气中游,AMLP,52.12,Wait,,53.6512,54.0653,48.2989,0.0265,0.3354,-0.02,0.1617,0.0902,5.7664,3.5,0.3776
2026-09-04,GLW,Corning Incorporated,科技硬件,电子元件,XLK,154.3,Wait,,174.9543,177.5707,220.8044,0.0565,-0.041,-0.2344,0.0231,0.047,-43.2336,4,0.2
2026-09-04,GM,General Motors Company,消费,汽车,XLY,87.76,Bad Market,,90.2276,90.8808,83.7679,0.0248,0.6352,-0.0682,0.0622,0.1334,7.1129,3,0.4031
2026-09-04,GMAB,Genmab A/S,医疗健康,生物制药,XBI,33.6,Wait,,34.746,34.997,31.9,0.0249,0.8381,0.0183,0.3534,0.3377,3.097,3,0.4016
2026-09-04,GNK,Genco Shipping & Trading Limite,航运,海运,SEA,27.65,Enter,0.1993,27.5965,27.8649,24.1884,0.0324,1.7262,0.0489,0.2476,0.1727,3.6766,3.5,0.309
2026-09-04,GOOGL,Alphabet Inc.,通讯服务,互联网媒体,XLC,338.46,Bad Market,,365.8146,368.2498,353.2976,0.024,-0.7321,-0.1556,0.3031,0.0782,14.9522,3,0.417
2026-09-04,GPN,Global Payments Inc.,金融地产,支付,XLF,92.54,Wait,,95.7554,96.6319,84.6047,0.0316,0.4568,0.0013,0.1793,0.2835,12.0271,3.5,0.3168
2026-09-04,GRDN,"Guardian Pharmacy Services, Inc",医疗健康,药房,XLV,40.77,Wait,,44.2377,44.7198,38.206,0.0394,1.3539,-0.0465,0.0153,0.0573,6.5138,3.5,0.2537
2026-09-04,GRMN,Garmin Ltd.,消费,可选消费,XLY,277.03,Bad Market,,315.9303,318.0317,288.6432,0.0253,-2.6413,-0.0337,0.4048,0.2109,29.3886,3.5,0.3955
2026-09-04,GS,"Goldman Sachs Group, Inc. (The)",金融地产,投行,XLF,1038.61,Wait,,1070.7661,1078.6064,1060.5998,0.0252,0.2075,-0.1043,0.081,0.0644,18.0066,3.5,0.3974
2026-09-04,GSAT,"Globalstar, Inc.",航空国防,卫星通信,ITA,82.34,Bad Market,,84.2121,84.4473,81.8275,0.0095,-0.0682,-0.4365,0.1664,0.1049,2.6198,3,0.5
2026-09-04,GSK,GSK plc,医疗健康,制药,XLV,49.89,Wait,,53.4589,53.7875,50.4237,0.022,-1.1758,-0.025,0.0991,0.0578,3.3638,3,0.4554
2026-09-04,GTLB,GitLab Inc.,软件,软件,IGV,49.83,Wait,,50.1008,50.8669,39.3749,0.0512,2.632,0.2464,0.461,0.3903,11.492,4,0.2
2026-09-04,HAE,Haemonetics Corporation,医疗健康,医疗器械,IHI,102.92,Wait,,109.8292,110.7229,98.3735,0.0289,1.0203,0.0339,0.4956,0.3945,12.3494,3.5,0.3455
2026-09-04,HAFN,Hafnia Limited,航运,海运,SEA,9.22,Too High,,9.0222,9.0996,8.0265,0.028,4.6389,0.0442,0.5462,0.2549,1.0731,3.5,0.3572
2026-09-04,HAL,Halliburton Company,油气,油气设备服务,XLE,37.07,Wait,,38.0007,38.3129,33.9874,0.0281,2.0644,-0.0497,0.3875,0.0268,4.3255,3.5,0.3562
2026-09-04,HALO,"Halozyme Therapeutics, Inc.",医疗健康,生物制药,XBI,110.19,Wait,,111.8619,112.7204,100.7441,0.026,1.6179,0.077,0.5588,0.4924,11.9763,3.5,0.3851
2026-09-04,HBM,Hudbay Minerals Inc.,矿业,铜,COPX,27.43,Wait,,31.0643,31.4533,26.2511,0.0473,-0.6119,-0.0435,0.0922,0.0172,5.2022,3.5,0.2115
2026-09-04,HCC,"Warrior Met Coal, Inc.",矿业,焦煤,XME,104.45,Wait,,109.5745,110.9467,92.5214,0.0438,0.4848,0.0754,0.387,0.09,18.4252,3.5,0.2284
2026-09-04,HD,"Home Depot, Inc. (The)",消费,家居零售,XLY,321.05,Bad Market,,358.8305,361.0238,335.967,0.0228,-2.0981,-0.111,0.3951,0.025,25.0568,3,0.4391
2026-09-04,HEI,Heico Corporation,航空国防,航空航天国防,ITA,325.48,Bad Market,,377.9248,380.7619,341.5705,0.0291,-2.8805,-0.0293,0.4645,0.0505,39.1914,3.5,0.3442
2026-09-04,HESM,Hess Midstream LP,油气,油气中游,AMLP,39.91,Wait,,41.0094,41.2431,38.4935,0.0195,0.0796,-0.0419,0.0268,0.1543,2.7496,3,0.5
2026-09-04,HHH,Howard Hughes Holdings Inc.,金融地产,房地产,XLRE,64.12,Bad Market,,68.8412,69.2932,70.2399,0.0235,-1.2209,-0.0946,0.0816,0.0498,-0.9467,3,0.4256
2026-09-04,HIMX,"Himax Technologies, Inc.",半导体,半导体,SOXX,13.68,Bad Market,,15.5468,15.7438,16.242,0.048,-0.7379,-0.3181,0.0482,0.1149,-0.4982,3.5,0.2084
2026-09-04,HLN,Haleon plc,消费,消费必需品,XLP,9.6,Wait,,10.2707,10.3252,9.7356,0.0189,-1.8626,-0.0146,0.1813,0.1211,0.5896,3,0.5
2026-09-04,HNGE,"Hinge Health, Inc.",医疗健康,医疗科技,XLV,92.37,Wait,,93.7737,95.1197,77.1468,0.0486,0.6788,0.1688,0.2368,0.2343,17.9729,3.5,0.2059
2026-09-04,HOOD,"Robinhood Markets, Inc.",金融地产,券商,XLF,122.11,Wait,,126.039,128.0176,98.339,0.054,3.0711,0.0885,0.3365,0.0837,29.6786,4,0.2
2026-09-04,HP,"Helmerich & Payne, Inc.",油气,油气设备服务,XLE,44.36,Wait,,48.0836,48.608,41.5226,0.0394,0.6213,0.125,0.4439,0.1785,7.0854,3.5,0.2538
2026-09-04,HPE,Hewlett Packard Enterprise Comp,科技硬件,IT,XLK,52.0,Wait,,60.4477,61.3893,47.2656,0.0604,-0.7897,0.194,0.0401,0.0482,14.1237,4,0.2
2026-09-04,HPQ,HP Inc.,科技硬件,硬件,XLK,32.64,Enter,0.7647,32.3164,32.7396,27.0531,0.0432,1.7965,0.1764,0.2467,0.2771,5.6864,3.5,0.2314
2026-09-04,HRB,"H&R Block, Inc.",消费,消费服务,XLY,49.06,Bad Market,,54.6706,55.2253,47.7086,0.0377,-1.3042,0.0832,0.141,0.2603,7.5167,3.5,0.2653
2026-09-04,HSBC,"HSBC Holdings, plc.",金融地产,银行,XLF,107.11,Wait,,107.2035,107.6496,103.399,0.0139,2.2791,-0.1746,0.3323,0.2088,4.2507,3,0.5
2026-09-04,HTFL,"Heartflow, Inc.",医疗健康,医疗科技,XLV,48.91,Wait,,50.9191,51.6204,42.2484,0.0478,2.414,0.0861,0.7271,0.2588,9.372,3.5,0.2092
2026-09-04,HUN,Huntsman Corporation,基础材料,化工,XLB,9.62,Wait,,10.5362,10.6619,11.7537,0.0435,-0.7066,-0.2639,0.1566,0.1965,-1.0918,3.5,0.2296
2026-09-04,HUT,Hut 8 Corp.,数据中心,数据中心,DTCR,93.545,Bad Market,,94.3789,96.8072,92.0628,0.0865,1.1533,-0.0764,0.0094,0.0912,4.7444,4,0.2
2026-09-04,HWKN,"Hawkins, Inc.",基础材料,化工,XLB,129.13,Wait,,136.5813,137.9536,149.5003,0.0354,1.0038,-0.1691,0.1547,0.225,-11.5467,3.5,0.2823
2026-09-04,HWM,Howmet Aerospace Inc.,航空国防,航空航天国防,ITA,259.27,Bad Market,,295.2427,297.9423,261.1544,0.0347,-1.4902,0.0336,0.3045,0.1081,36.7879,3.5,0.2881
2026-09-04,IAG,Iamgold Corporation,矿业,金,GDX,20.48,Wait,,22.3748,22.6486,18.9755,0.0446,0.7368,0.0009,0.3199,0.1056,3.6731,3.5,0.2244
2026-09-04,IBKR,"Interactive Brokers Group, Inc.",金融地产,券商,XLF,92.62,Wait,,99.1162,100.1195,86.4847,0.0361,-0.0084,0.0186,0.0885,0.0233,13.6348,3.5,0.2769
2026-09-04,IBM,International Business Machines,科技硬件,IT,XLK,234.89,Wait,,241.1389,243.1139,283.0878,0.028,0.0694,-0.2794,0.0154,0.0873,-39.9739,3.5,0.3568
2026-09-04,ICE,Intercontinental Exchange Inc.,金融地产,资本市场,XLF,161.26,Wait,,166.2026,167.2855,153.7614,0.0224,0.9866,-0.037,0.3475,0.2585,13.5241,3,0.4468
2026-09-04,ILMN,"Illumina, Inc.",医疗健康,生命科学工具,XLV,218.22,Wait,,229.8722,232.5319,196.6608,0.0406,1.265,0.1788,0.1761,0.2497,35.8711,3.5,0.2461
2026-09-04,IMNM,"Immunome, Inc.",医疗健康,生物制药,XBI,26.76,Wait,,30.0926,30.4747,25.3676,0.0476,-0.6405,0.025,0.0752,0.2531,5.107,3.5,0.2101
2026-09-04,IMOS,ChipMOS TECHNOLOGIES INC.,半导体,半导体,SOXX,57.61,Bad Market,,59.8561,60.6822,66.1518,0.0478,0.7014,-0.1776,0.204,0.0093,-5.4696,3.5,0.2092
2026-09-04,INCY,Incyte Corporation,医疗健康,生物制药,XBI,126.75,Wait,,130.9875,132.0038,118.0732,0.0267,0.5448,-0.0251,0.2152,0.2702,13.9306,3.5,0.3742
2026-09-04,INFQ,"Infleqtion, Inc.",科技硬件,量子计算,QTUM,12.85,Bad Market,,14.5002,14.7704,12.3564,0.0701,0.005,-0.218,0.1779,0.0154,2.414,4,0.2
2026-09-04,INGM,Ingram Micro Holding Corporatio,科技硬件,IT,XLK,28.84,Wait,,29.5784,29.864,27.0679,0.033,0.7631,-0.0488,0.0092,0.0134,2.7961,3.5,0.3029
2026-09-04,INSW,"International Seaways, Inc.",航运,海运,SEA,104.5,Too High,,103.285,104.3171,90.199,0.0329,2.1112,0.0109,0.3769,0.2119,14.1181,3.5,0.3038
2026-09-04,INTC,Intel Corporation,半导体,半导体,SOXX,95.8,Bad Market,,105.583,107.1175,120.48,0.0534,0.3049,-0.2104,0.1087,0.1195,-13.3625,4,0.2
2026-09-04,IONQ,"IonQ, Inc.",科技硬件,量子计算,QTUM,39.52,Bad Market,,47.3587,48.1368,47.9453,0.0656,-1.0738,-0.2393,0.0113,0.1572,0.1915,4,0.2
2026-09-04,IPGP,IPG Photonics Corporation,科技硬件,光电,XLK,78.0,Wait,,92.6128,93.907,100.7537,0.0553,-0.3049,-0.2685,0.2613,0.201,-6.8467,4,0.2
2026-09-04,IRDM,Iridium Communications Inc,航空国防,卫星通信,ITA,47.21,Bad Market,,50.6721,51.0318,51.5234,0.0254,-0.9483,-0.3643,0.1151,0.0417,-0.4916,3.5,0.3937
2026-09-04,IREN,IREN LIMITED,数据中心,数据中心,DTCR,44.68,Bad Market,,45.5935,46.6337,46.0902,0.0776,1.0729,-0.1501,0.138,0.1094,0.5435,4,0.2
2026-09-04,ITT,ITT Inc.,工业,工业机械,XLI,204.33,Bad Market,,221.8533,223.6978,198.2913,0.0301,-0.8666,0.0062,0.0037,0.0776,25.4064,3.5,0.3323
2026-09-04,JBL,Jabil Inc.,科技硬件,电子元件,XLK,310.57,Wait,,373.4657,377.4231,339.3107,0.0425,-1.2572,-0.1037,0.1686,0.1417,38.1123,3.5,0.2354
2026-09-04,JCI,Johnson Controls International ,工业,暖通楼宇,XLI,144.94,Bad Market,,156.2094,157.3167,141.8417,0.0255,-0.29,-0.1163,0.2074,0.0114,15.475,3.5,0.3927
2026-09-04,JEF,Jefferies Financial Group Inc.,金融地产,投行,XLF,55.23,Wait,,57.1723,57.671,56.9918,0.0301,0.9201,-0.1237,0.0665,0.1164,0.6792,3.5,0.3322
2026-09-04,JHX,James Hardie Industries plc.,工业,建筑,XLI,30.39,Bad Market,,31.3839,31.6542,27.9268,0.0296,0.3402,-0.0296,0.1755,0.2029,3.7274,3.5,0.3373
2026-09-04,JNJ,Johnson & Johnson,医疗健康,制药,XLV,275.23,Wait,,281.1823,282.8395,261.8584,0.0201,1.4056,0.0365,0.2759,0.2141,20.981,3,0.4983
2026-09-04,JPM,JP Morgan Chase & Co.,金融地产,银行,XLF,358.64,Wait,,368.1611,369.9498,347.2932,0.0166,0.0591,-0.085,0.0111,0.1427,22.6566,3,0.5
2026-09-04,KALU,Kaiser Aluminum Corporation,基础材料,铝加工,XLB,164.19,Wait,,195.0319,197.36,168.4683,0.0473,-0.4174,-0.0289,0.1366,0.0602,28.8918,3.5,0.2116
2026-09-04,KEYS,Keysight Technologies Inc.,科技硬件,科技仪器,XLK,327.21,Wait,,364.4221,367.8051,333.8722,0.0345,-0.3587,-0.0866,0.0715,0.0567,33.9329,3.5,0.2902
2026-09-04,KGS,"Kodiak Gas Services, Inc.",油气,油气中游,AMLP,62.59,Wait,,66.7459,67.5887,66.437,0.0449,0.5437,0.0357,0.1561,0.0435,1.1517,3.5,0.2228
2026-09-04,KHC,The Kraft Heinz Company,消费,消费必需品,XLP,24.85,Wait,,26.5085,26.719,25.1647,0.0282,-0.6807,0.0199,0.1021,0.0668,1.5543,3.5,0.3542
2026-09-04,KKR,KKR & Co. Inc.,金融地产,私募股权,XLF,107.73,Wait,,116.3773,117.4571,102.7022,0.0334,-0.2628,-0.0352,0.0459,0.1011,14.755,3.5,0.2993
2026-09-04,KLAC,KLA Corporation,半导体,半导体,SOXX,185.6,Bad Market,,211.2338,214.0296,264.4334,0.0502,-0.3108,-0.1768,0.0808,0.1146,-50.4039,4,0.2
2026-09-04,KLIC,"Kulicke and Soffa Industries, I",半导体,半导体,SOXX,81.62,Bad Market,,102.7372,104.188,114.4662,0.0592,-1.1576,-0.176,0.2203,0.171,-10.2782,4,0.2
2026-09-04,KMI,"Kinder Morgan, Inc.",油气,油气中游,AMLP,31.4,Wait,,33.184,33.4055,30.9747,0.0235,-0.4868,0.0236,0.0323,0.0036,2.4309,3,0.4252
2026-09-04,KMX,CarMax Inc,消费,汽车零售,XLY,63.29,Bad Market,,64.8529,65.3933,57.9153,0.0285,1.4409,-0.1018,0.3384,0.2832,7.478,3.5,0.3514
2026-09-04,KNOP,KNOT Offshore Partners LP,航运,海运,SEA,11.39,Wait,,11.4039,11.5176,9.9632,0.0333,1.7766,0.1055,0.3975,0.1691,1.5545,3.5,0.3005
2026-09-04,KNSA,Kiniksa Pharmaceuticals Interna,医疗健康,制药,XLV,77.91,Wait,,81.5791,82.3517,71.9063,0.0331,-0.3165,-0.0028,0.0074,0.2529,10.4454,3.5,0.3025
2026-09-04,KNTK,Kinetik Holdings Inc.,油气,油气中游,AMLP,54.43,Wait,,55.6443,56.0791,50.0272,0.0266,0.6568,-0.0329,0.3979,0.2133,6.0519,3.5,0.3755
2026-09-04,KO,Coca-Cola Company (The),消费,消费必需品,XLP,88.07,Wait,,92.7124,93.1459,87.6555,0.0164,-0.5101,-0.0491,0.0855,0.1678,5.4904,3,0.5
2026-09-04,KOD,Kodiak Sciences Inc,医疗健康,生物技术,XBI,35.36,Wait,,45.879,46.5975,35.8202,0.0677,-1.8666,-0.1107,0.3662,0.0055,10.7773,4,0.2
2026-09-04,LAES,SEALSQ Corp,半导体,半导体,SOXX,2.42,Bad Market,,3.0367,3.0766,2.8068,0.0551,-1.2379,-0.3596,0.0225,0.135,0.2698,4,0.2
2026-09-04,LBRT,Liberty Energy Inc.,油气,油气设备服务,XLE,20.59,Wait,,22.4459,22.7468,24.3396,0.0487,0.4143,-0.1966,0.1105,0.1783,-1.5928,3.5,0.2053
2026-09-04,LFST,"LifeStance Health Group, Inc.",医疗健康,医疗服务,XLV,12.73,Wait,,13.0173,13.1551,11.2828,0.0361,0.9528,0.126,0.4307,0.3082,1.8722,3.5,0.2772
2026-09-04,LHX,"L3Harris Technologies, Inc.",航空国防,航空航天国防,ITA,256.45,Bad Market,,294.3845,296.3801,289.8884,0.0259,-2.5756,-0.1395,0.4073,0.2393,6.4917,3.5,0.3855
2026-09-04,LIN,Linde plc,基础材料,化工气体,XLB,477.57,Wait,,496.692,499.2311,521.2483,0.0177,-0.906,-0.1219,0.1797,0.1394,-22.0171,3,0.5
2026-09-04,LITE,Lumentum Holdings Inc.,科技硬件,光通信,XLK,881.255,Wait,,982.2621,1002.3053,701.6577,0.0758,-0.0461,-0.0648,0.0577,0.0049,300.6476,4,0.2
2026-09-04,LLY,Eli Lilly and Company,医疗健康,制药,XLV,1149.36,Wait,,1291.8336,1302.4704,1156.2438,0.0308,-1.5527,-0.0184,0.0517,0.0355,146.2266,3.5,0.3242
2026-09-04,LMT,Lockheed Martin Corporation,航空国防,航空航天国防,ITA,525.28,Bad Market,,613.9328,618.0362,560.8071,0.026,-3.6849,-0.0475,0.2722,0.0143,57.2291,3.5,0.384
2026-09-04,LNG,"Cheniere Energy, Inc.",油气,油气中游,XLE,292.0,Wait,,298.78,301.0594,269.2665,0.026,1.9446,-0.0033,0.398,0.2645,31.793,3.5,0.3843
2026-09-04,LNT,Alliant Energy Corporation,公用电力,天然气/电力,XLU,67.97,Bad Market,,71.1754,71.5207,74.5775,0.0169,-0.8324,-0.0902,0.218,0.1303,-3.0569,3,0.5
2026-09-04,LOGI,Logitech International S.A. - R,科技硬件,硬件,XLK,102.05,Wait,,107.3505,108.1698,102.1016,0.0268,0.6285,-0.1211,0.1005,0.0373,6.0682,3.5,0.3737
2026-09-04,LPG,Dorian LPG Ltd.,航运,海运,SEA,55.2,Too High,,54.122,54.6817,47.0401,0.0338,3.4776,0.0521,0.4973,0.2568,7.6416,3.5,0.2959
2026-09-04,LQDA,Liquidia Corporation,医疗健康,生物制药,XBI,68.66,Wait,,91.7985,92.9513,75.6594,0.056,-1.4521,-0.0371,0.4132,0.0001,17.2919,4,0.2
2026-09-04,LRCX,Lam Research Corporation,半导体,半导体设备,SOXX,307.65,Bad Market,,347.1148,352.0271,367.8335,0.0532,-0.3236,-0.1285,0.0014,0.0908,-15.8065,4,0.2
2026-09-04,LSCC,Lattice Semiconductor Corporati,半导体,半导体,SOXX,115.9,Bad Market,,133.8427,135.6018,131.8159,0.0506,-0.882,-0.165,0.2283,0.1045,3.7858,4,0.2
2026-09-04,LTH,"Life Time Group Holdings, Inc.",消费,消费服务,XLY,43.23,Bad Market,,46.1623,46.5365,41.3645,0.0289,-0.6999,-0.017,0.1398,0.2319,5.172,3.5,0.3466
2026-09-04,LUMN,"Lumen Technologies, Inc.",通讯服务,电信,XLC,6.77,Bad Market,,6.9828,7.0921,6.8634,0.0538,1.3401,-0.1603,0.1594,0.1237,0.2287,4,0.2
2026-09-04,LUNR,"Intuitive Machines, Inc.",航空国防,航空航天国防,ITA,14.81,Bad Market,,20.6079,20.9497,18.2926,0.0769,-1.7993,-0.3929,0.0561,0.2117,2.657,4,0.2
2026-09-04,LWLG,"Lightwave Logic, Inc.",科技硬件,电光聚合物材料,XLK,5.35,Wait,,8.2063,8.3508,8.1038,0.09,-2.2231,-0.3989,0.3107,0.1819,0.2469,4,0.2
2026-09-04,LYB,LyondellBasell Industries NV,基础材料,化工,XLB,63.52,Wait,,68.7352,69.4,60.3439,0.0349,-0.3432,-0.0655,0.1573,0.0273,9.0561,3.5,0.2866
2026-09-04,MA,Mastercard Incorporated,金融地产,支付,XLF,579.21,Wait,,604.8008,607.7652,570.2153,0.0171,0.0345,-0.102,0.0731,0.2578,37.55,3,0.5
2026-09-04,MANE,"Veradermics, Incorporated",医疗健康,生物制药,XBI,98.51,Wait,,115.5667,117.3318,106.2054,0.0597,-1.1135,-0.1542,0.2512,0.0312,11.1265,4,0.2
2026-09-04,MANH,"Manhattan Associates, Inc.",软件,软件,IGV,213.77,Wait,,225.8977,228.2482,196.3379,0.0367,0.6637,0.0247,0.29,0.3512,31.9102,3.5,0.2728
2026-09-04,MARA,"MARA Holdings, Inc.",数据中心,数据中心,DTCR,11.31,Bad Market,,12.0545,12.3312,11.1604,0.0816,0.9887,-0.0713,0.0062,0.0884,1.1708,4,0.2
2026-09-04,MCD,McDonald's Corporation,消费,餐饮,XLY,255.69,Bad Market,,278.6639,280.1063,269.3964,0.0188,-2.5712,-0.0885,0.3531,0.1625,10.7099,3,0.5
2026-09-04,MCHP,Microchip Technology Incorporat,半导体,半导体,SOXX,74.17,Bad Market,,85.4317,86.3376,92.1408,0.0407,-0.8002,-0.2029,0.0894,0.1494,-5.8032,3.5,0.2456
2026-09-04,MDA,MDA Space Ltd.,航空国防,航空航天国防,ITA,29.52,Bad Market,,35.9252,36.3614,37.0213,0.0493,-1.5004,-0.2478,0.2783,0.1621,-0.6599,3.5,0.203
2026-09-04,MDB,"MongoDB, Inc.",软件,软件,IGV,368.74,Wait,,477.0144,484.1011,377.8015,0.0641,-2.4631,0.1143,0.0208,0.0498,106.2996,4,0.2
2026-09-04,MDLN,Medline Inc.,医疗健康,医疗用品,XLV,36.59,Wait,,37.0309,37.4569,38.2204,0.0388,1.1716,-0.14,0.0047,0.0032,-0.7636,3.5,0.2577
2026-09-04,MDT,Medtronic plc.,医疗健康,医疗器械,IHI,94.17,Wait,,95.0717,95.7564,87.2833,0.0242,1.2234,0.0794,0.3502,0.2668,8.4731,3,0.4126
2026-09-04,MEOH,Methanex Corporation,基础材料,甲醇,XLB,58.72,Wait,,61.1572,61.8084,52.9726,0.037,0.6701,-0.0464,0.2719,0.0511,8.8359,3.5,0.2705
2026-09-04,MET,"MetLife, Inc.",金融地产,保险,XLF,97.62,Wait,,100.8886,101.4517,94.3185,0.0192,0.6949,0.0115,0.0543,0.2054,7.1332,3,0.5
2026-09-04,META,"Meta Platforms, Inc.",通讯服务,互联网媒体,XLC,616.77,Bad Market,,616.8477,622.8753,610.9881,0.0326,2.0467,-0.0344,0.1451,0.0721,11.8872,3.5,0.307
2026-09-04,MFC,Manulife Financial Corporation,金融地产,保险,XLF,44.34,Wait,,44.98,45.214,42.4301,0.0176,1.1622,0.0445,0.0135,0.2029,2.7839,3,0.5
2026-09-04,MGA,"Magna International, Inc.",消费,汽车零部件,XLY,68.87,Bad Market,,73.7387,74.3542,65.8692,0.0298,0.1799,0.0418,0.0981,0.0614,8.485,3.5,0.3357
2026-09-04,MGNI,"Magnite, Inc.",软件,广告技术,IGV,24.14,Wait,,25.1214,25.4283,21.2991,0.0424,0.1329,0.126,0.287,0.2091,4.1293,3.5,0.2359
2026-09-04,MGY,Magnolia Oil & Gas Corporation,油气,油气勘探开发,XLE,26.8,Wait,,28.488,28.7249,25.4558,0.0295,0.0506,-0.0783,0.302,0.0022,3.2691,3.5,0.3393
2026-09-04,MHK,"Mohawk Industries, Inc.",消费,家居用品,XLY,133.63,Bad Market,,141.4363,142.6355,126.1095,0.0299,0.0135,-0.0478,0.0449,0.1815,16.526,3.5,0.3343
2026-09-04,MKSI,MKS Inc.,半导体,半导体设备,SOXX,260.31,Bad Market,,323.7883,328.3608,383.8332,0.0586,-1.3604,-0.1755,0.2998,0.1522,-55.4723,4,0.2
2026-09-04,MLI,"Mueller Industries, Inc.",工业,工业金属,XLI,63.74,Bad Market,,70.0974,70.6572,63.2236,0.0293,-0.4212,-0.0294,0.2604,0.0898,7.4336,3.5,0.3416
2026-09-04,MMM,3M Company,工业,工业制造,XLI,168.56,Bad Market,,185.4656,186.4993,173.4433,0.0204,-2.8368,-0.1091,0.4978,0.0906,13.056,3,0.4892
2026-09-04,MNR,Mach Natural Resources LP,油气,油气勘探开发,XLE,12.57,Wait,,13.4453,13.5204,12.8883,0.0199,-0.6446,-0.2025,0.2915,0.0171,0.6321,3,0.5
2026-09-04,MNST,Monster Beverage Corporation,消费,消费必需品,XLP,43.82,Wait,,49.3582,49.6822,46.7295,0.0246,-2.4786,0.03,0.2405,0.0611,2.9527,3,0.4057
2026-09-04,MOG.A,Moog Inc.,航空国防,航空航天国防,ITA,371.68,Bad Market,,449.0968,453.3818,395.3888,0.0384,-1.8497,-0.0071,0.2132,0.0938,57.9929,3.5,0.2602
2026-09-04,MOS,Mosaic Company (The),基础材料,化肥,MOO,25.85,Wait,,26.0385,26.3683,21.9324,0.0425,2.2314,0.0646,0.2293,0.1282,4.4359,3.5,0.2351
2026-09-04,MPC,Marathon Petroleum Corporation,油气,炼油,XLE,388.9,Wait,,391.599,394.9029,349.1641,0.0283,2.796,0.1322,0.7212,0.4975,45.7389,3.5,0.3531
2026-09-04,MPLX,MPLX LP,油气,油气中游,AMLP,59.67,Wait,,60.8951,61.1802,57.6591,0.0159,0.6672,-0.074,0.038,0.1305,3.5211,3,0.5
2026-09-04,MRCY,Mercury Systems Inc,航空国防,航空航天国防,ITA,82.42,Bad Market,,114.3405,115.8113,106.5992,0.0595,-3.0523,-0.0914,0.4937,0.1798,9.2121,4,0.2
2026-09-04,MRNA,"Moderna, Inc.",医疗健康,生物制药,XBI,145.55,Wait,,177.1179,181.2247,119.6228,0.0941,2.3308,0.6809,0.355,0.2524,61.6019,4,0.2
2026-09-04,MRVL,"Marvell Technology, Inc.",半导体,半导体,SOXX,223.55,Bad Market,,254.1471,258.8527,247.8381,0.0702,-0.0501,-0.0569,0.0654,0.1134,11.0146,4,0.2
2026-09-04,MRX,Marex Group Limited,金融地产,资本市场,XLF,78.27,Too High,,76.4327,77.438,63.9216,0.0428,2.4368,0.1299,0.3617,0.1737,13.5164,3.5,0.2336
2026-09-04,MS,Morgan Stanley,金融地产,投行,XLF,217.72,Wait,,220.5572,222.0465,213.6568,0.0228,0.5515,-0.0844,0.0115,0.0453,8.3897,3,0.4386
2026-09-04,MSFT,Microsoft Corporation,软件,软件,IGV,499.7,Wait,,518.527,522.0788,478.0119,0.0237,0.3358,-0.0255,0.0919,0.2878,44.067,3,0.4221
2026-09-04,MSGE,Madison Square Garden Entertain,通讯服务,影视娱乐,XLC,77.41,Bad Market,,89.1941,89.8993,80.1929,0.0304,-1.2471,-0.0095,0.0124,0.0693,9.7064,3.5,0.3293
2026-09-04,MSGS,Madison Square Garden Sports Co,通讯服务,体育娱乐,XLC,391.16,Bad Market,,418.0316,421.1112,378.1916,0.0262,-0.6755,-0.0427,0.0018,0.1102,42.9196,3.5,0.3811
2026-09-04,MT,Arcelor Mittal NY Registry Shar,基础材料,钢铁,XLB,78.74,Too High,,76.8574,77.4755,68.8583,0.0262,2.4273,-0.0341,0.143,0.2161,8.6173,3.5,0.3821
2026-09-04,MTCH,"Match Group, Inc.",通讯服务,互联网媒体,XLC,41.86,Bad Market,,42.8586,43.2203,38.2197,0.0288,1.7233,0.0411,0.2526,0.177,5.0006,3.5,0.3472
2026-09-04,MTDR,Matador Resources Company,油气,油气勘探开发,XLE,59.15,Wait,,60.3115,60.8395,53.5599,0.0298,1.8568,-0.09,0.5425,0.1629,7.2796,3.5,0.3361
2026-09-04,MTRN,Materion Corporation,工业,工业金属,XLI,244.24,Bad Market,,299.7621,303.7853,243.7476,0.0549,-0.7728,0.0471,0.359,0.0404,60.0377,4,0.2
2026-09-04,MTZ,"MasTec, Inc.",工业,建筑,XLI,237.19,Bad Market,,305.283,309.4875,373.0302,0.0591,-1.8388,-0.1639,0.2053,0.2164,-63.5427,4,0.2
2026-09-04,MU,"Micron Technology, Inc.",半导体,半导体,SOXX,1016.59,Bad Market,,1022.718,1039.17,994.2003,0.0539,1.4631,-0.1106,0.2344,0.0115,44.9697,4,0.2
2026-09-04,MUFG,"Mitsubishi UFJ Financial Group,",金融地产,银行,XLF,24.09,Wait,,24.3608,24.4993,22.7451,0.0192,3.2515,0.0316,0.2742,0.1866,1.7542,3,0.5
2026-09-04,MWH,"SOLV Energy, Inc.",公用电力,太阳能,TAN,25.27,Bad Market,,33.0503,33.5307,30.4348,0.0634,-2.019,-0.1585,0.1564,0.1686,3.0959,4,0.2
2026-09-04,MXL,"MaxLinear, Inc",半导体,半导体,SOXX,62.74,Bad Market,,86.0083,87.7609,104.6629,0.0931,-0.8859,-0.21,0.0631,0.066,-16.902,4,0.2
2026-09-04,NAT,Nordic American Tankers Limited,航运,海运,SEA,7.25,Enter,0.9647,7.1725,7.2528,6.1627,0.0369,1.8185,0.0468,0.4058,0.2199,1.0901,3.5,0.2707
2026-09-04,NBIS,Nebius Group N.V.,数据中心,数据中心,DTCR,226.39,Bad Market,,281.375,286.9175,212.7899,0.0816,0.2574,-0.0819,0.0271,0.0745,74.1276,4,0.2
2026-09-04,NBIX,"Neurocrine Biosciences, Inc.",医疗健康,生物科技,XBI,155.64,Wait,,166.4764,167.8074,169.9722,0.0285,-0.0808,-0.0512,0.1372,0.0241,-2.1648,3.5,0.3508
2026-09-04,NDAQ,"Nasdaq, Inc.",金融地产,资本市场,XLF,96.88,Wait,,100.4388,101.0691,93.1674,0.0217,-0.2294,-0.0727,0.1321,0.2083,7.9016,3,0.4611
2026-09-04,NDSN,Nordson Corporation,工业,工业机械,XLI,318.36,Bad Market,,337.8836,339.9901,313.6347,0.0221,-0.0825,0.0529,0.1006,0.15,26.3555,3,0.4534
2026-09-04,NE,Noble Corporation plc A,油气,油气设备服务,XLE,45.61,Wait,,48.5361,48.9987,42.683,0.0338,0.1219,-0.0205,0.3357,0.0533,6.3157,3.5,0.2958
2026-09-04,NEE,"NextEra Energy, Inc.",公用电力,电力,XLU,83.43,Bad Market,,86.9019,87.3111,85.6984,0.0163,-0.7985,-0.1715,0.2195,0.0646,1.6127,3,0.5
2026-09-04,NEM,Newmont Corporation,矿业,金,GDX,128.09,Wait,,136.4209,137.7818,119.2629,0.0354,0.8908,0.0341,0.3353,0.162,18.5189,3.5,0.2824
2026-09-04,NESR,National Energy Services Reunit,油气,油气设备服务,XLE,34.75,Wait,,36.6575,37.1138,30.9867,0.0438,0.2533,0.0436,0.3548,0.2443,6.1271,3.5,0.2285
2026-09-04,NET,"Cloudflare, Inc.",软件,网络安全,IGV,278.92,Wait,,333.9632,338.6629,268.1666,0.0562,-1.1763,0.0777,0.059,0.1226,70.4963,4,0.2
2026-09-04,NFLX,"Netflix, Inc.",通讯服务,流媒体娱乐,XLC,78.25,Bad Market,,83.5125,84.2313,74.3441,0.0306,-0.3566,-0.0313,0.1328,0.0178,9.8872,3.5,0.3266
2026-09-04,NGL,NGL ENERGY PARTNERS LP,油气,油气中游,AMLP,17.75,Wait,,19.1475,19.4006,16.017,0.0475,0.2679,0.0647,0.0743,0.0952,3.3836,3.5,0.2104
2026-09-04,NHC,National HealthCare Corporation,医疗健康,医疗服务,XLV,218.64,Wait,,238.9364,241.1278,211.1836,0.0334,-0.7512,0.013,0.0386,0.1351,29.9442,3.5,0.2993
2026-09-04,NI,NiSource Inc,公用电力,天然气/电力,XLU,41.39,Bad Market,,43.763,43.9929,46.7817,0.0185,-0.1553,-0.1026,0.2021,0.2157,-2.7889,3,0.5
2026-09-04,NJR,NewJersey Resources Corporation,公用电力,天然气,XLU,53.4,Bad Market,,56.1066,56.4106,57.0104,0.019,-0.9914,-0.1132,0.1715,0.0569,-0.5998,3,0.5
2026-09-04,NKE,"Nike, Inc.",消费,运动服饰,XLY,38.4,Bad Market,,42.834,43.1618,41.3755,0.0285,-1.456,-0.1669,0.2709,0.1406,1.7863,3.5,0.3514
2026-09-04,NMM,Navios Maritime Partners LP,航运,海运,SEA,92.16,Wait,,92.3116,93.051,82.7639,0.0267,2.824,0.0342,0.4717,0.2718,10.2871,3.5,0.3739
2026-09-04,NN,NextNav Inc.,科技硬件,软件基础设施,XLK,15.18,Wait,,20.1163,20.4483,15.4688,0.0729,-1.6355,-0.1445,0.0242,0.1062,4.9795,4,0.2
2026-09-04,NOG,"Northern Oil and Gas, Inc.",油气,油气勘探开发,XLE,25.92,Wait,,27.5992,27.8562,24.3415,0.0331,0.5159,-0.0559,0.5343,0.2338,3.5147,3.5,0.3026
2026-09-04,NOK,Nokia Corporation Sponsored,科技硬件,通讯设备,XLK,10.03,Wait,,10.8803,11.0156,12.8512,0.045,-0.2028,-0.2471,0.0939,0.1949,-1.8355,3.5,0.2223
2026-09-04,NOV,NOV Inc.,油气,油气设备服务,XLE,21.39,Wait,,21.9239,22.1221,19.3982,0.0309,0.9266,0.0015,0.2432,0.1162,2.7238,3.5,0.3238
2026-09-04,NRG,"NRG Energy, Inc.",公用电力,电力,XLU,119.02,Bad Market,,127.4302,128.9949,131.1046,0.0438,0.5782,-0.1147,0.0297,0.0712,-2.1097,3.5,0.2282
2026-09-04,NTAP,"NetApp, Inc.",科技硬件,硬件,XLK,185.59,Wait,,208.9359,211.5041,177.1173,0.0461,-0.9222,0.2103,0.0142,0.1637,34.3868,3.5,0.2168
2026-09-04,NTNX,"Nutanix, Inc.",软件,软件,IGV,68.06,Wait,,70.5206,71.2371,61.4814,0.0351,0.6692,0.0712,0.2806,0.3968,9.7557,3.5,0.285
2026-09-04,NTR,Nutrien Ltd.,基础材料,化肥,MOO,79.47,Wait,,81.5247,82.1716,73.1828,0.0271,3.4867,0.0831,0.4785,0.2609,8.9888,3.5,0.3685
2026-09-04,NU,Nu Holdings Ltd.,金融地产,银行,XLF,15.37,Wait,,15.8337,16.0162,13.5508,0.0396,1.3561,0.0968,0.1131,0.1592,2.4654,3.5,0.2526
2026-09-04,NVDA,NVIDIA Corporation,半导体,半导体,SOXX,230.36,Bad Market,,230.7536,232.9678,202.6175,0.032,1.4359,0.0357,0.1205,0.109,30.3503,3.5,0.3121
2026-09-04,NVGS,Navigator Holdings Ltd.,航运,海运,SEA,22.96,Enter,0.6285,22.8496,23.0252,20.5708,0.0255,2.3647,-0.0819,0.3886,0.0491,2.4545,3.5,0.3921
2026-09-04,NVO,Novo Nordisk A/S,医疗健康,制药,XLV,46.6,Wait,,49.126,49.5391,46.7902,0.0296,0.0552,-0.0385,0.1149,0.0663,2.749,3.5,0.3384
2026-09-04,NVTS,Navitas Semiconductor Corporati,半导体,半导体,SOXX,11.8,Bad Market,,14.7698,15.0545,20.224,0.0804,-1.0221,-0.3531,0.0534,0.2718,-5.1695,4,0.2
2026-09-04,NWE,"NorthWestern Energy Group, Inc.",公用电力,天然气/电力,XLU,70.78,Bad Market,,72.7725,73.182,69.325,0.0193,0.0722,-0.1124,0.1111,0.0391,3.8571,3,0.5
2026-09-04,NXE,Nexgen Energy Ltd.,矿业,铀,URA,10.73,Bad Market,,11.3173,11.4623,9.5188,0.045,0.3353,-0.0785,0.1171,0.0176,1.9434,3.5,0.2221
2026-09-04,NXPI,NXP Semiconductors N.V.,半导体,半导体,SOXX,227.84,Bad Market,,241.9884,244.1649,297.8471,0.0318,-0.0613,-0.289,0.0493,0.2167,-53.6821,3.5,0.314
2026-09-04,NXT,Nextpower Inc.,公用电力,太阳能,TAN,84.5,Bad Market,,105.7899,107.1547,110.872,0.0538,-1.6493,-0.3229,0.3169,0.2094,-3.7173,4,0.2
2026-09-04,NYT,New York Times Company (The),通讯服务,媒体出版,XLC,67.28,Bad Market,,69.2828,69.8118,71.5186,0.0262,0.6474,-0.1278,0.132,0.1103,-1.7069,3.5,0.3816
2026-09-04,OGE,OGE Energy Corp,公用电力,电力,XLU,46.92,Bad Market,,47.8822,48.1116,47.6565,0.0163,0.5612,-0.0948,0.013,0.0179,0.4551,3,0.5
2026-09-04,OGN,Organon & Co.,医疗健康,制药,XLV,13.78,Wait,,13.7877,13.7984,13.6636,0.0026,1.6638,-0.7041,0.6,0.3462,0.1348,3,0.5
2026-09-04,OKE,"ONEOK, Inc.",油气,油气中游,AMLP,95.43,Wait,,98.0243,98.7463,88.647,0.0252,0.6509,0.0,0.3397,0.1542,10.0993,3.5,0.3965
2026-09-04,OKLO,Oklo Inc.,公用电力,核能,NLR,41.27,Bad Market,,48.9976,49.864,49.6178,0.07,-0.5038,-0.3041,0.0398,0.1724,0.2462,4,0.2
2026-09-04,OKTA,"Okta, Inc.",软件,网络安全,IGV,170.6,Wait,,174.8369,177.5323,137.1019,0.0527,2.2653,0.2511,0.192,0.2485,40.4304,4,0.2
2026-09-04,OMC,Omnicom Group Inc.,通讯服务,广告传媒,XLC,82.62,Bad Market,,89.7662,90.5358,79.9613,0.031,-1.5592,0.0088,0.0315,0.0742,10.5745,3.5,0.3221
2026-09-04,ON,ON Semiconductor Corporation,半导体,半导体,SOXX,74.38,Bad Market,,84.1238,85.1212,119.9142,0.0447,-0.7234,-0.3131,0.0732,0.2149,-34.7931,3.5,0.2237
2026-09-04,ONDS,Ondas Inc,科技硬件,通讯设备,XLK,7.62,Wait,,9.8821,10.0503,7.5277,0.0736,-1.696,-0.2331,0.1788,0.0806,2.5226,4,0.2
2026-09-04,OR,OR Royalties Inc.,矿业,金,GDX,37.31,Wait,,39.2931,39.6912,34.2758,0.0356,1.3554,-0.0636,0.297,0.0349,5.4154,3.5,0.2812
2026-09-04,ORA,"Ormat Technologies, Inc.",公用电力,再生能源,XLU,105.45,Bad Market,,115.8145,116.79,118.1687,0.0308,-0.9035,-0.1157,0.157,0.171,-1.3786,3.5,0.3243
2026-09-04,ORCL,Oracle Corporation,软件,软件,IGV,158.78,Wait,,157.8078,159.8397,160.5851,0.0427,1.6326,-0.1567,0.1654,0.1063,-0.7454,3.5,0.2344
2026-09-04,OSCR,"Oscar Health, Inc.",医疗健康,健康保险,XLV,32.25,Wait,,33.0992,33.608,25.9757,0.0526,0.9643,0.0767,0.1068,0.0874,7.6324,4,0.2
2026-09-04,OVV,Ovintiv Inc. (DE),油气,油气勘探开发,XLE,64.76,Wait,,67.5576,68.0789,60.8284,0.0268,0.0774,-0.0357,0.3298,0.2017,7.2505,3.5,0.3727
2026-09-04,OXY,Occidental Petroleum Corporatio,油气,油气勘探开发,XLE,60.04,Wait,,62.1204,62.5425,57.2986,0.0234,0.4534,-0.1365,0.3583,0.1442,5.244,3,0.4267
2026-09-04,P,"Everpure, Inc.",工业,污水处理,XLI,99.51,Bad Market,,119.33,121.0851,94.7593,0.0588,-0.8615,0.1607,0.1835,0.1601,26.3258,4,0.2
2026-09-04,PAA,"Plains All American Pipeline, L",油气,油气中游,AMLP,25.7,Wait,,26.0968,26.2388,24.4395,0.0184,2.5364,-0.0123,0.3984,0.2703,1.7994,3,0.5
2026-09-04,PAAS,Pan American Silver Corp.,矿业,银,SIL,51.34,Wait,,55.4034,56.065,47.1716,0.043,0.0136,-0.0604,0.0965,0.0134,8.8934,3.5,0.2328
2026-09-04,PACS,"PACS Group, Inc.",医疗健康,医疗服务,XLV,42.5,Wait,,48.875,49.4196,42.0968,0.0427,-1.0227,-0.071,0.2113,0.1621,7.3228,3.5,0.2341
2026-09-04,PANW,"Palo Alto Networks, Inc.",软件,网络安全,IGV,333.26,Wait,,399.77,405.4249,320.601,0.0566,-1.7004,0.2664,0.1229,0.0946,84.8239,4,0.2
2026-09-04,PARR,"Par Pacific Holdings, Inc. Comm",油气,炼油,XLE,81.32,Wait,,83.0482,84.4105,67.8657,0.0558,0.8769,0.1605,0.214,0.2537,16.5448,4,0.2
2026-09-04,PATH,"UiPath, Inc.",软件,软件,IGV,15.19,Wait,,18.8694,19.1686,14.681,0.0657,-1.4871,0.2267,0.1117,0.2174,4.4876,4,0.2
2026-09-04,PAY,"Paymentus Holdings, Inc.",软件,软件,IGV,36.19,Wait,,42.5615,43.1187,37.1706,0.0513,-1.3417,0.1315,0.1758,0.2452,5.9481,4,0.2
2026-09-04,PAYC,"Paycom Software, Inc.",软件,软件,IGV,231.67,Wait,,242.8367,245.2822,211.9898,0.0352,0.6677,0.0981,0.524,0.4603,33.2924,3.5,0.2842
2026-09-04,PBA,Pembina Pipeline Corp.,油气,油气中游,AMLP,48.41,Wait,,49.7811,50.0338,48.8434,0.0174,-0.2482,-0.0428,0.1268,0.0776,1.1903,3,0.5
2026-09-04,PBF,PBF Energy Inc.,油气,炼油,XLE,74.34,Wait,,76.2825,77.4863,59.4299,0.054,0.7629,0.1712,0.274,0.3106,18.0564,4,0.2
2026-09-04,PBR,Petroleo Brasileiro S.A. Petrob,油气,综合油气,XLE,20.12,Wait,,21.0612,21.2481,18.68,0.031,2.3665,0.1226,0.2085,0.188,2.5681,3.5,0.323
2026-09-04,PCG,Pacific Gas & Electric Co.,公用电力,电力,XLU,14.3,Bad Market,,18.5456,18.824,14.6484,0.0649,-2.7411,0.537,0.2474,0.1162,4.1756,4,0.2
2026-09-04,PENG,"Penguin Solutions, Inc.",数据中心,数据中心,DTCR,51.76,Bad Market,,64.5908,65.7769,65.5747,0.0764,-0.5702,-0.172,0.0942,0.0427,0.2023,4,0.2
2026-09-04,PEP,"Pepsico, Inc.",消费,消费必需品,XLP,137.63,Wait,,145.876,146.5996,137.7441,0.0175,-1.239,-0.1588,0.0435,0.0456,8.8555,3,0.5
2026-09-04,PFE,"Pfizer, Inc.",医疗健康,生物技术,XLV,28.45,Wait,,29.3045,29.4818,27.2474,0.0208,1.2516,0.0456,0.3474,0.1448,2.2343,3,0.4815
2026-09-04,PG,Procter & Gamble Company (The),消费,消费必需品,XLP,146.44,Wait,,148.8725,149.612,145.3549,0.0168,0.6097,-0.131,0.0166,0.0518,4.2571,3,0.5
2026-09-04,PGR,Progressive Corporation (The),金融地产,保险,XLF,218.95,Wait,,226.1095,227.4987,220.5879,0.0211,0.5927,-0.0973,0.103,0.0749,6.9108,3,0.4728
2026-09-04,PH,Parker-Hannifin Corporation,工业,工业机械,XLI,962.59,Bad Market,,1083.4959,1090.9263,987.1824,0.0257,-2.3631,0.0003,0.1088,0.0241,103.7438,3.5,0.3886
2026-09-04,PK,Park Hotels & Resorts Inc.,金融地产,酒店地产,XLRE,15.26,Bad Market,,16.3226,16.4492,14.6931,0.0277,-0.2228,0.0314,0.0552,0.0664,1.7561,3.5,0.3616
2026-09-04,PL,Planet Labs PBC,航空国防,航空航天国防,ITA,18.12,Bad Market,,25.0309,25.4523,27.5116,0.0775,-2.8464,-0.3504,0.3414,0.2324,-2.0593,4,0.2
2026-09-04,PLAB,"Photronics, Inc.",半导体,半导体材料,SOXX,29.13,Bad Market,,33.943,34.4575,27.2,0.0589,-0.9105,-0.1346,0.2026,0.0395,7.2575,4,0.2
2026-09-04,PLD,"Prologis, Inc.",金融地产,工业地产,XLRE,137.34,Bad Market,,144.4639,145.1262,143.4367,0.0161,-1.4807,-0.1927,0.1569,0.0437,1.6896,3,0.5
2026-09-04,PLTR,Palantir Technologies Inc.,软件,软件,IGV,174.33,Wait,,188.1233,190.6809,156.5408,0.0489,-0.2902,0.1141,0.1428,0.1707,34.1401,3.5,0.2045
2026-09-04,PM,Philip Morris International Inc,消费,消费必需品,XLP,182.53,Wait,,195.9253,197.2593,186.83,0.0244,-1.4495,-0.0666,0.1322,0.0209,10.4293,3,0.4105
2026-09-04,PNR,Pentair plc.,工业,污水处理,XLI,60.21,Bad Market,,70.5021,71.0852,69.9167,0.0323,-1.8521,-0.1441,0.4287,0.2072,1.1685,3.5,0.3098
2026-09-04,PNW,Pinnacle West Capital Corporati,公用电力,电力,XLU,97.52,Bad Market,,102.3049,102.7878,104.5408,0.0165,-0.9166,-0.1161,0.308,0.1018,-1.7531,3,0.5
2026-09-04,POET,POET Technologies Inc.,半导体,半导体,SOXX,7.92,Bad Market,,9.6934,9.8635,9.8823,0.0716,-0.5856,-0.3951,0.0267,0.179,-0.0189,4,0.2
2026-09-04,POR,Portland General Electric Co,公用电力,电力,XLU,48.76,Bad Market,,51.3031,51.563,50.4813,0.0178,-0.9513,-0.0885,0.0508,0.0392,1.0816,3,0.5
2026-09-04,POWI,"Power Integrations, Inc.",半导体,半导体,SOXX,50.45,Bad Market,,65.1866,66.0814,75.4188,0.0591,-2.1416,-0.2044,0.3402,0.2433,-9.3374,4,0.2
2026-09-04,PPC,Pilgrim's Pride Corporation,基础材料,农业,MOO,30.48,Wait,,32.7348,33.0785,28.4203,0.0376,0.5229,0.0167,0.3081,0.067,4.6582,3.5,0.2661
2026-09-04,PPL,PPL Corporation,公用电力,电力,XLU,35.11,Bad Market,,36.3188,36.4981,35.2271,0.017,0.0611,-0.1006,0.0231,0.012,1.271,3,0.5
2026-09-04,PR,Permian Resources Corporation,油气,油气勘探开发,XLE,23.36,Wait,,24.1036,24.2953,21.634,0.0273,1.1646,0.0088,0.4118,0.2395,2.6612,3.5,0.3657
2026-09-04,PRM,"Perimeter Solutions, SA",基础材料,化工,XLB,31.76,Wait,,37.6676,38.1118,32.5975,0.0466,-0.2803,-0.0674,0.1926,0.0704,5.5144,3.5,0.2145
2026-09-04,PRU,"Prudential Financial, Inc.",金融地产,保险,XLF,122.02,Wait,,126.3502,127.1308,117.3244,0.0213,0.1539,0.0666,0.0737,0.2155,9.8064,3,0.469
2026-09-04,PSX,Phillips 66,油气,炼油,XLE,255.09,Wait,,258.6409,260.7637,231.324,0.0277,2.4219,0.1213,0.6378,0.4881,29.4397,3.5,0.3605
2026-09-04,PTEN,"Patterson-UTI Energy, Inc.",油气,油气勘探开发,XLE,12.42,Wait,,13.2742,13.4379,11.2407,0.0439,1.0367,0.0362,0.4126,0.1266,2.1971,3.5,0.2277
2026-09-04,PWR,"Quanta Services, Inc.",工业,建筑工程,XLI,624.41,Bad Market,,728.5541,735.866,654.8342,0.039,-0.9447,-0.0698,0.2087,0.1048,81.0318,3.5,0.2562
2026-09-04,Q,"Qnity Electronics, Inc.",半导体,半导体材料,SOXX,120.47,Bad Market,,143.7947,145.5577,155.0711,0.0488,-1.597,-0.1608,0.2269,0.1663,-9.5134,3.5,0.205
2026-09-04,QBTS,D-Wave Quantum Inc.,科技硬件,量子计算,QTUM,16.58,Bad Market,,21.6183,21.9608,20.4632,0.0689,-2.1363,-0.2975,0.3033,0.1322,1.4976,4,0.2
2026-09-04,QCOM,QUALCOMM Incorporated,半导体,半导体,SOXX,168.74,Bad Market,,172.1674,173.9685,205.0966,0.0356,0.7934,-0.311,0.2145,0.1883,-31.1281,3.5,0.2811
2026-09-04,QLYS,"Qualys, Inc.",软件,软件,IGV,171.65,Wait,,197.5977,200.1742,161.5268,0.05,-1.3441,0.1411,0.1384,0.2301,38.6474,4,0.2
2026-09-04,QMCO,Quantum Corporation,科技硬件,硬件,XLK,24.73,Wait,,26.5091,27.1077,18.1283,0.0807,1.4313,0.293,0.4111,0.2022,8.9795,4,0.2
2026-09-04,QNT,Quantinuum Inc.,科技硬件,量子计算,QTUM,49.65,Bad Market,,72.5377,73.7342,67.2165,0.0803,-1.6652,-0.335,0.1206,0.0733,6.5176,4,0.2
2026-09-04,QRVO,"Qorvo, Inc.",半导体,半导体,SOXX,102.84,Bad Market,,101.6584,102.545,91.6358,0.0287,2.0232,-0.0589,0.2896,0.0992,10.9092,3.5,0.348
2026-09-04,QSR,Restaurant Brands International,消费,餐饮,XLY,80.17,Bad Market,,82.3717,82.8964,76.3231,0.0218,1.4011,-0.0095,0.2707,0.1139,6.5732,3,0.4584
2026-09-04,QUBT,Quantum Computing Inc.,科技硬件,量子计算,QTUM,8.01,Bad Market,,9.269,9.4024,8.9807,0.0555,-1.1847,-0.3271,0.1713,0.0984,0.4217,4,0.2
2026-09-04,RBLX,Roblox Corporation,通讯服务,游戏,XLC,43.31,Bad Market,,41.9567,42.6266,49.0169,0.0516,2.1343,-0.2195,0.3947,0.0562,-6.3902,4,0.2
2026-09-04,RBRK,"Rubrik, Inc.",软件,软件,IGV,93.67,Wait,,108.1695,109.8938,84.03,0.0614,-0.5408,0.2023,0.1089,0.1547,25.8638,4,0.2
2026-09-04,RCAT,"Red Cat Holdings, Inc.",航空国防,航空航天国防,ITA,8.37,Bad Market,,11.2587,11.4516,8.8668,0.0769,-1.7305,-0.2864,0.0358,0.1273,2.5848,4,0.2
2026-09-04,RCL,Royal Caribbean Cruises Ltd.,消费,旅游,XLY,265.19,Bad Market,,330.0719,332.5016,299.074,0.0305,-3.3418,-0.2427,0.7821,0.1432,33.4275,3.5,0.3274
2026-09-04,RDDT,"Reddit, Inc.",通讯服务,互联网媒体,XLC,154.46,Bad Market,,179.9244,182.676,166.582,0.0594,-0.2133,-0.1296,0.0064,0.0337,16.0941,4,0.2
2026-09-04,RDW,Redwire Corporation,航空国防,航空航天国防,ITA,10.53,Bad Market,,13.7346,13.9515,11.4676,0.0687,-2.0993,-0.3272,0.0218,0.153,2.4839,4,0.2
2026-09-04,RGEN,Repligen Corporation,医疗健康,生命科学工具,XLV,167.6,Wait,,183.706,185.9332,156.0464,0.0443,-0.7293,0.0705,0.1398,0.1796,29.8868,3.5,0.2258
2026-09-04,RGTI,"Rigetti Computing, Inc.",科技硬件,量子计算,QTUM,15.2,Bad Market,,19.0155,19.3088,17.4699,0.0643,-1.7838,-0.3069,0.1182,0.1346,1.8389,4,0.2
2026-09-04,RIO,Rio Tinto Plc,矿业,金属采矿,XME,103.27,Wait,,107.8427,108.4909,100.3282,0.0209,0.6977,-0.0792,0.0577,0.0075,8.1626,3,0.478
2026-09-04,RIOT,"Riot Platforms, Inc.",数据中心,数据中心,DTCR,21.8,Bad Market,,21.8555,22.3887,21.5803,0.0815,1.12,-0.0142,0.0156,0.1041,0.8084,4,0.2
2026-09-04,RJF,"Raymond James Financial, Inc.",金融地产,券商,XLF,178.29,Wait,,182.9629,184.1715,169.0943,0.0226,0.1318,0.0267,0.0493,0.1733,15.0772,3,0.4426
2026-09-04,RKLB,Rocket Lab Corporation,航空国防,航空航天国防,ITA,64.26,Bad Market,,83.6405,84.8563,91.7697,0.0631,-2.0784,-0.3548,0.2708,0.2625,-6.9134,4,0.2
2026-09-04,RMBS,"Rambus, Inc.",半导体,半导体,SOXX,85.46,Bad Market,,102.4927,103.9517,121.7162,0.0569,-1.4224,-0.3495,0.2417,0.2149,-17.7645,4,0.2
2026-09-04,RNG,"Ringcentral, Inc.",软件,软件,IGV,73.39,Wait,,77.0939,78.0118,65.6517,0.0417,2.0969,0.1156,0.3797,0.4385,12.3601,3.5,0.2399
2026-09-04,ROIV,Roivant Sciences Ltd.,医疗健康,生物技术,XLV,34.93,Wait,,37.9293,38.2971,33.2886,0.0351,-0.8637,0.0685,0.0283,0.1202,5.0085,3.5,0.2849
2026-09-04,ROK,"Rockwell Automation, Inc.",工业,工业机械,XLI,433.81,Bad Market,,455.7281,458.9346,463.0148,0.0246,-0.1109,-0.1445,0.1513,0.0622,-4.0802,3,0.4059
2026-09-04,ROKU,"Roku, Inc.",通讯服务,流媒体娱乐,XLC,155.59,Bad Market,,160.8336,161.4778,153.3182,0.0138,-0.327,-0.3014,0.2631,0.279,8.1596,3,0.5
2026-09-04,RPRX,Royalty Pharma plc,医疗健康,生物技术,XLV,63.96,Wait,,64.5196,64.9121,59.9554,0.0205,2.6311,0.0311,0.4187,0.2508,4.9566,3,0.4889
2026-09-04,RTX,RTX Corporation,航空国防,航空航天国防,ITA,200.79,Bad Market,,227.4979,228.8247,212.222,0.022,-3.1902,-0.0482,0.461,0.0606,16.6027,3,0.454
2026-09-04,RVTY,"Revvity, Inc.",医疗健康,生命科学工具,XLV,130.22,Wait,,132.2422,133.3838,117.6213,0.0292,2.0759,0.003,0.4133,0.3132,15.7626,3.5,0.3422
2026-09-04,S,"SentinelOne, Inc.",软件,网络安全,IGV,19.88,Wait,,24.0599,24.3897,19.4423,0.0553,-1.5281,0.1645,0.0711,0.1633,4.9474,4,0.2
2026-09-04,SAIL,"SailPoint, Inc.",软件,网络安全,IGV,18.82,Wait,,20.7739,21.0946,16.2829,0.0568,-0.2385,0.0693,0.0642,0.1858,4.8117,4,0.2
2026-09-04,SAN,"Banco Santander, S.A. Sponsored",金融地产,银行,XLF,14.93,Wait,,15.1885,15.2716,14.219,0.0186,1.1425,-0.1121,0.0997,0.1556,1.0527,3,0.5
2026-09-04,SANM,Sanmina Corporation,科技硬件,电子元件,XLK,198.47,Wait,,219.1116,222.2339,211.9285,0.0524,0.0438,-0.1494,0.0059,0.113,10.3055,4,0.2
2026-09-04,SAP,SAP  SE,软件,软件,IGV,215.11,Wait,,223.6911,225.5579,199.7606,0.0289,0.2981,-0.0019,0.2427,0.268,25.7973,3.5,0.3457
2026-09-04,SARO,"StandardAero, Inc.",航空国防,航空航天国防,ITA,24.81,Bad Market,,31.2581,31.5083,28.0913,0.0336,-1.5109,-0.1245,0.5939,0.0837,3.417,3.5,0.2975
2026-09-04,SBGSY,Schneider Electric SE,工业,电气设备,XLI,66.78,Bad Market,,72.2078,72.6185,67.4327,0.0205,-1.7537,-0.1738,0.1498,0.0426,5.1859,3,0.4878
2026-09-04,SBLK,Star Bulk Carriers Corp.,航运,海运,SEA,32.42,Enter,0.8352,32.1942,32.4646,28.7158,0.0278,2.7119,0.0426,0.4373,0.196,3.7487,3.5,0.3597
2026-09-04,SBS,Companhia de saneamento Basico ,公用电力,污水处理,XLU,5.15,Bad Market,,5.4815,5.5316,5.4749,0.0325,1.9083,0.0116,0.1458,0.0482,0.0567,3.5,0.3081
2026-09-04,SBUX,Starbucks Corporation,消费,餐饮,XLY,104.47,Bad Market,,109.5947,110.3311,101.1863,0.0235,-0.8961,-0.0622,0.0602,0.0725,9.1448,3,0.4256
2026-09-04,SCCO,Southern Copper Corporation,矿业,铜,COPX,198.76,Wait,,221.6876,224.1908,190.496,0.042,-0.3482,0.0084,0.0397,0.037,33.6948,3.5,0.2382
2026-09-04,SCHW,Charles Schwab Corporation (The,金融地产,券商,XLF,109.29,Wait,,114.7429,115.3994,107.0848,0.02,-0.3073,-0.0331,0.0514,0.2207,8.3146,3,0.4994
2026-09-04,SEDG,"SolarEdge Technologies, Inc.",公用电力,太阳能,TAN,34.2,Bad Market,,34.4771,35.2228,48.4972,0.0727,0.8995,-0.341,0.0134,0.1765,-13.2744,4,0.2
2026-09-04,SEZL,Sezzle Inc.,金融地产,消费金融,XLF,120.58,Wait,,180.1859,182.6697,155.4325,0.0687,-0.162,-0.1081,0.4073,0.0741,27.2372,4,0.2
2026-09-04,SFL,SFL Corporation Ltd,航运,海运,SEA,12.86,Enter,0.843,12.7786,12.8752,11.5234,0.025,1.8252,0.0152,0.2903,0.2021,1.3518,3.5,0.3995
2026-09-04,SHAZ,"SharonAI Holdings, Inc.",数据中心,数据中心,DTCR,55.94,Bad Market,,78.1467,80.0167,67.7661,0.1114,-0.7664,-0.1057,0.015,0.1299,12.2506,4,0.2
2026-09-04,SHEL,Shell PLC,油气,综合油气,XLE,92.95,Wait,,94.354,94.7764,89.4259,0.0151,1.0007,-0.0866,0.3087,0.2406,5.3505,3,0.5
2026-09-04,SHIP,Seanergy Maritime Holdings Corp,航运,海运,SEA,18.92,Enter,0.636,18.7892,18.9949,16.2006,0.0362,2.4506,-0.0238,0.2815,0.174,2.7943,3.5,0.276
2026-09-04,SHOP,Shopify Inc.,软件,电商软件,IGV,145.09,Wait,,159.9809,161.7183,138.26,0.0399,-0.8219,-0.0686,0.0118,0.194,23.4584,3.5,0.2505
2026-09-04,SHW,Sherwin-Williams Company (The),基础材料,化工,XLB,333.71,Wait,,373.0671,375.41,346.3012,0.0234,-2.0105,-0.1042,0.4154,0.0682,29.1088,3,0.4273
2026-09-04,SIMO,Silicon Motion Technology Corpo,半导体,半导体,SOXX,256.21,Bad Market,,276.5244,282.261,260.4119,0.0746,0.438,-0.0499,0.0373,0.067,21.8491,4,0.2
2026-09-04,SIND,Sinda Ltd.,矿业,银,SIL,16.57,Wait,,18.2109,18.6472,,0.0878,0.087,0.1374,0.1482,,,4,0.2
2026-09-04,SITM,SiTime Corporation,半导体,半导体,SOXX,612.09,Bad Market,,757.5846,769.8014,590.2285,0.0665,-0.4592,-0.0767,0.1039,0.0409,179.5729,4,0.2
2026-09-04,SKHY,SK hynix Inc.,半导体,半导体,SOXX,177.0,Bad Market,,173.4096,176.4541,,0.0573,1.8698,,0.2175,,,4,0.2
2026-09-04,SLAB,"Silicon Laboratories, Inc.",半导体,半导体,SOXX,220.58,Bad Market,,221.2729,221.6107,217.3324,0.0051,1.5228,-0.2863,0.2655,0.0897,4.2783,3,0.5
2026-09-04,SLB,SLB Limited,油气,油气设备服务,XLE,57.51,Wait,,60.6751,61.2407,53.5018,0.0328,1.599,0.1111,0.3316,0.1477,7.7389,3.5,0.3051
2026-09-04,SLF,Sun Life Financial Inc.,金融地产,保险,XLF,80.97,Wait,,83.2537,83.6279,80.3279,0.0154,0.8755,0.0214,0.0592,0.0825,3.3,3,0.5
2026-09-04,SLS,"SELLAS Life Sciences Group, Inc",医疗健康,生物制药,XBI,13.86,Wait,,15.6937,16.0441,10.7869,0.0843,0.5303,0.1431,0.1451,0.1569,5.2573,4,0.2
2026-09-04,SM,SM Energy Company,油气,油气勘探开发,XLE,36.44,Wait,,38.6544,39.0718,33.4204,0.0382,0.8291,-0.0,0.4396,0.1972,5.6514,3.5,0.2619
2026-09-04,SMMT,Summit Therapeutics Inc.,医疗健康,生物技术,XBI,17.605,Enter,0.9302,17.3283,17.6258,13.1639,0.0563,3.7072,0.0001,0.329,0.1416,4.4619,4,0.2
2026-09-04,SMR,NuScale Power Corporation,公用电力,核能,NLR,9.7,Bad Market,,10.0166,10.2066,9.2075,0.0653,0.4533,-0.2813,0.04,0.0306,0.9991,4,0.2
2026-09-04,SMTC,Semtech Corporation,半导体,半导体,SOXX,147.89,Bad Market,,156.3821,159.6252,131.4887,0.0731,1.2993,0.0255,0.1819,0.006,28.1365,4,0.2
2026-09-04,SNDK,Sandisk Corporation,半导体,存储硬件,SOXX,1740.0,Bad Market,,1812.8302,1851.8005,1815.3962,0.0747,1.8214,-0.0635,0.2723,0.0354,36.4043,4,0.2
2026-09-04,SNOW,Snowflake Inc.,软件,软件,IGV,337.18,Wait,,360.068,365.4649,284.5104,0.0534,0.5152,0.2776,0.109,0.2868,80.9545,4,0.2
2026-09-04,SNPS,"Synopsys, Inc.",软件,软件,IGV,393.84,Wait,,468.8284,473.9424,405.2263,0.0433,-1.2598,0.0268,0.0343,0.1503,68.7162,3.5,0.231
2026-09-04,SNX,TD SYNNEX Corporation,科技硬件,IT,XLK,262.64,Wait,,266.5064,268.8024,263.3532,0.0291,1.0688,-0.0496,0.0054,0.0911,5.4492,3.5,0.3432
2026-09-04,SO,Southern Company (The),公用电力,电力,XLU,88.11,Bad Market,,93.8272,94.2635,93.6167,0.0165,-1.6873,-0.1022,0.4155,0.1028,0.6469,3,0.5
2026-09-04,SOLV,Solventum Corporation,医疗健康,医疗器械,IHI,91.69,Wait,,93.3569,94.0494,84.3612,0.0252,1.259,-0.0146,0.1901,0.2498,9.6882,3.5,0.3972
2026-09-04,SON,Sonoco Products Company,基础材料,包装容器纸制品,XLB,51.95,Wait,,59.9995,60.4992,54.7306,0.0321,-3.0561,0.0307,0.3836,0.0262,5.7685,3.5,0.3119
2026-09-04,SONY,Sony Group Corporation,消费,消费电子,XLY,24.56,Bad Market,,25.2056,25.3575,23.4412,0.0206,1.0291,-0.0263,0.3202,0.2338,1.9162,3,0.4851
2026-09-04,SPCX,Space Exploration Technologies ,航空国防,航空航天国防,ITA,147.95,Bad Market,,151.2707,153.5667,161.2065,0.0517,1.012,-0.2922,0.3936,0.1498,-7.6398,4,0.2
2026-09-04,SPG,"Simon Property Group, Inc.",金融地产,零售地产,XLRE,209.44,Bad Market,,226.4956,227.507,226.5861,0.0161,-2.5456,-0.1062,0.4018,0.0037,0.9209,3,0.5
2026-09-04,SPOT,Spotify Technology S.A.,通讯服务,流媒体娱乐,XLC,542.43,Bad Market,,565.5343,571.6997,488.1799,0.0379,0.7678,0.0015,0.2371,0.1623,83.5198,3.5,0.2639
2026-09-04,SQM,Sociedad Quimica y Minera S.A.,基础材料,化工,XLB,76.43,Wait,,83.0943,83.9413,73.1086,0.0369,-0.1916,-0.0557,0.1937,0.0822,10.8326,3.5,0.2707
2026-09-04,SRE,DBA Sempra,公用电力,电力,XLU,84.04,Bad Market,,88.2204,88.8374,89.1604,0.0245,-0.4357,0.058,0.0254,0.1138,-0.323,3,0.4086
2026-09-04,SRRK,Scholar Rock Holding Corporatio,医疗健康,生物制药,XBI,55.33,Wait,,60.5933,61.259,52.2735,0.0401,-0.0674,-0.0341,0.2935,0.1292,8.9855,3.5,0.2493
2026-09-04,SSNC,"SS&C Technologies Holdings, Inc",软件,软件,IGV,83.65,Wait,,85.4665,86.0177,79.1181,0.022,0.9323,-0.0607,0.2686,0.2884,6.8996,3,0.4553
2026-09-04,SSRM,SSR Mining Inc.,矿业,银,SIL,37.15,Wait,,39.5815,40.0888,33.291,0.0455,1.0221,0.0061,0.3177,0.0995,6.7979,3.5,0.2197
2026-09-04,ST,Sensata Technologies Holding pl,科技硬件,科技仪器,XLK,43.08,Wait,,48.0208,48.4467,46.7315,0.033,-0.273,-0.1333,0.3013,0.1387,1.7152,3.5,0.3035
2026-09-04,STM,STMicroelectronics N.V.,半导体,半导体,SOXX,52.24,Bad Market,,56.6224,57.2569,72.5072,0.0405,0.1714,-0.252,0.0214,0.1845,-15.2503,3.5,0.247
2026-09-04,STNG,Scorpio Tankers Inc.,航运,海运,SEA,82.35,Enter,0.1496,82.2435,82.9553,74.1452,0.0288,1.7854,-0.0853,0.3056,0.0544,8.8102,3.5,0.3471
2026-09-04,STRL,"Sterling Infrastructure, Inc.",工业,建筑工程,XLI,486.49,Bad Market,,610.5551,620.5528,799.4479,0.0685,-0.8832,-0.2287,0.1533,0.2387,-178.8951,4,0.2
2026-09-04,STT,State Street Corporation,金融地产,资本市场,XLF,194.26,Wait,,195.8826,197.1184,181.5822,0.0212,1.0519,0.0036,0.1636,0.1957,15.5362,3,0.4716
2026-09-04,STX,Seagate Technology Holdings PLC,科技硬件,存储硬件,XLK,849.28,Wait,,1005.926,1022.63,871.3201,0.0656,-0.0402,-0.0497,0.0179,0.1077,151.3098,4,0.2
2026-09-04,SU,Suncor Energy  Inc.,油气,综合油气,XLE,67.33,Wait,,69.6633,70.1639,63.9843,0.0248,0.7342,-0.0102,0.207,0.2082,6.1795,3,0.4035
2026-09-04,SUN,Sunoco LP,油气,炼油,XLE,75.6,Wait,,77.836,78.423,70.562,0.0259,0.2844,0.0264,0.0868,0.1947,7.861,3.5,0.3864
2026-09-04,SUNB,"Sunbelt Rentals Holdings, Inc.",工业,设备租赁,XLI,68.59,Bad Market,,85.4859,86.3593,75.8709,0.0424,-2.6917,-0.0144,0.3426,0.1378,10.4884,3.5,0.2356
2026-09-04,SWK,"Stanley Black & Decker, Inc.",工业,工业机械,XLI,97.36,Bad Market,,104.9736,105.8324,93.9805,0.0294,-0.7896,-0.0374,0.207,0.1598,11.8519,3.5,0.3401
2026-09-04,SXI,Standex International Corporati,工业,工业机械,XLI,275.78,Bad Market,,342.8778,345.9841,321.4302,0.0375,-3.3485,-0.1064,0.5234,0.0538,24.5539,3.5,0.2663
2026-09-04,SXT,Sensient Technologies Corporati,基础材料,化工,XLB,134.84,Wait,,138.7984,139.851,125.1702,0.026,0.37,-0.0674,0.1431,0.2314,14.6808,3.5,0.3843
2026-09-04,SYNA,Synaptics Incorporated,半导体,半导体,SOXX,98.99,Bad Market,,111.5699,112.8293,129.0966,0.0424,-0.4589,-0.2814,0.023,0.1801,-16.2673,3.5,0.2358
2026-09-04,T,AT&T Inc.,通讯服务,电信,XLC,25.68,Bad Market,,26.4468,26.6048,24.6102,0.0205,0.9115,-0.1225,0.4533,0.1822,1.9946,3,0.4877
2026-09-04,TALO,"Talos Energy, Inc.",油气,油气勘探开发,XLE,16.84,Wait,,17.9184,18.1124,15.4867,0.0384,0.5242,-0.0169,0.3889,0.1484,2.6257,3.5,0.2604
2026-09-04,TDW,Tidewater Inc.,油气,油气设备服务,XLE,94.26,Wait,,101.5526,102.7302,86.8716,0.0416,0.3251,0.1243,0.3627,0.242,15.8586,3.5,0.2401
2026-09-04,TE,T1 Energy Inc.,公用电力,太阳能,TAN,4.6,Bad Market,,5.944,6.0851,8.5194,0.1022,-0.3254,-0.3308,0.1765,0.2272,-2.4343,4,0.2
2026-09-04,TECK,Teck Resources Ltd,矿业,铜,COPX,69.1,Wait,,72.311,72.9477,64.1916,0.0307,0.8387,-0.0849,0.1435,0.0451,8.7561,3.5,0.3256
2026-09-04,TEL,TE Connectivity plc,科技硬件,电子元件,XLK,208.65,Wait,,220.7765,222.6203,197.1793,0.0295,0.0746,-0.1073,0.1434,0.0204,25.441,3.5,0.3395
2026-09-04,TEM,"Tempus AI, Inc.",软件,AI医疗,IGV,64.62,Wait,,73.6245,75.0262,54.0002,0.0723,0.8238,0.1583,0.2851,0.1261,21.026,4,0.2
2026-09-04,TEVA,Teva Pharmaceutical Industries ,医疗健康,制药,XLV,36.36,Wait,,38.4636,38.7849,34.3516,0.0295,-0.4122,0.0032,0.1464,0.1137,4.4333,3.5,0.3395
2026-09-04,TFII,TFI International Inc.,工业,铁路/联运,IYT,137.11,Bad Market,,148.5111,149.8635,140.8416,0.0329,-0.2564,0.0012,0.0425,0.0545,9.0219,3.5,0.3041
2026-09-04,TFPM,Triple Flag Precious Metals Cor,矿业,金,GDX,33.92,Wait,,36.0392,36.3919,31.5848,0.0347,0.6451,-0.0574,0.1763,0.0945,4.8072,3.5,0.2885
2026-09-04,TGT,Target Corporation,消费,消费必需品,XLP,164.44,Wait,,171.5344,172.849,154.5535,0.0266,1.2108,0.0516,0.3207,0.2905,18.2955,3.5,0.3753
2026-09-04,TGTX,"TG Therapeutics, Inc.",医疗健康,生物制药,XBI,55.985,Wait,,57.4599,58.1941,50.4937,0.0437,1.4,0.1111,0.2838,0.0703,7.7004,3.5,0.2287
2026-09-04,THC,Tenet Healthcare Corporation,医疗健康,医疗服务,XLV,265.05,Wait,,283.4205,286.0309,250.3149,0.0328,-0.2982,0.0158,0.0424,0.3211,35.716,3.5,0.3046
2026-09-04,TJX,"TJX Companies, Inc. (The)",消费,折扣零售,XLY,132.08,Bad Market,,163.3808,164.2421,156.5566,0.0217,-4.1327,-0.1094,0.7242,0.3474,7.6856,3,0.46
2026-09-04,TK,Teekay Corporation Ltd.,航运,海运,SEA,13.63,Enter,0.1669,13.6063,13.7483,11.8135,0.0347,2.0379,0.0193,0.4946,0.1363,1.9348,3.5,0.288
2026-09-04,TMO,Thermo Fisher Scientific Inc,医疗健康,生命科学工具,XLV,613.78,Wait,,639.8478,644.6431,577.7653,0.026,0.1776,0.0303,0.2351,0.3716,66.8778,3.5,0.384
2026-09-04,TMUS,"T-Mobile US, Inc.",通讯服务,电信,XLC,181.52,Bad Market,,189.8352,191.2697,178.9047,0.0263,0.0307,-0.1076,0.1564,0.0012,12.365,3.5,0.3796
2026-09-04,TNK,Teekay Tankers Ltd.,航运,海运,SEA,93.37,Enter,0.4371,92.9437,93.9191,80.6307,0.0348,2.0466,0.0606,0.4561,0.1929,13.2884,3.5,0.2872
2026-09-04,TPG,TPG Inc.,金融地产,私募股权,XLF,52.65,Wait,,55.7365,56.2703,48.9829,0.0338,0.153,-0.028,0.24,0.211,7.2874,3.5,0.2959
2026-09-04,TRGP,"Targa Resources, Inc.",油气,油气中游,AMLP,290.05,Wait,,305.1505,307.5029,274.8049,0.027,0.6268,0.0412,0.2617,0.1199,32.698,3.5,0.3699
2026-09-04,TRMD,TORM plc,航运,海运,SEA,35.18,Too High,,34.5318,34.824,30.7712,0.0277,4.1877,-0.0223,0.5231,0.1967,4.0527,3.5,0.3612
2026-09-04,TRP,TC Energy Corporation,油气,油气中游,AMLP,62.61,Wait,,64.6461,65.049,66.5609,0.0215,-0.194,-0.0282,0.1029,0.1363,-1.5118,3,0.4662
2026-09-04,TSEM,Tower Semiconductor Ltd.,半导体,半导体,SOXX,222.34,Bad Market,,268.6151,273.3177,254.1483,0.0705,-0.4901,-0.1384,0.0601,0.071,19.1694,4,0.2
2026-09-04,TSM,Taiwan Semiconductor Manufactur,半导体,半导体,SOXX,428.91,Bad Market,,435.2591,438.7158,437.2416,0.0269,0.8173,-0.194,0.1376,0.0068,1.4742,3.5,0.3722
2026-09-04,TTAN,"ServiceTitan, Inc.",软件,软件,IGV,87.92,Wait,,101.5836,102.9991,81.7674,0.0537,-1.0574,0.0311,0.0265,0.194,21.2317,4,0.2
2026-09-04,TTE,TotalEnergies SE,油气,综合油气,XLE,88.59,Wait,,91.7387,92.2419,85.868,0.0189,0.0629,-0.034,0.2004,0.1107,6.3739,3,0.5
2026-09-04,TTMI,"TTM Technologies, Inc.",科技硬件,电子元件,XLK,125.6,Wait,,142.8136,145.5639,184.7988,0.073,0.2141,-0.1581,0.0588,0.234,-39.2349,4,0.2
2026-09-04,TVTX,"Travere Therapeutics, Inc.",医疗健康,生物制药,XBI,65.28,Wait,,68.1728,68.8481,59.6417,0.0345,0.3463,-0.0285,0.1156,0.2021,9.2064,3.5,0.29
2026-09-04,TWLO,Twilio Inc.,软件,软件,IGV,232.98,Wait,,258.2798,261.5835,217.4066,0.0473,-0.1605,0.0545,0.2284,0.1562,44.1769,3.5,0.2116
2026-09-04,TWST,Twist Bioscience Corporation,医疗健康,生命科学工具,XLV,124.72,Wait,,154.8974,157.5935,117.1517,0.0721,-0.9496,0.2847,0.0712,0.164,40.4419,4,0.2
2026-09-04,TX,Ternium S.A. Ternium S.A.,基础材料,钢铁,XLB,58.0,Wait,,58.56,59.0615,52.129,0.0288,1.8089,0.0769,0.2965,0.2725,6.9325,3.5,0.3469
2026-09-04,TXG,"10x Genomics, Inc.",医疗健康,生命科学工具,XLV,62.65,Wait,,65.8303,66.8959,50.9131,0.0567,0.5724,0.258,0.3327,0.334,15.9828,4,0.2
2026-09-04,TXT,Textron Inc.,航空国防,航空航天国防,ITA,79.07,Bad Market,,90.2207,90.7871,90.4661,0.0239,-2.9468,-0.1604,0.4601,0.1912,0.321,3,0.4188
2026-09-04,U,Unity Software Inc.,软件,软件,IGV,41.66,Wait,,47.5266,48.061,40.8752,0.0428,-1.5241,-0.0142,0.28,0.3203,7.1858,3.5,0.2339
2026-09-04,UBER,"Uber Technologies, Inc.",工业,铁路/联运,IYT,75.76,Bad Market,,81.1076,81.8699,71.4562,0.0335,-0.508,-0.0023,0.2379,0.0604,10.4138,3.5,0.2981
2026-09-04,UBS,UBS Group AG Registered,金融地产,银行,XLF,55.38,Wait,,56.1653,56.4324,53.0484,0.0161,1.4996,-0.0597,0.1845,0.1697,3.3841,3,0.5
2026-09-04,UCTT,"Ultra Clean Holdings, Inc.",半导体,半导体材料,SOXX,72.43,Bad Market,,94.1599,96.0347,117.5926,0.0863,-0.7892,-0.1599,0.1037,0.1266,-21.558,4,0.2
2026-09-04,UEC,Uranium Energy Corp.,矿业,铀,URA,11.54,Bad Market,,13.7525,13.9511,10.9709,0.0574,-0.4998,-0.1551,0.1041,0.0066,2.9802,4,0.2
2026-09-04,UL,Unilever PLC,消费,消费必需品,XLP,64.2,Wait,,65.808,66.1009,63.9418,0.0152,0.6342,-0.1158,0.0192,0.1487,2.1591,3,0.5
2026-09-04,UMC,United Microelectronics Corpora,半导体,半导体,SOXX,20.77,Bad Market,,20.6777,20.978,24.506,0.0482,1.5942,-0.089,0.1741,0.0212,-3.5279,3.5,0.2075
2026-09-04,UNH,UnitedHealth Group Incorporated,医疗健康,医疗服务,XLV,397.14,Wait,,416.7214,419.3164,410.4,0.0218,-0.0311,-0.1133,0.1609,0.0082,8.9164,3,0.4591
2026-09-04,UNM,Unum Group,金融地产,保险,XLF,95.85,Wait,,97.5285,98.2029,89.8261,0.0235,2.0745,0.086,0.2497,0.0614,8.3768,3,0.4264
2026-09-04,UNP,Union Pacific Corporation,工业,铁路,IYT,289.62,Bad Market,,313.5162,315.3918,291.8642,0.0216,-1.5901,0.0332,0.1082,0.1948,23.5275,3,0.4632
2026-09-04,USAC,"USA Compression Partners, LP",油气,油气中游,AMLP,27.27,Wait,,27.8327,28.0095,25.7923,0.0216,1.014,-0.1991,0.25,0.0769,2.2172,3,0.4628
2026-09-04,USB,U.S. Bancorp,金融地产,银行,XLF,63.37,Wait,,65.9699,66.2999,62.1203,0.0174,0.0668,-0.0573,0.0771,0.1676,4.1796,3,0.5
2026-09-04,UUUU,Energy Fuels Inc,矿业,铀,URA,14.47,Bad Market,,16.1422,16.4006,13.1152,0.0595,-0.3077,-0.2181,0.1874,0.0323,3.2854,4,0.2
2026-09-04,V,Visa Inc.,金融地产,支付,XLF,375.07,Wait,,387.3679,389.3047,364.7724,0.0172,0.6153,-0.0764,0.0826,0.2213,24.5323,3,0.5
2026-09-04,VALE,VALE S.A.,矿业,铁矿,XME,15.27,Wait,,15.8827,16.02,14.1283,0.03,1.3505,0.0667,0.0603,0.0209,1.8916,3.5,0.3337
2026-09-04,VCTR,"Victory Capital Holdings, Inc. ",金融地产,资管,XLF,113.73,Wait,,122.2673,123.3944,107.9799,0.033,-0.5287,0.1836,0.2987,0.2694,15.4145,3.5,0.3027
2026-09-04,VECO,Veeco Instruments Inc.,半导体,半导体,SOXX,44.67,Bad Market,,54.9816,55.854,68.0182,0.0651,-1.1969,-0.1952,0.2449,0.2413,-12.1642,4,0.2
2026-09-04,VEEV,Veeva Systems Inc.,软件,软件,IGV,275.09,Wait,,288.4409,291.7041,247.6195,0.0395,1.8509,0.2217,0.4222,0.4235,44.0846,3.5,0.2529
2026-09-04,VG,"Venture Global, Inc.",油气,油气中游,XLE,14.42,Wait,,15.2542,15.4531,12.8393,0.046,0.4366,-0.1254,0.2175,0.1453,2.6138,3.5,0.2175
2026-09-04,VIAV,Viavi Solutions Inc.,科技硬件,通讯设备,XLK,34.86,Wait,,46.7476,47.479,43.1876,0.0699,-1.6133,-0.1816,0.124,0.1473,4.2914,4,0.2
2026-09-04,VICR,Vicor Corporation,科技硬件,电子元件,XLK,188.55,Wait,,256.5574,261.1435,318.6318,0.0811,-1.2301,-0.2409,0.1669,0.1955,-57.4882,4,0.2
2026-09-04,VIRT,"Virtu Financial, Inc.",金融地产,资本市场,XLF,64.43,Wait,,68.5743,69.4204,58.0591,0.0438,0.8783,0.1699,0.1946,0.0513,11.3612,3.5,0.2285
2026-09-04,VISN,"Vistance Networks, Inc.",科技硬件,电子元件,XLK,6.4,Wait,,12.4804,12.6761,10.2715,0.1019,-5.6177,0.0642,0.4711,0.3162,2.4046,4,0.2
2026-09-04,VIST,Vista Energy S.A.B. de C.V.,油气,油气勘探开发,XLE,73.73,Wait,,77.7673,78.6831,66.3458,0.0414,1.2607,0.043,0.2656,0.0629,12.3373,3.5,0.2415
2026-09-04,VLO,Valero Energy Corporation,油气,炼油,XLE,370.72,Wait,,374.3972,377.6012,333.31,0.0288,2.5162,0.0618,0.5838,0.4444,44.2912,3.5,0.3471
2026-09-04,VLTO,Veralto Corp,工业,污水处理,XLI,96.31,Bad Market,,101.0631,101.6846,93.8848,0.0215,-0.8382,-0.0594,0.0465,0.2194,7.7999,3,0.4649
2026-09-04,VRT,"Vertiv Holdings, LLC",工业,电气设备,XLI,280.53,Bad Market,,296.651,300.8676,301.739,0.0501,0.7946,-0.1488,0.0191,0.0666,-0.8714,4,0.2
2026-09-04,VRTX,Vertex Pharmaceuticals Incorpor,医疗健康,生物技术,XLV,546.12,Wait,,563.4212,567.3331,518.8408,0.0239,0.755,-0.0154,0.3373,0.2157,48.4924,3,0.4188
2026-09-04,VSAT,"ViaSat, Inc.",航空国防,通讯设备,ITA,75.32,Bad Market,,88.1014,89.4084,72.3827,0.0578,-0.1236,-0.108,0.1257,0.0702,17.0257,4,0.2
2026-09-04,VSH,"Vishay Intertechnology, Inc.",半导体,半导体,SOXX,31.8,Bad Market,,36.0035,36.6386,56.431,0.0666,-0.192,-0.2778,0.0671,0.2901,-19.7924,4,0.2
2026-09-04,VST,Vistra Corp.,公用电力,电力,XLU,149.3,Bad Market,,149.623,151.2566,149.9216,0.0365,1.4433,-0.1581,0.1894,0.054,1.335,3.5,0.2742
2026-09-04,VSXY,Victorias Secret & Co.,消费,服饰零售,XLY,75.56,Bad Market,,100.8674,102.2134,82.0229,0.0594,-2.8334,0.1009,0.2391,0.0241,20.1905,4,0.2
2026-09-04,VTR,"Ventas, Inc.",金融地产,医疗地产,XLRE,90.27,Bad Market,,94.7327,95.3302,94.5546,0.0221,-0.7671,-0.0236,0.1087,0.1262,0.7757,3,0.4532
2026-09-04,VTRS,Viatris Inc.,医疗健康,制药,XLV,16.88,Wait,,17.8188,17.9552,16.2692,0.0269,0.9505,-0.0205,0.1663,0.0933,1.686,3.5,0.3714
2026-09-04,VVX,"V2X, Inc.",航空国防,航空航天国防,ITA,74.18,Bad Market,,85.3118,86.2145,79.7083,0.0406,-1.7938,-0.0696,0.1201,0.1366,6.5062,3.5,0.2465
2026-09-04,VZ,Verizon Communications Inc.,通讯服务,电信,XLC,50.14,Bad Market,,51.0369,51.305,47.9087,0.0178,1.2257,-0.1538,0.4395,0.1382,3.3963,3,0.5
2026-09-04,WAB,Westinghouse Air Brake Technolo,工业,工业机械,XLI,282.86,Bad Market,,303.4786,305.4007,286.5693,0.0227,-1.6218,-0.0517,0.2233,0.0538,18.8314,3,0.4415
2026-09-04,WAY,Waystar Holding Corp.,软件,软件,IGV,25.07,Wait,,26.4907,26.8283,22.3017,0.0449,0.0498,-0.0197,0.1788,0.1935,4.5265,3.5,0.2228
2026-09-04,WBI,WaterBridge Infrastructure LLC,油气,油气设备服务,XLE,32.21,Wait,,33.8721,34.2365,31.9589,0.0377,0.2194,-0.1451,0.1343,0.0347,2.2776,3.5,0.2652
2026-09-04,WCC,"WESCO International, Inc.",工业,工业分销,XLI,351.46,Bad Market,,376.5946,380.2871,331.0207,0.035,0.1613,-0.0563,0.1435,0.0009,49.2663,3.5,0.2855
2026-09-04,WDAY,"Workday, Inc.",软件,软件,IGV,195.79,Wait,,208.9663,212.0358,165.9933,0.0523,0.1294,0.136,0.1893,0.2514,46.0426,4,0.2
2026-09-04,WDC,Western Digital Corporation,科技硬件,存储硬件,XLK,467.46,Wait,,542.6758,552.6745,612.9144,0.0713,0.1467,-0.1267,0.1331,0.1713,-60.2399,4,0.2
2026-09-04,WDS,Woodside Energy Group Limited,油气,油气勘探开发,XLE,22.77,Wait,,24.5577,24.7157,22.7501,0.0231,-1.1764,-0.0442,0.0907,0.1381,1.9656,3,0.4324
2026-09-04,WELL,Welltower Inc.,金融地产,医疗地产,XLRE,236.17,Bad Market,,243.9217,245.3912,237.3748,0.0207,-0.1495,-0.036,0.0226,0.2002,8.0164,3,0.4821
2026-09-04,WEN,Wendy's Company (The),消费,餐饮,XLY,8.03,Bad Market,,9.2048,9.332,7.4238,0.0528,-0.882,0.0025,0.0062,0.0678,1.9083,4,0.2
2026-09-04,WES,"Western Midstream Partners, LP",油气,油气中游,AMLP,49.54,Wait,,50.2747,50.5595,46.9517,0.0192,1.186,-0.026,0.3171,0.2174,3.6078,3,0.5
2026-09-04,WFC,Wells Fargo & Company,金融地产,银行,XLF,89.97,Wait,,90.159,90.6924,83.9358,0.0198,1.8169,-0.0777,0.0446,0.1151,6.7566,3,0.5
2026-09-04,WFRD,Weatherford International plc,油气,油气设备服务,XLE,95.88,Wait,,98.7288,99.805,85.2143,0.0374,0.9423,-0.0168,0.2015,0.0169,14.5907,3.5,0.2673
2026-09-04,WMB,"Williams Companies, Inc. (The)",油气,油气中游,AMLP,74.15,Wait,,75.9715,76.5615,71.0365,0.0265,0.4739,0.0376,0.1018,0.0514,5.525,3.5,0.377
2026-09-04,WMT,Walmart Inc.,消费,消费必需品,XLP,107.14,Wait,,117.0814,117.8428,111.806,0.0237,-0.7992,-0.0573,0.1604,0.1396,6.0368,3,0.4221
2026-09-04,WOLF,"Wolfspeed, Inc.",半导体,半导体,SOXX,28.35,Bad Market,,35.497,36.3026,46.6692,0.0947,-0.0916,-0.3468,0.0891,0.1778,-10.3666,4,0.2
2026-09-04,WPM,Wheaton Precious Metals Corp,矿业,金,GDX,154.98,Wait,,165.2698,167.0839,142.5558,0.039,1.4663,0.0767,0.3478,0.1707,24.5281,3.5,0.2563
2026-09-04,WT,"WisdomTree, Inc.",金融地产,资管,XLF,24.89,Wait,,25.2889,25.575,21.7024,0.0383,1.5719,0.1434,0.3129,0.274,3.8726,3.5,0.261
2026-09-04,WTTR,"Select Water Solutions, Inc.",油气,油气设备服务,XLE,20.06,Wait,,22.4606,22.7164,19.276,0.0425,-0.1026,0.0358,0.2296,0.0746,3.4404,3.5,0.2353
2026-09-04,WULF,TeraWulf Inc.,数据中心,数据中心,DTCR,16.51,Bad Market,,18.3268,18.712,23.8443,0.0778,0.3131,-0.2051,0.1079,0.2354,-5.1323,4,0.2
2026-09-04,WYFI,"WhiteFiber, Inc.",数据中心,数据中心,DTCR,19.54,Bad Market,,30.8393,31.5732,34.9847,0.1252,-1.2159,-0.2116,0.2361,0.129,-3.4115,4,0.2
2026-09-04,XE,"X-Energy, Inc.",公用电力,核能,NLR,17.71,Bad Market,,23.0579,23.5498,16.3219,0.0926,-1.0326,-0.1953,0.0641,0.1073,7.2279,4,0.2
2026-09-04,XEL,Xcel Energy Inc.,公用电力,电力,XLU,75.72,Bad Market,,80.0904,80.4987,78.1474,0.018,-1.3591,-0.104,0.1062,0.0441,2.3513,3,0.5
2026-09-04,XNDU,Xanadu Quantum Technologies Lim,科技硬件,量子计算,QTUM,9.72,Bad Market,,11.6632,11.8629,10.907,0.0685,-1.2339,-0.5876,0.2028,0.178,0.9559,4,0.2
2026-09-04,XOM,ExxonMobil Holdings Corporation,油气,综合油气,XLE,159.47,Wait,,167.7447,168.7649,155.9481,0.0213,-0.4798,-0.0632,0.1743,0.1861,12.8168,3,0.4689
2026-09-04,XP,XP Inc.,金融地产,资本市场,XLF,19.86,Wait,,20.1986,20.4154,17.4711,0.0364,3.8973,0.0516,0.3646,0.2621,2.9443,3.5,0.2749
2026-09-04,XYZ,"Block, Inc.",金融地产,支付,XLF,82.76,Wait,,85.6776,86.5572,74.5883,0.0354,0.5074,0.026,0.0396,0.1196,11.9688,3.5,0.2823
2026-09-04,YPF,YPF Sociedad Anonima,油气,综合油气,XLE,52.62,Wait,,54.4362,54.9824,47.5374,0.0346,1.0054,0.0192,0.1945,0.0353,7.445,3.5,0.289
2026-09-04,ZETA,Zeta Global Holdings Corp.,软件,软件,IGV,31.35,Wait,,32.9935,33.4513,27.3393,0.0487,1.3988,0.1013,0.2094,0.2949,6.1119,3.5,0.2055
2026-09-04,ZWS,Zurn Elkay Water Solutions Corp,工业,污水处理,XLI,47.61,Bad Market,,53.2361,53.556,49.9807,0.0224,-1.6044,-0.1409,0.4661,0.0209,3.5753,3,0.4464
2026-09-08,AA,Alcoa Corporation,矿业,铝加工,XME,51.74,Wait,,54.5974,55.2492,51.7654,0.042,0.4099,-0.1619,0.1362,0.1104,3.4838,3.5,0.2381
2026-09-08,AAOI,"Applied Optoelectronics, Inc.",科技硬件,光通信,XLK,111.55,Wait,,157.1732,160.598,125.5663,0.1023,-0.8373,-0.2246,0.0862,0.1167,35.0317,4,0.2
2026-09-08,AAPL,Apple Inc.,科技硬件,消费电子,XLK,316.22,Wait,,331.3722,333.6244,317.5575,0.0237,0.4103,0.0127,0.0525,0.0737,16.067,3,0.4212
2026-09-08,ABCL,AbCellera Biologics Inc.,医疗健康,生物制药,XBI,11.44,Wait,,12.6489,12.8723,9.5217,0.0651,0.2387,0.2106,0.4258,0.2734,3.3505,4,0.2
2026-09-08,ABNB,"Airbnb, Inc.",消费,在线旅游,XLY,174.54,Bad Market,,192.2454,193.8998,171.1992,0.0316,-1.8879,0.0947,0.2423,0.1862,22.7005,3.5,0.3165
2026-09-08,ABVX,Abivax SA,医疗健康,生物技术,XLV,118.95,Wait,,132.1195,133.4871,128.6946,0.0383,0.2394,-0.238,0.2441,0.1141,4.7925,3.5,0.2609
2026-09-08,ACGL,Arch Capital Group Ltd.,金融地产,保险,XLF,95.71,Wait,,102.0971,102.6831,100.6197,0.0204,-1.6159,-0.0462,0.1919,0.0689,2.0634,3,0.49
2026-09-08,ACLS,"Axcelis Technologies, Inc.",半导体,半导体,SOXX,119.17,Bad Market,,145.4965,147.5762,161.7201,0.0582,-0.9864,-0.1962,0.2071,0.2204,-14.1439,4,0.2
2026-09-08,ACMR,"ACM Research, Inc.",半导体,半导体设备,SOXX,76.91,Bad Market,,86.706,88.305,105.57,0.0693,-0.1621,-0.1692,0.0397,0.1388,-17.265,4,0.2
2026-09-08,ADI,"Analog Devices, Inc.",半导体,半导体,SOXX,363.2,Bad Market,,393.912,397.1932,407.1994,0.0301,-0.8584,-0.159,0.1493,0.188,-10.0062,3.5,0.3321
2026-09-08,ADM,Archer-Daniels-Midland Company,基础材料,农业,MOO,84.5,Wait,,86.225,87.0164,78.0865,0.0312,1.2122,0.1219,0.274,0.1619,8.93,3.5,0.3203
2026-09-08,AEHR,Aehr Test Systems,半导体,半导体材料,SOXX,90.79,Bad Market,,147.6326,150.6666,105.1576,0.1114,-1.1457,-0.0358,0.0601,0.0646,45.509,4,0.2
2026-09-08,AEM,Agnico Eagle Mines Limited,矿业,金,GDX,201.84,Wait,,226.1284,228.539,195.9861,0.0398,0.1755,0.0639,0.2782,0.1548,32.553,3.5,0.2512
2026-09-08,AES,The AES Corporation,公用电力,再生能源,XLU,14.83,Bad Market,,14.8255,14.8408,14.7068,0.0034,1.6551,-0.4499,0.2766,0.1391,0.134,3,0.5
2026-09-08,AEVA,"Aeva Technologies, Inc.",科技硬件,电子元件,XLK,16.25,Wait,,26.9355,27.4088,22.4093,0.0971,-1.6581,-0.2185,0.4185,0.1124,4.9995,4,0.2
2026-09-08,AG,First Majestic Silver Corp.,矿业,银,SIL,20.75,Wait,,21.9475,22.2536,18.1691,0.0492,0.4528,-0.0919,0.2739,0.0918,4.0845,3.5,0.2034
2026-09-08,AGI,Alamos Gold Inc.,矿业,金,GDX,36.45,Wait,,39.3845,39.8088,34.07,0.0388,0.4808,-0.1309,0.2645,0.0024,5.7388,3.5,0.2577
2026-09-08,AGRO,Adecoagro S.A.,基础材料,农业,MOO,12.24,Enter,0.6283,12.1424,12.2977,10.2077,0.0423,3.233,-0.0216,0.4458,0.2066,2.09,3.5,0.2364
2026-09-08,AHR,"American Healthcare REIT, Inc.",金融地产,医疗地产,XLRE,54.6,Bad Market,,57.706,58.0859,53.9211,0.0232,-0.5334,-0.074,0.0067,0.1905,4.1648,3,0.4312
2026-09-08,AIR,AAR Corp.,航空国防,航空航天国防,ITA,130.73,Bad Market,,155.0173,156.5713,135.5801,0.0396,-1.2255,-0.0373,0.2126,0.023,20.9912,3.5,0.2524
2026-09-08,AKAM,"Akamai Technologies, Inc.",软件,软件,IGV,105.61,Wait,,126.3461,127.8106,112.4341,0.0462,-1.4007,-0.1327,0.2083,0.121,15.3765,3.5,0.2163
2026-09-08,ALAB,"Astera Labs, Inc.",半导体,半导体,SOXX,288.85,Bad Market,,338.9899,346.2196,386.6232,0.0834,-0.398,-0.0984,0.2,0.1337,-40.4036,4,0.2
2026-09-08,ALB,Albemarle Corporation,基础材料,锂电池,XLB,129.57,Wait,,144.5457,146.3069,139.8027,0.0453,-0.7801,-0.1404,0.064,0.1999,6.5042,3.5,0.2207
2026-09-08,ALGM,"Allegro MicroSystems, Inc.",半导体,半导体,SOXX,36.47,Bad Market,,44.8451,45.5278,60.5175,0.0624,-1.0017,-0.2404,0.2873,0.2136,-14.9897,4,0.2
2026-09-08,ALKS,Alkermes plc,医疗健康,生物制药,XBI,45.49,Wait,,50.7349,51.1945,49.8576,0.0337,-2.0201,-0.0421,0.2072,0.0105,1.337,3.5,0.2969
2026-09-08,ALM,Almonty Industries Inc.,矿业,钨矿,XME,19.12,Wait,,19.176,19.545,14.0102,0.0643,1.9043,-0.0688,0.3818,0.0083,5.5348,4,0.2
2026-09-08,ALSN,"Allison Transmission Holdings, ",工业,工业机械,XLI,130.56,Bad Market,,134.5356,135.7661,118.8745,0.0314,0.8229,0.0246,0.3068,0.092,16.8916,3.5,0.3183
2026-09-08,AMAT,"Applied Materials, Inc.",半导体,半导体设备,SOXX,472.79,Bad Market,,552.8779,559.8883,641.2123,0.0494,-0.7135,-0.1751,0.2061,0.1193,-81.324,3.5,0.2023
2026-09-08,AMBQ,"Ambiq Micro, Inc.",半导体,半导体,SOXX,59.62,Bad Market,,68.6019,69.7148,75.6415,0.0622,-0.227,-0.1912,0.1309,0.1943,-5.9267,4,0.2
2026-09-08,AMD,"Advanced Micro Devices, Inc.",半导体,半导体,SOXX,505.74,Bad Market,,519.4474,526.4632,499.0588,0.0462,1.306,-0.1239,0.0673,0.0326,27.4045,3.5,0.2163
2026-09-08,AMGN,Amgen Inc.,医疗健康,制药,XLV,393.17,Wait,,448.0517,451.7024,401.5282,0.031,-3.145,0.2057,0.0797,0.1816,50.1742,3.5,0.3231
2026-09-08,AMKR,"Amkor Technology, Inc.",半导体,半导体材料,SOXX,50.72,Bad Market,,61.9718,62.9796,80.1135,0.0662,-0.1902,-0.2478,0.0834,0.2445,-17.134,4,0.2
2026-09-08,AMLX,"Amylyx Pharmaceuticals, Inc.",医疗健康,生物制药,XBI,33.88,Wait,,40.068,40.6801,31.4994,0.0602,0.874,0.3393,0.3162,0.3659,9.1807,4,0.2
2026-09-08,AMPX,"Amprius Technologies, Inc.",基础材料,锂电池,XLB,10.39,Wait,,12.6403,12.8357,13.5646,0.0627,-0.4053,-0.3856,0.1064,0.2155,-0.7289,4,0.2
2026-09-08,AMT,American Tower Corporation (REI,金融地产,通信铁塔,XLRE,175.73,Bad Market,,180.3273,181.6085,166.5685,0.0243,0.2792,-0.0621,0.1186,0.0024,15.0399,3,0.4115
2026-09-08,AMZN,"Amazon.com, Inc.",消费,互联网零售,XLY,256.97,Bad Market,,280.6597,282.6045,261.3309,0.0252,-0.8063,-0.0928,0.2041,0.0529,21.2736,3.5,0.3964
2026-09-08,ANAB,"AnaptysBio, Inc.",医疗健康,生物制药,XBI,56.6,Wait,,60.256,61.0817,60.177,0.0486,-0.2901,-0.1224,0.0766,0.0093,0.9047,3.5,0.2056
2026-09-08,ANDG,Andersen Group Inc.,金融地产,个性化服务,XLF,53.85,Wait,,57.9885,58.6699,49.5008,0.0422,0.9482,-0.0202,0.1719,0.2511,9.1691,3.5,0.2371
2026-09-08,ANET,"Arista Networks, Inc.",科技硬件,硬件,XLK,194.96,Wait,,212.4496,214.9035,181.8708,0.042,0.0549,-0.0452,0.0256,0.0879,33.0327,3.5,0.2383
2026-09-08,APA,APA Corporation,油气,油气勘探开发,XLE,43.55,Wait,,45.1355,45.5676,39.6583,0.0331,0.8407,0.0041,0.3622,0.2488,5.9093,3.5,0.3023
2026-09-08,APD,"Air Products and Chemicals, Inc",基础材料,化工,XLB,297.71,Wait,,312.4371,314.3177,295.384,0.0211,-1.2333,-0.0726,0.0319,0.0865,18.9336,3,0.4749
2026-09-08,APG,APi Group Corporation,工业,工业服务,XLI,40.2,Bad Market,,45.122,45.4651,40.7178,0.0284,-1.1522,-0.0806,0.0873,0.081,4.7473,3.5,0.3516
2026-09-08,APH,Amphenol Corporation,科技硬件,光通信,XLK,81.76,Wait,,86.2526,87.1016,78.2549,0.0346,0.2628,-0.0869,0.1106,0.0023,8.8467,3.5,0.2889
2026-09-08,APLD,Applied Digital Corporation,数据中心,数据中心,DTCR,28.31,Bad Market,,31.5974,32.1934,38.6428,0.0702,0.2119,-0.2665,0.0266,0.261,-6.4494,4,0.2
2026-09-08,APP,Applovin Corporation,软件,广告技术,IGV,312.01,Wait,,350.1991,355.2977,496.6281,0.0545,-0.0545,-0.3115,0.1597,0.2286,-141.3304,4,0.2
2026-09-08,APPS,"Digital Turbine, Inc.",软件,软件,IGV,11.3,Wait,,14.5575,14.8087,11.0402,0.0741,-0.1875,0.0488,0.3402,0.0912,3.7685,4,0.2
2026-09-08,AR,Antero Resources Corporation,油气,油气勘探生产,XLE,39.08,Wait,,40.2008,40.5132,36.1655,0.0266,0.9887,-0.0816,0.4012,0.1956,4.3476,3.5,0.3753
2026-09-08,ARM,Arm Holdings plc,半导体,半导体,SOXX,261.53,Bad Market,,289.9864,294.9459,373.3328,0.0632,0.4954,-0.1889,0.1758,0.2897,-78.3869,4,0.2
2026-09-08,ARMK,Aramark,消费,餐饮服务,XLY,57.58,Bad Market,,62.9658,63.3175,58.8726,0.0204,-1.2068,-0.0104,0.0724,0.135,4.445,3,0.4911
2026-09-08,AROC,"Archrock, Inc.",油气,油气中游,AMLP,33.36,Wait,,35.0236,35.3725,37.8799,0.0349,0.7533,-0.0705,0.001,0.0958,-2.5074,3.5,0.2869
2026-09-08,ARQQ,Arqit Quantum Inc.,半导体,半导体,SOXX,22.59,Bad Market,,24.7355,25.2537,22.8107,0.0765,0.559,-0.1296,0.0653,0.0252,2.443,4,0.2
2026-09-08,ARW,"Arrow Electronics, Inc.",科技硬件,电子元器,XLK,217.41,Wait,,224.4641,226.6285,209.5784,0.0332,1.2405,-0.0149,0.0517,0.066,17.0501,3.5,0.3013
2026-09-08,ARXS,"Arxis, Inc.",航空国防,航空航天国防,ITA,53.19,Bad Market,,60.5219,61.2502,51.493,0.0456,-0.6008,-0.058,0.2442,0.1347,9.7572,3.5,0.2191
2026-09-08,ASC,Ardmore Shipping Corporation,航运,海运,SEA,17.99,Wait,,18.5799,18.7785,16.0835,0.0368,0.5273,-0.0223,0.1384,0.0424,2.6949,3.5,0.2718
2026-09-08,ASTS,"AST SpaceMobile, Inc.",航空国防,通讯设备,ITA,66.12,Bad Market,,75.2249,76.5974,70.561,0.0692,0.2337,-0.2998,0.0224,0.0829,6.0364,4,0.2
2026-09-08,ASX,"ASE Technology Holding Co., Ltd",半导体,半导体,SOXX,39.79,Bad Market,,40.3079,40.8329,38.9955,0.044,1.2127,-0.0885,0.1551,0.0104,1.8373,3.5,0.2274
2026-09-08,ATRO,Astronics Corporation,航空国防,航空航天国防,ITA,76.0,Bad Market,,94.21,95.332,80.3601,0.0492,-0.9437,-0.0267,0.0007,0.0379,14.9719,3.5,0.2032
2026-09-08,AU,AngloGold Ashanti PLC,矿业,金,GDX,107.83,Wait,,124.4683,125.7883,107.9903,0.0408,-0.141,-0.029,0.2886,0.1227,17.798,3.5,0.2451
2026-09-08,AUGO,Aura Minerals Inc.,矿业,金,GDX,85.31,Wait,,91.3836,92.7541,72.1976,0.0535,0.5552,0.0118,0.332,0.1527,20.5565,4,0.2
2026-09-08,AVAH,Aveanna Healthcare Holdings Inc,医疗健康,医疗服务,XLV,13.66,Wait,,13.9566,14.126,11.8437,0.0413,1.9596,0.2082,0.5642,0.4275,2.2823,3.5,0.2419
2026-09-08,AVGO,Broadcom Inc.,半导体,半导体,SOXX,368.56,Bad Market,,431.4456,435.3916,381.7239,0.0357,-0.7423,-0.1327,0.3724,0.1012,53.6676,3.5,0.2802
2026-09-08,AVNT,Avient Corporation,基础材料,化工,XLB,42.61,Wait,,46.7661,47.1842,41.4627,0.0327,-1.347,0.0262,0.0025,0.108,5.7214,3.5,0.3058
2026-09-08,AVT,"Avnet, Inc.",科技硬件,电子元器,XLK,92.42,Wait,,99.5542,100.5477,87.0392,0.0358,0.212,0.0534,0.1197,0.0098,13.5085,3.5,0.2791
2026-09-08,AVTR,"Avantor, Inc.",医疗健康,生命科学工具,XLV,15.25,Wait,,15.3425,15.4872,13.5016,0.0316,2.1394,0.0219,0.4199,0.3757,1.9856,3.5,0.3161
2026-09-08,AXP,American Express Company,金融地产,支付,XLF,326.1,Wait,,347.1219,348.9471,343.3184,0.0187,-1.535,-0.1557,0.2813,0.0569,5.6286,3,0.5
2026-09-08,AXTI,AXT Inc,半导体,半导体,SOXX,69.56,Bad Market,,97.5859,100.0097,63.6523,0.1162,-0.0285,-0.1526,0.0472,0.0512,36.3574,4,0.2
2026-09-08,B,Barrick Mining Corporation,矿业,金,GDX,44.1,Wait,,49.311,49.788,43.3054,0.0361,-0.1865,-0.0246,0.1018,0.0721,6.4825,3.5,0.2774
2026-09-08,BA,Boeing Company (The),航空国防,航空航天国防,ITA,210.73,Bad Market,,236.5273,237.9894,225.5686,0.0231,-1.4727,-0.1958,0.4671,0.0652,12.4208,3,0.4324
2026-09-08,BAC,Bank of America Corporation,金融地产,银行,XLF,62.39,Wait,,65.3385,65.6555,61.6393,0.0169,-0.5213,-0.0557,0.0522,0.1969,4.0163,3,0.5
2026-09-08,BALL,Ball Corporation,基础材料,包装容器纸制品,XLB,61.02,Wait,,65.0302,65.413,63.0621,0.0209,-1.4487,-0.1049,0.1796,0.0878,2.3509,3,0.4782
2026-09-08,BAM,Brookfield Asset Management Inc,金融地产,资管,XLF,48.87,Wait,,56.3487,56.7619,51.0393,0.0282,-2.4943,-0.0056,0.2242,0.0324,5.7226,3.5,0.3548
2026-09-08,BB,BlackBerry Limited,软件,软件,IGV,7.87,Wait,,9.0743,9.2007,11.1247,0.0535,-0.9411,-0.1698,0.1991,0.0296,-1.9241,4,0.2
2026-09-08,BBIO,"BridgeBio Pharma, Inc.",医疗健康,生物科技,XBI,74.76,Wait,,85.4176,86.1453,81.6799,0.0324,-2.1719,-0.1456,0.3972,0.1184,4.4655,3.5,0.3082
2026-09-08,BBVA,Banco Bilbao Vizcaya Argentaria,金融地产,银行,XLF,29.29,Wait,,29.8527,29.9802,28.3641,0.0145,1.0016,-0.1841,0.2668,0.2707,1.6162,3,0.5
2026-09-08,BBY,"Best Buy Co., Inc.",消费,电子零售,XLY,89.33,Bad Market,,91.1633,92.1811,78.3954,0.038,1.1617,0.1819,0.2349,0.1739,13.7858,3.5,0.2633
2026-09-08,BCPC,Balchem Corporation,基础材料,化工,XLB,170.56,Wait,,182.9856,184.118,169.9564,0.0221,-1.828,-0.0247,0.2631,0.0492,14.1616,3,0.4519
2026-09-08,BCS,Barclays PLC,金融地产,银行,XLF,26.8,Wait,,28.4134,28.5534,27.1596,0.0174,-0.7926,-0.2109,0.2624,0.0218,1.3938,3,0.5
2026-09-08,BDC,Belden Inc,科技硬件,网络基础,XLK,122.05,Wait,,139.2505,140.6168,122.0898,0.0373,-0.572,-0.0364,0.1274,0.0085,18.527,3.5,0.268
2026-09-08,BE,Bloom Energy Corporation,公用电力,电力,GRID,277.22,Bad Market,,256.8908,262.922,265.434,0.0725,2.9188,-0.1132,0.2614,0.0711,-2.512,4,0.2
2026-09-08,BELFB,Bel Fuse Inc.,科技硬件,电子元件,XLK,247.76,Wait,,300.3936,304.1191,283.3672,0.0501,-1.296,-0.143,0.3291,0.0978,20.7519,4,0.2
2026-09-08,BEPC,Brookfield Renewable Corporatio,公用电力,电力,XLU,32.56,Bad Market,,36.1956,36.4698,34.7412,0.0281,-0.8523,-0.1632,0.0697,0.1874,1.7286,3.5,0.3563
2026-09-08,BG,Bunge Limited,基础材料,农业,MOO,123.89,Wait,,124.0989,125.405,108.6425,0.0351,2.0824,0.1139,0.3344,0.1052,16.7625,3.5,0.2846
2026-09-08,BHE,"Benchmark Electronics, Inc.",科技硬件,解决方案,XLK,73.92,Wait,,84.9092,85.8237,88.0009,0.0412,-0.4086,-0.1429,0.2976,0.1583,-2.1772,3.5,0.2425
2026-09-08,BHP,BHP Group Limited,矿业,金属采矿,XME,91.99,Wait,,99.6099,100.3506,90.0489,0.0268,-0.2499,0.0316,0.1373,0.0521,10.3017,3.5,0.3726
2026-09-08,BKH,Black Hills Corporation,公用电力,天然气/电力,XLU,74.19,Bad Market,,75.3439,75.7603,71.8765,0.0187,0.811,-0.1174,0.1008,0.0367,3.8838,3,0.5
2026-09-08,BKNG,Booking Holdings Inc. Common St,消费,在线旅游,XLY,180.3,Bad Market,,216.223,218.2969,190.2243,0.0383,-3.8328,0.0351,0.3301,0.0401,28.0726,3.5,0.2608
2026-09-08,BKR,Baker Hughes Company,油气,油气设备服务,XLE,63.92,Wait,,65.5392,66.0156,60.136,0.0248,0.2749,-0.0936,0.079,0.124,5.8796,3,0.4025
2026-09-08,BKV,BKV Corporation,油气,油气勘探开发,XLE,26.76,Wait,,26.9976,27.2998,23.8338,0.0376,1.3191,-0.0238,0.2469,0.0838,3.4661,3.5,0.2656
2026-09-08,BLK,"BlackRock, Inc.",金融地产,资管,XLF,1095.37,Wait,,1193.7937,1200.8605,1112.1721,0.0215,-2.4215,-0.0758,0.1185,0.0538,88.6883,3,0.465
2026-09-08,BLZE,"Backblaze, Inc.",软件,软件,IGV,13.89,Wait,,20.6579,20.9998,15.8713,0.0821,-2.171,0.0546,0.3344,0.1301,5.1286,4,0.2
2026-09-08,BMY,Bristol-Myers Squibb Company,医疗健康,制药,XLV,64.69,Wait,,68.7369,69.2094,63.3651,0.0243,-0.9587,0.0264,0.0293,0.2134,5.8443,3,0.4107
2026-09-08,BNTX,BioNTech SE,医疗健康,生物技术,XBI,98.66,Wait,,117.5566,118.8462,101.5246,0.0436,-0.956,0.2022,0.1196,0.0781,17.3216,3.5,0.2295
2026-09-08,BOX,"Box, Inc.",软件,软件,IGV,34.3,Wait,,36.303,36.6601,31.7934,0.0347,0.4624,0.0939,0.1663,0.2761,4.8667,3.5,0.2881
2026-09-08,BP,BP p.l.c.,油气,综合油气,XLE,44.88,Wait,,45.5888,45.8987,42.1208,0.023,1.5067,-0.0007,0.2059,0.1512,3.7779,3,0.4344
2026-09-08,BRK.B,Berkshire Hathaway Inc. New,金融地产,多元金融,XLF,505.83,Wait,,532.4536,534.2738,511.2181,0.012,0.0687,-0.1046,0.2476,0.0843,23.0558,3,0.5
2026-09-08,BRKR,Bruker Corporation,医疗健康,生命科学工具,XLV,58.37,Wait,,60.5037,61.2953,55.1042,0.0452,0.1575,-0.0087,0.2496,0.0125,6.1912,3.5,0.2212
2026-09-08,BRZE,"Braze, Inc.",软件,软件,IGV,30.31,Wait,,34.8549,35.3423,28.0313,0.0536,-0.4118,0.0522,0.2166,0.2205,7.311,4,0.2
2026-09-08,BTSG,"BrightSpring Health Services, I",医疗健康,医疗健康,XLV,62.56,Wait,,63.0556,63.798,64.2491,0.0396,1.1024,0.0071,0.0677,0.0461,-0.4511,3.5,0.2528
2026-09-08,BTU,Peabody Energy Corporation,油气,煤矿,XLE,29.45,Wait,,29.9845,30.3731,25.1569,0.044,1.8357,-0.0231,0.3713,0.1479,5.2162,3.5,0.2274
2026-09-08,BUD,Anheuser-Busch Inbev SA Sponsor,消费,消费必需品,XLP,79.73,Bad Market,,84.6532,85.0631,82.3809,0.0171,0.3154,-0.0996,0.2485,0.0194,2.6822,3,0.5
2026-09-08,BVN,Buenaventura Mining Company Inc,矿业,金,GDX,34.16,Wait,,36.6416,37.074,31.255,0.0422,-0.2879,-0.082,0.1192,0.0411,5.819,3.5,0.237
2026-09-08,BWLP,BW LPG Limited,航运,海运,SEA,23.91,Wait,,25.0991,25.3529,21.8992,0.0354,0.412,0.1486,0.2586,0.2372,3.4537,3.5,0.2826
2026-09-08,BWXT,"BWX Technologies, Inc.",航空国防,航空航天国防,ITA,160.41,Bad Market,,174.8241,176.6572,188.6143,0.0381,-0.0573,-0.1544,0.0868,0.2196,-11.9571,3.5,0.2625
2026-09-08,C,"Citigroup, Inc.",金融地产,银行,XLF,136.74,Wait,,140.6974,141.5715,136.9295,0.0213,0.675,-0.1093,0.0995,0.0645,4.6419,3,0.4693
2026-09-08,CAH,"Cardinal Health, Inc.",医疗健康,医药分销,XLV,240.49,Wait,,251.0149,252.6412,232.3468,0.0225,0.6891,-0.0056,0.0458,0.1211,20.2945,3,0.4436
2026-09-08,CAKE,The Cheesecake Factory Incorpor,消费,餐饮,XLY,107.21,Bad Market,,118.3621,119.4681,104.3872,0.0344,-0.9562,0.1524,0.002,0.2951,15.0809,3.5,0.2908
2026-09-08,CALM,"Cal-Maine Foods, Inc.",基础材料,农业,MOO,74.83,Wait,,85.8283,86.5884,84.6327,0.0339,-2.3766,-0.0479,0.426,0.0381,1.9556,3.5,0.2954
2026-09-08,CAMT,Camtek Ltd.,半导体,半导体,SOXX,147.01,Bad Market,,175.9974,178.6936,159.7714,0.0611,-0.3316,-0.1398,0.0233,0.1481,18.9222,4,0.2
2026-09-08,CART,Maplebear Inc.,消费,互联网零售,XLY,48.0,Bad Market,,52.26,52.782,45.6898,0.0363,-1.3416,-0.0234,0.1284,0.072,7.0922,3.5,0.2759
2026-09-08,CAT,"Caterpillar, Inc.",工业,工业机械,XLI,822.48,Bad Market,,889.8748,897.942,970.7832,0.0327,-0.0457,-0.1496,0.1336,0.1546,-72.8412,3.5,0.3059
2026-09-08,CB,Chubb Limited,金融地产,保险,XLF,336.64,Wait,,356.9903,358.7665,345.738,0.0176,-1.0346,-0.0816,0.2634,0.0567,13.0286,3,0.5
2026-09-08,CBRS,Cerebras Systems Inc.,半导体,半导体,SOXX,199.77,Bad Market,,265.7483,271.2807,188.2945,0.0923,-0.3639,-0.2128,0.0422,0.0492,82.9861,4,0.2
2026-09-08,CCJ,Cameco Corporation,矿业,铀,URA,101.97,Wait,,108.3797,109.5625,95.0909,0.0387,0.5385,-0.1363,0.1913,0.042,14.4715,3.5,0.2586
2026-09-08,CDE,"Coeur Mining, Inc.",矿业,银,SIL,20.66,Wait,,22.4197,22.7342,18.0161,0.0507,0.3357,-0.0504,0.3561,0.0973,4.7182,4,0.2
2026-09-08,CDNA,"CareDx, Inc.",医疗健康,诊断检测,XLV,50.31,Wait,,52.8631,53.5691,44.1233,0.0468,0.7732,0.2403,0.2644,0.3763,9.4458,3.5,0.2138
2026-09-08,CDW,CDW Corporation,科技硬件,IT,XLK,144.48,Wait,,155.3648,157.4043,130.2055,0.0471,0.3812,0.1211,0.0328,0.0845,27.1989,3.5,0.2125
2026-09-08,CEG,Constellation Energy Corporatio,公用电力,核电,XLU,299.05,Bad Market,,301.9505,304.973,263.6974,0.0337,2.0235,-0.0644,0.3904,0.0987,41.2756,3.5,0.2968
2026-09-08,CELC,Celcuity Inc.,医疗健康,生物技术,XBI,93.02,Wait,,97.3602,98.687,100.2403,0.0475,0.2058,-0.2378,0.0044,0.0328,-1.5533,3.5,0.2103
2026-09-08,CENX,Century Aluminum Company,基础材料,铝,XLB,47.95,Wait,,52.7818,53.5194,42.4549,0.0513,0.6398,-0.1539,0.0789,0.0579,11.0644,4,0.2
2026-09-08,CF,"CF Industries Holdings, Inc.",基础材料,化肥,MOO,134.33,Wait,,140.6133,142.1729,121.0749,0.0387,1.6387,0.0651,0.3049,0.2512,21.0979,3.5,0.2584
2026-09-08,CFR,"Cullen/Frost Bankers, Inc.",金融地产,银行,XLF,163.61,Wait,,171.6448,172.5836,160.6915,0.0191,-0.2486,0.0091,0.0473,0.2336,11.8921,3,0.5
2026-09-08,CGAU,Centerra Gold Inc.,矿业,金,GDX,22.84,Wait,,24.4784,24.7488,21.0948,0.0395,0.2374,0.0317,0.2498,0.2287,3.654,3.5,0.2534
2026-09-08,CGNX,Cognex Corporation,工业,工业设备,XLI,62.23,Bad Market,,68.0023,68.7145,64.1115,0.0381,0.2317,-0.1243,0.1555,0.0411,4.6029,3.5,0.2621
2026-09-08,CGON,"CG Oncology, Inc.",医疗健康,生物技术,XLV,73.4,Wait,,81.414,82.3195,70.1162,0.0411,-1.1162,-0.0673,0.0481,0.1257,12.2032,3.5,0.2432
2026-09-08,CHRD,Chord Energy Corporation,油气,油气勘探开发,XLE,147.61,Wait,,151.8861,153.2381,134.637,0.0305,0.8291,-0.0511,0.2887,0.1724,18.6011,3.5,0.3275
2026-09-08,CHRN,ChronoScale Holdings Corporatio,数据中心,数据中心,DTCR,21.06,Bad Market,,24.5648,25.262,20.3337,0.1104,0.0648,-0.019,0.0467,0.0298,4.9283,4,0.2
2026-09-08,CHYM,"Chime Financial, Inc.",金融地产,消费金融,XLF,32.31,Wait,,34.0831,34.4973,28.9276,0.0427,-0.1608,0.0527,0.0672,0.3798,5.5697,3.5,0.234
2026-09-08,CIEN,Ciena Corporation,科技硬件,光通信,XLK,341.29,Wait,,450.4714,458.4084,384.7328,0.0775,-1.8316,-0.1022,0.1784,0.0993,73.6755,4,0.2
2026-09-08,CIFR,Cipher Digital Inc.,数据中心,数据中心,DTCR,18.51,Bad Market,,18.8528,19.3821,22.1233,0.0953,1.1571,-0.149,0.0143,0.149,-2.7413,4,0.2
2026-09-08,CL,Colgate-Palmolive Company,消费,消费必需品,XLP,88.41,Bad Market,,94.135,94.6541,89.9398,0.0196,-1.556,-0.1213,0.2705,0.0181,4.7143,3,0.5
2026-09-08,CLBK,"Columbia Financial, Inc.",金融地产,银行,XLF,11.63,Wait,,11.9363,12.0087,11.0956,0.0208,0.0569,0.0152,0.3278,0.3839,0.9131,3,0.4816
2026-09-08,CLF,Cleveland-Cliffs Inc.,基础材料,钢铁,XLB,12.29,Wait,,12.6239,12.8098,10.1716,0.0504,0.7368,-0.0433,0.0106,0.0006,2.6382,4,0.2
2026-09-08,CLH,"Clean Harbors, Inc.",工业,环境服务,XLI,317.13,Bad Market,,329.2213,331.152,307.033,0.0203,0.1057,-0.0945,0.1457,0.1696,24.119,3,0.4928
2026-09-08,CLMT,"Calumet, Inc",油气,燃料油,XLE,53.91,Wait,,54.0391,54.7122,45.6476,0.0416,2.2449,0.2087,0.3673,0.3752,9.0645,3.5,0.2403
2026-09-08,CLS,"Celestica, Inc.",科技硬件,电子元件,XLK,329.97,Wait,,351.6303,357.6307,296.8347,0.0606,0.9615,-0.1222,0.0674,0.0579,60.7959,4,0.2
2026-09-08,CLSK,"CleanSpark, Inc.",数据中心,数据中心,DTCR,13.48,Bad Market,,13.1556,13.4641,13.3375,0.0763,1.4381,-0.1102,0.0597,0.1024,0.1265,4,0.2
2026-09-08,CM,Canadian Imperial Bank of Comme,金融地产,银行,XLF,116.86,Wait,,124.9086,125.6571,116.2548,0.0214,-0.4226,0.097,0.0483,0.0711,9.4024,3,0.4684
2026-09-08,CMBT,CMB.TECH NV,航运,海运,SEA,19.23,Wait,,19.6823,19.8514,17.517,0.0293,2.55,0.0713,0.4913,0.2896,2.3345,3.5,0.3411
2026-09-08,CMG,"Chipotle Mexican Grill, Inc.",消费,餐饮,XLY,36.96,Bad Market,,38.8896,39.246,34.3618,0.0321,1.082,-0.0461,0.2445,0.0976,4.8843,3.5,0.3111
2026-09-08,CNH,CNH Industrial N.V.,工业,工业机械,XLI,13.6,Bad Market,,14.536,14.7106,12.3628,0.0428,3.5761,0.2149,0.3567,0.1987,2.3478,3.5,0.2337
2026-09-08,CNP,"CenterPoint Energy, Inc (Holdin",公用电力,电力,XLU,40.12,Bad Market,,41.2156,41.447,42.7262,0.0192,0.352,-0.0627,0.0798,0.1176,-1.2792,3,0.5
2026-09-08,CNQ,Canadian Natural Resources Limi,油气,油气勘探开发,XLE,50.9,Wait,,52.319,52.693,48.0699,0.0245,1.0127,0.0142,0.401,0.2543,4.6231,3,0.4083
2026-09-08,COHR,Coherent Corp.,科技硬件,光通信,XLK,301.88,Wait,,383.9025,391.0613,330.0298,0.079,0.1114,-0.1234,0.0914,0.0969,61.0315,4,0.2
2026-09-08,COIN,"Coinbase Global, Inc.",金融地产,加密金融,XLF,178.94,Wait,,194.9225,198.2562,148.2504,0.0621,0.8067,0.0065,0.2022,0.0456,50.0058,4,0.2
2026-09-08,COP,ConocoPhillips,油气,油气勘探开发,XLE,135.04,Wait,,138.5504,139.4679,128.0254,0.0226,1.375,-0.0363,0.4518,0.2824,11.4424,3,0.4416
2026-09-08,CORT,Corcept Therapeutics Incorporat,医疗健康,生物制药,XBI,113.98,Wait,,124.7098,126.141,106.8723,0.0419,-0.4217,0.1551,0.1409,0.2479,19.2687,3.5,0.2389
2026-09-08,CORZ,"Core Scientific, Inc.",数据中心,数据中心,DTCR,18.73,Bad Market,,21.3024,21.6811,24.111,0.0674,0.3506,-0.1522,0.1752,0.2158,-2.4299,4,0.2
2026-09-08,COST,Costco Wholesale Corporation,消费,消费必需品,XLP,910.18,Bad Market,,979.7368,984.7389,924.0093,0.0183,-2.2198,-0.0994,0.1978,0.0818,60.7296,3,0.5
2026-09-08,CP,Canadian Pacific Kansas City Li,工业,铁路,IYT,91.13,Bad Market,,97.6013,98.1709,90.9939,0.0208,-1.0352,0.0028,0.0399,0.0998,7.177,3,0.48
2026-09-08,CPAY,"Corpay, Inc.",金融地产,支付,XLF,407.05,Wait,,429.3105,432.313,395.2148,0.0246,-0.3774,-0.0757,0.0758,0.1945,37.0982,3,0.4067
2026-09-08,CRBG,Corebridge Financial Inc.,金融地产,保险,XLF,33.75,Wait,,35.0875,35.3432,31.7665,0.0253,0.7573,-0.0454,0.0234,0.1716,3.5767,3.5,0.3959
2026-09-08,CRC,California Resources Corporatio,油气,油气勘探开发,XLE,55.57,Too High,,54.7757,55.2309,49.9899,0.0273,1.5499,-0.1316,0.2119,0.0066,5.2409,3.5,0.3663
2026-09-08,CRDO,Credo Technology Group Holding ,半导体,半导体,SOXX,167.75,Bad Market,,286.5483,292.1408,227.9537,0.1111,-3.3087,-0.0536,0.2487,0.1469,64.1871,4,0.2
2026-09-08,CRGY,Crescent Energy Company,油气,油气勘探开发,XLE,14.19,Wait,,14.4119,14.5532,12.6213,0.0332,1.9583,0.0108,0.44,0.2696,1.9319,3.5,0.3012
2026-09-08,CRL,Charles River Laboratories Inte,医疗健康,CRO,XLV,280.76,Wait,,301.3876,304.2377,265.3288,0.0338,-0.8178,0.0428,0.1539,0.3612,38.9089,3.5,0.2955
2026-09-08,CRM,"Salesforce, Inc.",软件,软件,IGV,249.12,Wait,,266.9212,270.0829,227.5431,0.0423,2.676,0.1911,0.469,0.3608,42.5398,3.5,0.2364
2026-09-08,CROX,"Crocs, Inc.",消费,服饰鞋类,XLY,114.35,Bad Market,,139.3335,140.6029,126.3807,0.037,-2.4654,-0.0726,0.4284,0.0725,14.2222,3.5,0.2703
2026-09-08,CRUS,"Cirrus Logic, Inc.",半导体,半导体,SOXX,110.76,Bad Market,,126.0276,127.1504,152.3111,0.0338,-1.2108,-0.2358,0.4297,0.4644,-25.1607,3.5,0.2959
2026-09-08,CRWD,"CrowdStrike Holdings, Inc.",软件,软件,IGV,210.02,Wait,,233.411,237.0275,182.7798,0.0574,-0.0449,0.2564,0.0149,0.116,54.2478,4,0.2
2026-09-08,CRWV,"CoreWeave, Inc.",数据中心,数据中心,DTCR,99.83,Bad Market,,109.0839,111.1148,90.8713,0.0678,1.3017,-0.1042,0.1825,0.0792,20.2435,4,0.2
2026-09-08,CSCO,"Cisco Systems, Inc.",科技硬件,通讯,XLK,109.17,Wait,,124.9717,125.7832,115.7649,0.0248,-1.2495,-0.1563,0.3455,0.1046,10.0183,3,0.4036
2026-09-08,CSTM,Constellium SE,基础材料,铝加工,XLB,27.48,Wait,,30.1948,30.5136,30.8807,0.0387,-0.2249,-0.1517,0.103,0.1894,-0.3671,3.5,0.2586
2026-09-08,CSX,CSX Corporation,工业,铁路/联运,IYT,49.0,Bad Market,,52.25,52.5517,50.2131,0.0205,-1.4066,0.0277,0.2168,0.1299,2.3385,3,0.4873
2026-09-08,CTVA,"Corteva, Inc.",基础材料,农业,MOO,85.9,Wait,,90.829,91.5665,81.9056,0.0286,1.8248,0.1439,0.4021,0.1059,9.6609,3.5,0.3494
2026-09-08,CVE,Cenovus Energy Inc,油气,综合油气,XLE,33.19,Wait,,33.4619,33.7526,29.7391,0.0292,1.5028,0.0315,0.4434,0.2743,4.0135,3.5,0.3426
2026-09-08,CVX,Chevron Corporation,油气,综合油气,XLE,209.8,Wait,,213.7725,214.968,199.8248,0.019,1.6459,-0.0379,0.4568,0.2887,15.1432,3,0.5
2026-09-08,CWEN,"Clearway Energy, Inc.",公用电力,电力,XLU,33.11,Bad Market,,34.8311,35.1049,34.2258,0.0276,0.3512,-0.1354,0.0311,0.1736,0.8791,3.5,0.3628
2026-09-08,CXW,"CoreCivic, Inc.",工业,工业服务,XLI,35.05,Bad Market,,35.0605,35.4738,29.8886,0.0393,1.2733,0.1402,0.1852,0.1958,5.5852,3.5,0.2544
2026-09-08,D,"Dominion Energy, Inc.",公用电力,电力,XLU,66.22,Bad Market,,69.3276,69.6622,68.3444,0.0168,-0.8747,-0.0822,0.0599,0.0746,1.3178,3,0.5
2026-09-08,DAL,"Delta Air Lines, Inc.",工业,航空运输,IYT,78.96,Bad Market,,92.7696,93.4391,85.8491,0.0283,-2.0812,-0.1145,0.4216,0.0655,7.59,3.5,0.3538
2026-09-08,DAR,Darling Ingredients Inc.,基础材料,化工,XLB,67.11,Wait,,69.0111,69.849,58.5645,0.0416,0.6915,0.2023,0.213,0.205,11.2845,3.5,0.2403
2026-09-08,DAVE,Dave Inc.,金融地产,消费金融,XLF,376.38,Wait,,395.3697,402.1342,352.3362,0.0599,1.2001,0.0307,0.0403,0.0913,49.798,4,0.2
2026-09-08,DB,Deutsche Bank AG,金融地产,银行,XLF,41.06,Wait,,41.9019,42.107,39.5086,0.0167,2.8137,-0.146,0.3965,0.1931,2.5984,3,0.5
2026-09-08,DBD,Diebold Nixdorf Incorporated,科技硬件,硬件,XLK,67.08,Wait,,76.0508,76.7924,82.0974,0.0369,-0.8048,-0.1217,0.3159,0.2151,-5.3049,3.5,0.2713
2026-09-08,DBX,"Dropbox, Inc.",软件,软件,IGV,33.81,Wait,,36.2681,36.6123,31.9144,0.0339,-0.7269,0.0816,0.0523,0.2296,4.6979,3.5,0.2947
2026-09-08,DDOG,"Datadog, Inc.",软件,软件,IGV,210.23,Wait,,263.3835,267.2887,236.0804,0.0619,-1.9233,0.038,0.1132,0.0314,31.2083,4,0.2
2026-09-08,DE,Deere & Company,工业,工业机械,XLI,680.73,Bad Market,,705.1773,711.0169,630.2408,0.0286,2.3749,0.0752,0.2512,0.1522,80.7762,3.5,0.3497
2026-09-08,DELL,Dell Technologies Inc.,科技硬件,硬件,XLK,533.88,Enter,0.366,530.4277,539.8593,398.3861,0.0589,2.1555,0.1608,0.266,0.1317,141.4732,4,0.2
2026-09-08,DEO,Diageo plc,消费,消费必需品,XLP,87.14,Bad Market,,97.9814,98.5568,91.3564,0.022,-3.1368,-0.0571,0.1804,0.0862,7.2004,3,0.4544
2026-09-08,DGII,Digi International Inc.,科技硬件,通讯设备,XLK,69.91,Wait,,85.9391,86.8234,74.9233,0.0422,-2.4949,0.0272,0.4058,0.0098,11.9,3.5,0.2372
2026-09-08,DGX,Quest Diagnostics Incorporated,医疗健康,诊断检测,XLV,235.5,Wait,,247.355,248.8909,229.6408,0.0217,-0.8513,0.0144,0.0837,0.3169,19.2501,3,0.46
2026-09-08,DHR,Danaher Corporation,医疗健康,生命科学工具,XLV,205.23,Wait,,220.9023,222.7759,196.9912,0.0304,-0.8013,0.0323,0.0823,0.1531,25.7847,3.5,0.3286
2026-09-08,DHT,"DHT Holdings, Inc.",航运,海运,SEA,20.82,Wait,,21.0782,21.2839,18.4706,0.0329,2.04,-0.0137,0.293,0.0906,2.8133,3.5,0.3037
2026-09-08,DINO,HF Sinclair Corporation,油气,炼油,XLE,108.31,Enter,0.9551,107.2331,108.3606,92.9959,0.0347,3.2163,0.1773,0.5769,0.4505,15.3647,3.5,0.2882
2026-09-08,DIOD,Diodes Incorporated,半导体,半导体,SOXX,90.92,Bad Market,,108.5979,110.1547,102.0022,0.0571,-0.78,-0.1169,0.0947,0.1326,8.1525,4,0.2
2026-09-08,DIS,Walt Disney Company (The),通讯服务,影视娱乐,XLC,105.06,Bad Market,,112.3006,112.969,104.5658,0.0212,-0.6842,-0.0273,0.0128,0.015,8.4032,3,0.4715
2026-09-08,DK,"Delek US Holdings, Inc.",油气,炼油,XLE,75.67,Enter,0.4089,75.1644,76.4009,57.8524,0.0545,1.6737,0.2758,0.3594,0.3347,18.5485,4,0.2
2026-09-08,DLR,"Digital Realty Trust, Inc.",金融地产,房地产,XLRE,189.5,Bad Market,,202.045,203.6169,181.8111,0.0277,-0.3626,0.0339,0.0605,0.0086,21.8058,3.5,0.3617
2026-09-08,DLTR,"Dollar Tree, Inc.",消费,消费必需品,XLP,124.04,Bad Market,,137.9904,139.4435,119.7967,0.0391,-1.314,0.0775,0.1214,0.1053,19.6468,3.5,0.2561
2026-09-08,DOC,"Healthpeak Properties, Inc.",金融地产,医疗地产,XLRE,20.51,Bad Market,,21.8651,21.9909,21.5622,0.0204,-1.1031,-0.0744,0.1263,0.0701,0.4286,3,0.4892
2026-09-08,DOW,Dow Inc.,基础材料,化工,XLB,29.57,Wait,,33.1957,33.5128,29.2,0.0358,-1.2676,-0.1305,0.0581,0.0667,4.3129,3.5,0.2797
2026-09-08,DSX,Diana Shipping inc.,航运,海运,SEA,2.96,Wait,,3.0396,3.0735,2.6143,0.0382,2.5426,0.0577,0.3659,0.3258,0.4593,3.5,0.2618
2026-09-08,DTM,"DT Midstream, Inc.",油气,油气中游,AMLP,131.14,Wait,,138.2114,139.2434,138.7,0.0262,-0.119,0.0118,0.0463,0.1299,0.5434,3.5,0.3812
2026-09-08,DUK,Duke Energy Corporation (Holdin,公用电力,电力,XLU,121.24,Bad Market,,125.7903,126.3545,124.878,0.0155,-0.3778,-0.1087,0.1218,0.0413,1.4765,3,0.5
2026-09-08,DVN,Devon Energy Corporation,油气,油气勘探开发,XLE,48.4,Wait,,49.784,50.148,45.0536,0.0251,0.8354,-0.103,0.3651,0.1645,5.0944,3.5,0.3989
2026-09-08,EAT,"Brinker International, Inc.",消费,餐饮,XLY,222.49,Bad Market,,256.1649,258.9736,221.1721,0.0421,-1.4436,0.0978,0.0389,0.2224,37.8015,3.5,0.2376
2026-09-08,ECO,Okeanis Eco Tankers Corp.,航运,海运,SEA,69.95,Wait,,72.1295,72.8455,63.077,0.0341,2.1476,0.0435,0.2022,0.2312,9.7685,3.5,0.2931
2026-09-08,EFXT,Enerflex Ltd,油气,油气设备服务,XLE,22.54,Wait,,22.7054,22.9833,22.5774,0.0411,1.7475,-0.0097,0.1691,0.055,0.4059,3.5,0.2433
2026-09-08,EGO,Eldorado Gold Corporation,矿业,金,GDX,43.88,Wait,,48.5788,49.1645,41.3074,0.0445,0.5056,0.0449,0.2844,0.1814,7.8571,3.5,0.2248
2026-09-08,EIX,Edison International,公用电力,电力,XLU,59.33,Bad Market,,75.4981,76.5751,66.0189,0.0605,-2.4433,0.4517,0.1569,0.1487,10.5563,4,0.2
2026-09-08,EL,"Estee Lauder Companies, Inc. (T",消费,消费必需品,XLP,101.69,Bad Market,,107.2269,108.256,94.204,0.0337,1.4752,0.0283,0.3476,0.2001,14.052,3.5,0.2964
2026-09-08,ELAN,Elanco Animal Health Incorporat,医疗健康,动物制药,XLV,23.97,Wait,,25.3297,25.5946,23.369,0.0368,0.1234,-0.0797,0.0208,0.0103,2.2256,3.5,0.2714
2026-09-08,EMN,Eastman Chemical Company,基础材料,化工,XLB,70.39,Wait,,75.8639,76.4313,68.5406,0.0269,-1.343,-0.0849,0.1444,0.0408,7.8907,3.5,0.3722
2026-09-08,EMR,Emerson Electric Company,工业,工业机械,XLI,152.15,Bad Market,,165.9015,167.0576,150.8926,0.0253,-1.2517,-0.0655,0.11,0.0117,16.1649,3.5,0.3948
2026-09-08,ENB,Enbridge Inc,油气,油气中游,AMLP,50.48,Wait,,52.1391,52.4025,54.2256,0.0174,-0.1828,-0.0553,0.1368,0.1431,-1.8231,3,0.5
2026-09-08,ENPH,"Enphase Energy, Inc.",公用电力,太阳能,TAN,38.83,Bad Market,,42.6959,43.2897,44.4923,0.051,0.2316,-0.3017,0.0367,0.1894,-1.2025,4,0.2
2026-09-08,ENS,EnerSys,工业,锂电池,XLI,180.52,Bad Market,,205.2052,207.3434,208.8738,0.0395,-1.2928,-0.1274,0.103,0.1915,-1.5304,3.5,0.2533
2026-09-08,ENTG,"Entegris, Inc.",半导体,半导体材料,SOXX,141.09,Bad Market,,165.35,167.66,153.1997,0.0546,-0.4582,-0.1307,0.0153,0.114,14.4603,4,0.2
2026-09-08,EOG,"EOG Resources, Inc.",油气,油气勘探开发,XLE,145.36,Wait,,154.5036,155.5557,142.5293,0.0241,-0.2609,-0.0496,0.213,0.1279,13.0264,3,0.4145
2026-09-08,EPD,Enterprise Products Partners L.,油气,油气中游,AMLP,38.83,Wait,,39.6397,39.8076,37.6815,0.0144,0.4191,-0.1295,0.1304,0.1207,2.1261,3,0.5
2026-09-08,EQH,"Equitable Holdings, Inc.",金融地产,保险,XLF,52.04,Wait,,54.0604,54.4599,48.879,0.0256,0.8925,-0.0347,0.0075,0.1561,5.5809,3.5,0.3908
2026-09-08,EQIX,"Equinix, Inc.",数据中心,数据中心,DTCR,1041.21,Bad Market,,1112.5121,1121.7111,1008.6175,0.0294,-0.6586,0.0909,0.043,0.0644,113.0937,3.5,0.3396
2026-09-08,EQNR,Equinor ASA,油气,综合油气,XLE,43.39,Wait,,44.6639,44.9924,40.3969,0.0252,1.3231,-0.0505,0.2821,0.2841,4.5955,3.5,0.3962
2026-09-08,EQT,EQT Corporation,油气,油气勘探开发,XLE,55.12,Wait,,56.3012,56.7107,51.655,0.0248,0.5777,-0.062,0.3599,0.1322,5.0556,3,0.4038
2026-09-08,EQX,Equinox Gold Corp.,矿业,金,GDX,12.64,Wait,,14.1064,14.2772,11.987,0.0451,0.13,-0.0902,0.2369,0.1264,2.2902,3.5,0.222
2026-09-08,ERAS,"Erasca, Inc.",医疗健康,生物技术,XBI,16.28,Wait,,19.7145,20.0513,16.7698,0.069,-1.3496,-0.0246,0.2142,0.0881,3.2815,4,0.2
2026-09-08,ERIC,Ericsson,科技硬件,通讯设备,XLK,10.07,Wait,,10.4741,10.5306,11.1552,0.0187,-0.3081,-0.3071,0.0462,0.1422,-0.6246,3,0.5
2026-09-08,ERO,Ero Copper Corp.,矿业,铜,COPX,37.91,Wait,,40.8028,41.407,32.3438,0.0531,0.7435,0.1553,0.2183,0.1388,9.0632,4,0.2
2026-09-08,EROC,"ERock, Inc.",公用电力,电气设备,GRID,13.74,Bad Market,,17.6502,18.0255,12.3957,0.0911,0.3861,-0.0972,0.1784,0.0606,5.6299,4,0.2
2026-09-08,ES,Eversource Energy (D/B/A),公用电力,电力,XLU,71.49,Bad Market,,72.9843,73.3589,71.6443,0.0175,0.1434,-0.1123,0.0494,0.0515,1.7146,3,0.5
2026-09-08,ESE,ESCO Technologies Inc.,航空国防,航空航天国防,ITA,272.12,Bad Market,,330.7512,333.5815,321.8795,0.0347,-1.5242,-0.1243,0.4824,0.2213,11.702,3.5,0.2884
2026-09-08,ESI,Element Solutions Inc.,基础材料,化工,XLB,36.21,Wait,,39.5821,40.0044,44.1634,0.0389,-0.1353,-0.1205,0.1529,0.1765,-4.1591,3.5,0.2572
2026-09-08,ESTC,Elastic N.V.,软件,软件,IGV,88.42,Wait,,100.9441,102.4953,79.228,0.0585,0.4277,0.3184,0.239,0.2464,23.2672,4,0.2
2026-09-08,ETN,"Eaton Corporation, PLC",工业,工业机械,XLI,422.13,Bad Market,,464.1813,468.5286,409.2412,0.0343,-0.0686,-0.051,0.166,0.0007,59.2874,3.5,0.2913
2026-09-08,ETR,Entergy Corporation,公用电力,电力,XLU,108.53,Bad Market,,109.5162,110.1139,110.353,0.0184,0.8189,-0.0857,0.1057,0.0451,-0.2391,3,0.5
2026-09-08,ETSY,"Etsy, Inc.",消费,互联网零售,XLY,72.82,Bad Market,,87.7582,88.8286,74.5418,0.049,-2.3517,0.1207,0.2293,0.011,14.2868,3.5,0.2041
2026-09-08,EVRG,"Evergy, Inc.",公用电力,电力,XLU,82.24,Bad Market,,84.7001,85.1022,84.1092,0.0163,0.0354,-0.0565,0.0561,0.0066,0.993,3,0.5
2026-09-08,EW,Edwards Lifesciences Corporatio,医疗健康,医疗器械,IHI,86.72,Wait,,94.5272,95.1588,88.8638,0.0243,-2.054,-0.06,0.1415,0.0115,6.295,3,0.4119
2026-09-08,EXC,Exelon Corporation,公用电力,电力,XLU,43.95,Bad Market,,46.2843,46.5389,45.3342,0.0193,-0.7506,-0.0646,0.1653,0.0757,1.2047,3,0.5
2026-09-08,EXE,Expand Energy Corporation,油气,油气勘探开发,XLE,98.19,Wait,,100.9619,101.6481,93.1185,0.0233,0.5751,-0.0877,0.2827,0.1801,8.5296,3,0.4293
2026-09-08,EXK,Endeavour Silver Corporation,矿业,银,SIL,11.13,Wait,,11.5903,11.7707,9.0648,0.054,0.6935,-0.0209,0.2596,0.1443,2.7059,4,0.2
2026-09-08,EXPE,"Expedia Group, Inc.",消费,在线旅游,XLY,274.55,Bad Market,,341.8755,345.7853,293.5154,0.0475,-3.5761,0.1128,0.1958,0.0874,52.2699,3.5,0.2107
2026-09-08,EXTR,"Extreme Networks, Inc.",科技硬件,网络,XLK,21.65,Wait,,24.6365,24.9221,30.3781,0.044,-1.4186,-0.1707,0.3065,0.2458,-5.456,3.5,0.2274
2026-09-08,F,Ford Motor Company,消费,可选消费,XLY,14.0,Bad Market,,14.76,14.8885,13.7812,0.0306,-0.1763,-0.0737,0.0413,0.0051,1.1073,3.5,0.3269
2026-09-08,FANG,"Diamondback Energy, Inc.",油气,油气勘探开发,XLE,199.65,Wait,,213.0165,214.7061,191.3085,0.0282,-0.62,-0.0518,0.1758,0.0931,23.3975,3.5,0.3545
2026-09-08,FAST,Fastenal Company,工业,工业分销,XLI,49.38,Bad Market,,52.8738,53.2014,49.1041,0.0221,-1.1836,-0.0358,0.1216,0.1065,4.0973,3,0.4522
2026-09-08,FCX,"Freeport-McMoRan, Inc.",矿业,铜,COPX,76.62,Wait,,80.6762,81.5993,69.1405,0.0402,1.2967,0.0689,0.2169,0.0865,12.4588,3.5,0.249
2026-09-08,FDS,FactSet Research Systems Inc.,金融地产,资本市场,XLF,289.0,Wait,,316.44,319.9138,273.0216,0.0401,-0.6315,0.0156,0.1071,0.187,46.8922,3.5,0.2496
2026-09-08,FDX,FedEx Corporation,工业,快递物流,IYT,314.13,Bad Market,,342.4913,344.8469,315.7938,0.025,-1.8258,-0.0416,0.0189,0.0528,29.0531,3,0.4001
2026-09-08,FE,FirstEnergy Corp.,公用电力,电力,XLU,46.45,Bad Market,,47.8571,48.0893,47.5975,0.0167,-0.3294,-0.0882,0.1377,0.0,0.4919,3,0.5
2026-09-08,FERG,Ferguson Enterprises Inc.,工业,工业分销,XLI,226.3,Bad Market,,266.043,267.9948,241.0085,0.0288,-1.7271,-0.034,0.3201,0.062,26.9863,3.5,0.3478
2026-09-08,FIVE,"Five Below, Inc.",消费,折扣零售,XLY,254.07,Bad Market,,265.2607,268.4548,225.4551,0.0419,0.8744,0.1926,0.1878,0.2679,42.9997,3.5,0.2386
2026-09-08,FIVN,"Five9, Inc.",软件,软件,IGV,31.23,Wait,,34.9242,35.4556,27.4851,0.0567,-1.0678,0.0999,0.1169,0.2408,7.9705,4,0.2
2026-09-08,FLEX,Flex Ltd.,科技硬件,电子元件,XLK,114.31,Wait,,131.1678,132.9195,138.7138,0.0511,-0.0678,-0.1629,0.131,0.1333,-5.7943,4,0.2
2026-09-08,FLNC,"Fluence Energy, Inc.",公用电力,电力,GRID,11.04,Bad Market,,13.388,13.64,21.8302,0.0761,-0.6864,-0.4462,0.2944,0.3753,-8.1903,4,0.2
2026-09-08,FLNG,FLEX LNG Ltd.,航运,海运,SEA,30.98,Wait,,32.7898,33.0361,29.607,0.0265,-0.2248,-0.0072,0.0038,0.046,3.429,3.5,0.3774
2026-09-08,FLOC,Flowco Holdings Inc.,油气,油气设备服务,XLE,21.24,Wait,,23.9424,24.2117,20.5885,0.0423,-1.0244,-0.0663,0.0257,0.0571,3.6231,3.5,0.2366
2026-09-08,FLR,Fluor Corporation,工业,建筑,XLI,56.62,Bad Market,,58.0662,58.7071,50.023,0.0377,1.4209,-0.0152,0.2436,0.043,8.684,3.5,0.265
2026-09-08,FLS,Flowserve Corporation,工业,工业机械,XLI,76.98,Bad Market,,83.5698,84.2694,74.6384,0.0303,-1.1216,-0.1359,0.081,0.0634,9.6309,3.5,0.3301
2026-09-08,FN,Fabrinet,科技硬件,光通信,XLK,416.31,Wait,,604.2586,612.7764,503.5187,0.0682,-1.7661,-0.2302,0.3218,0.1463,109.2578,4,0.2
2026-09-08,FNV,Franco-Nevada Corporation,矿业,金,GDX,264.31,Wait,,274.4131,276.8779,243.0137,0.0311,1.1858,0.0026,0.2873,0.1846,33.8642,3.5,0.3217
2026-09-08,FORM,"FormFactor, Inc.",半导体,半导体材料,SOXX,109.86,Bad Market,,139.7373,142.1032,128.3845,0.0718,-0.4096,-0.1372,0.0553,0.1137,13.7186,4,0.2
2026-09-08,FOXA,Fox Corporation,通讯服务,影视娱乐,XLC,65.23,Bad Market,,70.9823,71.5466,63.7467,0.0288,-1.0604,-0.028,0.1331,0.2171,7.7998,3.5,0.3468
2026-09-08,FPS,"Forgent Power Solutions, Inc.",工业,电气设备,XLI,32.31,Bad Market,,40.076,40.7001,55.0892,0.0644,-0.7309,-0.2799,0.2799,0.3853,-14.3891,4,0.2
2026-09-08,FRO,Frontline Plc,航运,海运,SEA,46.62,Enter,0.0732,46.5862,47.0482,40.73,0.033,2.4494,0.0115,0.3804,0.1141,6.3182,3.5,0.3027
2026-09-08,FROG,JFrog Ltd.,软件,软件,IGV,86.73,Wait,,105.2167,106.9968,80.2953,0.0684,-0.9546,0.162,0.0558,0.0256,26.7015,4,0.2
2026-09-08,FRSH,Freshworks Inc.,软件,软件,IGV,12.1,Wait,,14.041,14.2017,12.0449,0.0443,-1.5142,0.0534,0.0761,0.2009,2.1568,3.5,0.2259
2026-09-08,FSLR,"First Solar, Inc.",公用电力,太阳能,TAN,213.25,Bad Market,,252.1825,254.9182,231.1934,0.0428,-0.1727,-0.1922,0.307,0.1585,23.7249,3.5,0.2339
2026-09-08,FSLY,"Fastly, Inc.",软件,软件,IGV,21.49,Wait,,30.3816,30.924,22.788,0.0841,-1.7912,-0.003,0.0434,0.0716,8.136,4,0.2
2026-09-08,FTI,TechnipFMC plc,油气,油气设备服务,XLE,78.16,Wait,,80.8616,81.5511,72.0357,0.0294,0.3927,0.0024,0.3579,0.1874,9.5154,3.5,0.3401
2026-09-08,FTNT,"Fortinet, Inc.",软件,网络安全,IGV,157.47,Wait,,174.3547,176.437,148.486,0.0441,-0.2589,0.1528,0.0299,0.0653,27.951,3.5,0.2269
2026-09-08,FUL,H. B. Fuller Company,基础材料,材料,XLB,53.04,Wait,,64.1104,64.6454,58.6187,0.0336,-2.9264,-0.0915,0.2628,0.2051,6.0266,3.5,0.2974
2026-09-08,GD,General Dynamics Corporation,航空国防,航空航天国防,ITA,356.58,Bad Market,,399.5358,401.6867,374.4611,0.0201,-3.615,-0.0434,0.3896,0.0328,27.2256,3,0.4973
2026-09-08,GE,GE Aerospace,航空国防,航空航天国防,ITA,334.91,Bad Market,,378.4391,381.0,351.3422,0.0255,-1.8898,-0.1023,0.3329,0.0791,29.6578,3.5,0.3923
2026-09-08,GEHC,GE HealthCare Technologies Inc.,医疗健康,医疗器械,IHI,66.775,Wait,,75.4877,76.0153,68.665,0.0263,-3.2656,-0.0983,0.1951,0.0856,7.3503,3.5,0.3797
2026-09-08,GEL,"Genesis Energy, L.P.",油气,油气中游,AMLP,15.8,Wait,,16.728,16.8486,15.1636,0.0254,-0.6346,-0.1183,0.1598,0.1342,1.685,3.5,0.3932
2026-09-08,GEN,Gen Digital Inc.,软件,网络安全,IGV,29.81,Wait,,31.6281,31.9136,27.9996,0.0319,0.4351,0.0515,0.136,0.2062,3.9139,3.5,0.3133
2026-09-08,GENB,"Generate Biomedicines, Inc.",医疗健康,生物制药,XBI,15.9,Wait,,20.6445,21.0411,15.0909,0.0832,-0.1138,0.1113,0.1242,0.0477,5.9502,4,0.2
2026-09-08,GEV,GE Vernova Inc.,公用电力,电气设备,GRID,971.31,Bad Market,,1088.7131,1101.1499,1029.764,0.0427,-0.0162,-0.1213,0.0714,0.0928,71.3859,3.5,0.2343
2026-09-08,GFI,Gold Fields Limited,矿业,金,GDX,47.19,Wait,,49.3419,49.8795,42.5979,0.038,1.4763,-0.0435,0.3573,0.1499,7.2816,3.5,0.2633
2026-09-08,GFS,GlobalFoundries Inc.,半导体,半导体,SOXX,45.09,Bad Market,,55.0314,55.7085,80.6422,0.0501,-1.2803,-0.3139,0.1896,0.3834,-24.9337,4,0.2
2026-09-08,GH,"Guardant Health, Inc.",医疗健康,诊断检测,XLV,160.98,Wait,,172.5298,174.9309,142.9067,0.0497,-0.3513,0.0985,0.045,0.1308,32.0243,3.5,0.2011
2026-09-08,GILD,"Gilead Sciences, Inc.",医疗健康,制药,XLV,146.64,Wait,,152.6864,153.815,138.0526,0.0257,0.6094,0.0193,0.3766,0.2144,15.7625,3.5,0.3898
2026-09-08,GKOS,Glaukos Corporation,医疗健康,医疗器械,IHI,185.04,Wait,,191.4004,193.3347,166.9834,0.0348,0.3464,0.013,0.2248,0.3806,26.3513,3.5,0.287
2026-09-08,GLNG,Golar LNG Limited,油气,油气中游,AMLP,51.46,Wait,,53.6446,54.0638,48.2389,0.0272,-0.2014,-0.0108,0.0377,0.0618,5.8249,3.5,0.3682
2026-09-08,GLW,Corning Incorporated,科技硬件,电子元件,XLK,165.96,Wait,,175.05,177.8099,218.8905,0.0554,1.2904,-0.1981,0.0763,0.0657,-41.0805,4,0.2
2026-09-08,GM,General Motors Company,消费,汽车,XLY,85.79,Bad Market,,90.2079,90.8689,82.5886,0.0257,-0.2705,-0.0587,0.0516,0.1032,8.2803,3.5,0.3894
2026-09-08,GMAB,Genmab A/S,医疗健康,生物制药,XBI,33.53,Wait,,34.7453,34.9886,31.9775,0.0242,0.6336,-0.0048,0.3141,0.3405,3.0111,3,0.4135
2026-09-08,GNK,Genco Shipping & Trading Limite,航运,海运,SEA,26.81,Wait,,27.9181,28.198,24.3848,0.0348,0.6308,0.079,0.1909,0.1227,3.8132,3.5,0.2874
2026-09-08,GOOGL,Alphabet Inc.,通讯服务,互联网媒体,XLC,338.36,Bad Market,,361.1336,363.533,353.656,0.0236,-0.6565,-0.1625,0.2603,0.0927,9.877,3,0.4231
2026-09-08,GPN,Global Payments Inc.,金融地产,支付,XLF,89.42,Wait,,95.7242,96.611,84.4838,0.0331,-0.7126,0.0098,0.0556,0.2374,12.1272,3.5,0.3025
2026-09-08,GRDN,"Guardian Pharmacy Services, Inc",医疗健康,药房,XLV,42.45,Wait,,44.2545,44.7583,37.9527,0.0396,2.3871,-0.0145,0.1625,0.0009,6.8056,3.5,0.2528
2026-09-08,GRMN,Garmin Ltd.,消费,可选消费,XLY,275.68,Bad Market,,315.9168,317.9776,292.5516,0.0249,-2.6434,-0.0468,0.4111,0.1947,25.426,3,0.4013
2026-09-08,GS,"Goldman Sachs Group, Inc. (The)",金融地产,投行,XLF,1036.53,Wait,,1069.2453,1076.8522,1076.0015,0.0245,0.1338,-0.1226,0.0162,0.0639,0.8507,3,0.4088
2026-09-08,GSAT,"Globalstar, Inc.",航空国防,卫星通信,ITA,82.22,Bad Market,,84.2041,84.4345,81.8755,0.0093,-0.1569,-0.4413,0.155,0.0825,2.559,3,0.5
2026-09-08,GSK,GSK plc,医疗健康,制药,XLV,48.54,Wait,,53.4454,53.7795,50.3691,0.0229,-2.231,-0.0129,0.2201,0.0547,3.4104,3,0.4359
2026-09-08,GTLB,GitLab Inc.,软件,软件,IGV,47.15,Wait,,50.3471,51.1227,39.4888,0.0548,1.3532,0.2502,0.3601,0.3298,11.6338,4,0.2
2026-09-08,HAE,Haemonetics Corporation,医疗健康,医疗器械,IHI,102.84,Wait,,109.8284,110.7017,98.612,0.0283,0.7577,0.0163,0.4734,0.3814,12.0897,3.5,0.3533
2026-09-08,HAFN,Hafnia Limited,航运,海运,SEA,8.96,Wait,,9.3096,9.3946,8.2285,0.0316,3.0077,0.1132,0.3972,0.2077,1.166,3.5,0.3163
2026-09-08,HAL,Halliburton Company,油气,油气设备服务,XLE,36.8,Wait,,37.998,38.3128,33.9576,0.0285,1.5435,-0.043,0.3267,0.0617,4.3552,3.5,0.3507
2026-09-08,HALO,"Halozyme Therapeutics, Inc.",医疗健康,生物制药,XBI,108.31,Wait,,111.8431,112.7286,100.4295,0.0273,0.8119,0.0987,0.4766,0.4603,12.2991,3.5,0.367
2026-09-08,HBM,Hudbay Minerals Inc.,矿业,铜,COPX,29.0,Wait,,31.08,31.4875,26.0353,0.0468,0.5782,-0.0098,0.1515,0.0321,5.4522,3.5,0.2135
2026-09-08,HCC,"Warrior Met Coal, Inc.",矿业,焦煤,XME,105.58,Wait,,109.5858,110.9158,93.0136,0.042,0.6143,0.0505,0.3333,0.1487,17.9021,3.5,0.2382
2026-09-08,HD,"Home Depot, Inc. (The)",消费,家居零售,XLY,313.7,Bad Market,,358.757,360.9706,335.7636,0.0235,-2.8406,-0.1029,0.4217,0.0797,25.207,3,0.4251
2026-09-08,HEI,Heico Corporation,航空国防,航空航天国防,ITA,316.1,Bad Market,,377.831,380.6727,341.5172,0.03,-3.6439,-0.0275,0.4976,0.0861,39.1554,3.5,0.3337
2026-09-08,HESM,Hess Midstream LP,油气,油气中游,AMLP,40.97,Wait,,41.0297,41.2769,38.3582,0.0201,1.3551,-0.0011,0.1183,0.193,2.9187,3,0.4973
2026-09-08,HHH,Howard Hughes Holdings Inc.,金融地产,房地产,XLRE,64.05,Bad Market,,68.8405,69.2771,70.3935,0.0227,-1.1965,-0.1161,0.2361,0.0599,-1.1163,3,0.4401
2026-09-08,HIMX,"Himax Technologies, Inc.",半导体,半导体,SOXX,14.12,Bad Market,,15.5512,15.751,16.2086,0.0472,0.003,-0.3057,0.0523,0.1438,-0.4576,3.5,0.212
2026-09-08,HLN,Haleon plc,消费,消费必需品,XLP,9.25,Bad Market,,10.2725,10.3319,9.6856,0.0214,-3.3637,0.0496,0.3545,0.0461,0.6464,3,0.4668
2026-09-08,HNGE,"Hinge Health, Inc.",医疗健康,医疗科技,XLV,92.69,Wait,,93.7769,95.1001,77.4122,0.0476,0.7286,0.1515,0.2599,0.2194,17.6879,3.5,0.2101
2026-09-08,HOOD,"Robinhood Markets, Inc.",金融地产,券商,XLF,117.34,Wait,,126.0611,128.0728,97.8977,0.0571,2.0943,0.0991,0.2966,0.0451,30.1751,4,0.2
2026-09-08,HP,"Helmerich & Payne, Inc.",油气,油气设备服务,XLE,43.71,Wait,,48.0771,48.6051,41.4795,0.0403,0.0415,0.1276,0.3043,0.1825,7.1256,3.5,0.2483
2026-09-08,HPE,Hewlett Packard Enterprise Comp,科技硬件,IT,XLK,56.03,Wait,,60.4653,61.4333,46.9137,0.0576,0.4998,0.2114,0.1068,0.105,14.5195,4,0.2
2026-09-08,HPQ,HP Inc.,科技硬件,硬件,XLK,31.17,Wait,,32.9517,33.3821,27.6183,0.046,0.6513,0.1857,0.1677,0.2173,5.7639,3.5,0.2172
2026-09-08,HRB,"H&R Block, Inc.",消费,消费服务,XLY,45.89,Bad Market,,54.6389,55.2225,47.3708,0.0424,-2.9427,0.1201,0.0023,0.2092,7.8517,3.5,0.2359
2026-09-08,HSBC,"HSBC Holdings, plc.",金融地产,银行,XLF,106.26,Wait,,107.8325,108.2661,103.5247,0.0136,1.64,-0.1898,0.2632,0.1964,4.7413,3,0.5
2026-09-08,HSIC,"Henry Schein, Inc.",医疗健康,医药分销,XLV,88.86,Wait,,91.7486,92.2978,85.3681,0.0206,-0.3936,-0.062,0.0454,0.1862,6.9297,3,0.4854
2026-09-08,HTFL,"Heartflow, Inc.",医疗健康,医疗科技,XLV,47.75,Wait,,50.9075,51.6236,42.0753,0.05,1.4572,0.1001,0.6624,0.2259,9.5483,3.5,0.2
2026-09-08,HUM,Humana Inc.,医疗健康,健康保险,XLV,403.09,Wait,,410.5509,414.511,363.2189,0.0327,1.1507,0.0332,0.2895,0.1222,51.2921,3.5,0.3054
2026-09-08,HUN,Huntsman Corporation,基础材料,化工,XLB,9.8,Wait,,10.538,10.6625,11.7672,0.0424,-0.2192,-0.2654,0.0971,0.1479,-1.1047,3.5,0.2361
2026-09-08,HUT,Hut 8 Corp.,数据中心,数据中心,DTCR,99.49,Bad Market,,95.1594,97.5809,92.1526,0.0811,1.8623,-0.0768,0.1013,0.0897,5.4283,4,0.2
2026-09-08,HWKN,"Hawkins, Inc.",基础材料,化工,XLB,127.0,Wait,,132.84,134.2165,149.4513,0.0361,0.545,-0.1643,0.0826,0.2674,-15.2349,3.5,0.2768
2026-09-08,HWM,Howmet Aerospace Inc.,航空国防,航空航天国防,ITA,231.53,Bad Market,,294.9653,298.1064,256.0041,0.0452,-3.8222,0.1476,0.4421,0.1892,42.1023,3.5,0.2211
2026-09-08,IAG,Iamgold Corporation,矿业,金,GDX,20.11,Wait,,22.3711,22.6367,19.0711,0.044,0.2197,-0.0209,0.2798,0.1191,3.5656,3.5,0.2271
2026-09-08,IBKR,"Interactive Brokers Group, Inc.",金融地产,券商,XLF,90.97,Wait,,99.0997,100.0832,86.7158,0.036,-0.5849,0.0038,0.1157,0.0471,13.3674,3.5,0.2775
2026-09-08,IBM,International Business Machines,科技硬件,IT,XLK,232.09,Wait,,241.1109,243.0454,283.5612,0.0278,-0.3448,-0.2873,0.0199,0.056,-40.5159,3.5,0.3599
2026-09-08,ICE,Intercontinental Exchange Inc.,金融地产,资本市场,XLF,157.76,Wait,,166.1676,167.2518,153.7484,0.0229,-0.1348,-0.0354,0.2208,0.2253,13.5033,3,0.4365
2026-09-08,IFF,International Flavors & Fragran,基础材料,化工,XLB,85.62,Wait,,88.8062,89.4039,82.0926,0.0233,0.2419,-0.125,0.056,0.1283,7.3114,3,0.4297
2026-09-08,ILMN,"Illumina, Inc.",医疗健康,生命科学工具,XLV,211.06,Wait,,229.8006,232.4696,196.5521,0.0422,0.2857,0.1774,0.1648,0.2038,35.9174,3.5,0.2372
2026-09-08,IMAX,Imax Corporation,通讯服务,影视娱乐,XLC,52.66,Bad Market,,55.3166,55.867,48.369,0.0348,0.2854,0.0435,0.1245,0.1485,7.498,3.5,0.287
2026-09-08,IMNM,"Immunome, Inc.",医疗健康,生物制药,XBI,26.81,Wait,,30.0931,30.4765,25.3523,0.0477,-0.6669,0.027,0.061,0.2494,5.1242,3.5,0.2098
2026-09-08,IMOS,ChipMOS TECHNOLOGIES INC.,半导体,半导体,SOXX,57.06,Bad Market,,59.8506,60.6502,66.4615,0.0467,0.4232,-0.1952,0.142,0.0671,-5.8113,3.5,0.2141
2026-09-08,INCY,Incyte Corporation,医疗健康,生物制药,XBI,124.4,Wait,,130.964,132.0047,117.7881,0.0279,-0.2346,-0.0077,0.1812,0.251,14.2166,3.5,0.3586
2026-09-08,INFQ,"Infleqtion, Inc.",科技硬件,量子计算,QTUM,13.66,Bad Market,,14.5105,14.7961,12.151,0.0697,0.806,-0.1801,0.2163,0.004,2.6452,4,0.2
2026-09-08,INGM,Ingram Micro Holding Corporatio,科技硬件,IT,XLK,28.38,Wait,,29.5738,29.8664,26.9859,0.0344,0.2506,-0.0308,0.019,0.003,2.8806,3.5,0.2909
2026-09-08,INSW,"International Seaways, Inc.",航运,海运,SEA,103.81,Wait,,105.5381,106.5788,92.3591,0.0334,1.7206,0.0167,0.3048,0.1815,14.2197,3.5,0.2993
2026-09-08,INTC,Intel Corporation,半导体,半导体,SOXX,104.47,Bad Market,,105.6569,107.3023,119.0014,0.0525,1.9184,-0.1632,0.0835,0.1422,-11.6991,4,0.2
2026-09-08,IONQ,"IonQ, Inc.",科技硬件,量子计算,QTUM,40.47,Bad Market,,47.3928,48.2221,47.2635,0.0683,-0.575,-0.1968,0.0202,0.1682,0.9586,4,0.2
2026-09-08,IPGP,IPG Photonics Corporation,科技硬件,光电,XLK,79.56,Wait,,91.0689,92.3273,101.232,0.0527,0.2041,-0.2809,0.1453,0.2203,-8.9047,4,0.2
2026-09-08,IRDM,Iridium Communications Inc,航空国防,卫星通信,ITA,47.8,Bad Market,,50.678,51.0274,52.2256,0.0244,-0.3528,-0.3748,0.0481,0.0622,-1.1981,3,0.4104
2026-09-08,IREN,IREN LIMITED,数据中心,数据中心,DTCR,46.93,Bad Market,,45.6098,46.6745,45.7638,0.0756,1.6336,-0.1323,0.2081,0.1058,0.9108,4,0.2
2026-09-08,ITT,ITT Inc.,工业,工业机械,XLI,201.52,Bad Market,,221.8252,223.6117,198.9671,0.0296,-1.2927,-0.0169,0.2134,0.0281,24.6446,3.5,0.3384
2026-09-08,JBL,Jabil Inc.,科技硬件,电子元件,XLK,312.33,Wait,,373.4833,377.2816,341.166,0.0405,-1.0498,-0.1292,0.1996,0.1314,36.1156,3.5,0.2467
2026-09-08,JCI,Johnson Controls International ,工业,暖通楼宇,XLI,146.37,Bad Market,,156.2237,157.2915,144.0816,0.0243,0.2031,-0.1382,0.1924,0.0133,13.2099,3,0.4112
2026-09-08,JEF,Jefferies Financial Group Inc.,金融地产,投行,XLF,55.72,Wait,,57.1772,57.6689,57.0737,0.0294,1.2746,-0.1308,0.0405,0.1111,0.5952,3.5,0.34
2026-09-08,JHX,James Hardie Industries plc.,工业,建筑,XLI,29.86,Bad Market,,31.3786,31.6658,27.7295,0.0321,-0.2418,0.0145,0.1584,0.1731,3.9362,3.5,0.3119
2026-09-08,JNJ,Johnson & Johnson,医疗健康,制药,XLV,269.12,Wait,,281.1212,282.8389,261.2534,0.0213,0.1493,0.0623,0.1748,0.2122,21.5854,3,0.47
2026-09-08,JPM,JP Morgan Chase & Co.,金融地产,银行,XLF,353.51,Wait,,368.141,369.9177,347.4137,0.0168,-0.8162,-0.0881,0.0494,0.1632,22.504,3,0.5
2026-09-08,KALU,Kaiser Aluminum Corporation,基础材料,铝加工,XLB,167.8,Wait,,195.068,197.3567,168.9284,0.0455,0.1833,-0.0404,0.0325,0.0551,28.4283,3.5,0.2199
2026-09-08,KEYS,Keysight Technologies Inc.,科技硬件,科技仪器,XLK,333.42,Wait,,364.4842,367.7984,334.6738,0.0331,0.2583,-0.0989,0.0276,0.0742,33.1246,3.5,0.3018
2026-09-08,KGS,"Kodiak Gas Services, Inc.",油气,油气中游,AMLP,64.14,Wait,,66.7614,67.5899,66.6044,0.0431,1.0657,0.0224,0.2354,0.056,0.9855,3.5,0.2323
2026-09-08,KHC,The Kraft Heinz Company,消费,消费必需品,XLP,24.9,Bad Market,,26.509,26.7204,25.1538,0.0283,-0.5734,0.0227,0.0076,0.0853,1.5666,3.5,0.3534
2026-09-08,KKR,KKR & Co. Inc.,金融地产,私募股权,XLF,105.73,Wait,,116.3573,117.4202,102.8995,0.0335,-0.9009,-0.0457,0.0529,0.082,14.5207,3.5,0.2984
2026-09-08,KLAC,KLA Corporation,半导体,半导体,SOXX,188.98,Bad Market,,211.2598,213.9688,270.1053,0.0478,0.1229,-0.1937,0.0461,0.1582,-56.1365,3.5,0.2093
2026-09-08,KLIC,"Kulicke and Soffa Industries, I",半导体,半导体,SOXX,83.07,Bad Market,,102.7032,104.103,115.146,0.0562,-0.7851,-0.1956,0.1413,0.1939,-11.043,4,0.2
2026-09-08,KMI,"Kinder Morgan, Inc.",油气,油气中游,AMLP,31.98,Wait,,33.1898,33.4174,30.9143,0.0237,0.2544,0.0429,0.0771,0.0197,2.503,3,0.4216
2026-09-08,KMX,CarMax Inc,消费,汽车零售,XLY,60.57,Bad Market,,64.8257,65.3935,57.5957,0.0312,-0.2008,-0.0662,0.1202,0.1316,7.7978,3.5,0.32
2026-09-08,KNOP,KNOT Offshore Partners LP,航运,海运,SEA,11.54,Enter,0.2915,11.5054,11.6241,10.0054,0.0343,1.9793,0.1361,0.3846,0.1834,1.6186,3.5,0.2917
2026-09-08,KNSA,Kiniksa Pharmaceuticals Interna,医疗健康,制药,XLV,77.09,Wait,,81.5709,82.3633,71.6751,0.0343,-0.654,0.0155,0.0261,0.2347,10.6882,3.5,0.2919
2026-09-08,KNTK,Kinetik Holdings Inc.,油气,油气中游,AMLP,54.98,Wait,,55.6498,56.0778,50.107,0.0259,0.8689,-0.0434,0.3433,0.2085,5.9707,3.5,0.3854
2026-09-08,KO,Coca-Cola Company (The),消费,消费必需品,XLP,88.36,Bad Market,,92.6917,93.1127,87.7797,0.0159,-0.3548,-0.0683,0.1022,0.1858,5.333,3,0.5
2026-09-08,KOD,Kodiak Sciences Inc,医疗健康,生物技术,XBI,35.07,Wait,,45.8654,46.5634,36.093,0.0663,-1.8309,-0.1279,0.4912,0.0168,10.4703,4,0.2
2026-09-08,LAES,SEALSQ Corp,半导体,半导体,SOXX,2.45,Bad Market,,3.0368,3.0769,2.8049,0.0546,-0.9531,-0.353,0.0225,0.1562,0.272,4,0.2
2026-09-08,LBRT,Liberty Energy Inc.,油气,油气设备服务,XLE,21.4,Wait,,22.454,22.7598,24.2828,0.0476,1.1705,-0.1834,0.1243,0.1533,-1.5231,3.5,0.21
2026-09-08,LFST,"LifeStance Health Group, Inc.",医疗健康,医疗服务,XLV,12.8,Wait,,13.018,13.1549,11.2926,0.0357,0.9049,0.1184,0.4068,0.2923,1.8623,3.5,0.2805
2026-09-08,LH,Labcorp Holdings Inc.,医疗健康,诊断检测,XLV,324.86,Wait,,342.5886,344.827,316.9558,0.023,-0.6068,0.0249,0.1387,0.3599,27.8712,3,0.4354
2026-09-08,LHX,"L3Harris Technologies, Inc.",航空国防,航空航天国防,ITA,255.74,Bad Market,,294.3774,296.3104,282.6489,0.0252,-2.5347,-0.1577,0.4817,0.1782,13.6615,3.5,0.3969
2026-09-08,LIN,Linde plc,基础材料,化工气体,XLB,468.38,Wait,,496.8029,499.4086,520.5827,0.0185,-1.8695,-0.1025,0.261,0.1562,-21.174,3,0.5
2026-09-08,LITE,Lumentum Holdings Inc.,科技硬件,光通信,XLK,978.535,Wait,,983.0062,1004.1655,686.7764,0.0721,1.3419,-0.0257,0.1352,0.0539,317.3891,4,0.2
2026-09-08,LLY,Eli Lilly and Company,医疗健康,制药,XLV,1123.91,Wait,,1291.5791,1302.2235,1156.1553,0.0316,-2.2177,-0.0176,0.17,0.0238,146.0682,3.5,0.3168
2026-09-08,LMT,Lockheed Martin Corporation,航空国防,航空航天国防,ITA,536.15,Bad Market,,614.0415,618.2013,560.1491,0.0259,-2.6251,-0.037,0.236,0.0524,58.0522,3.5,0.3867
2026-09-08,LNG,"Cheniere Energy, Inc.",油气,油气中游,XLE,276.02,Wait,,298.6202,301.1122,266.786,0.0301,-0.3609,0.0621,0.104,0.2036,34.3262,3.5,0.3323
2026-09-08,LNT,Alliant Energy Corporation,公用电力,天然气/电力,XLU,68.61,Bad Market,,71.1765,71.5223,74.5713,0.0168,-0.2151,-0.0873,0.0893,0.1165,-3.0489,3,0.5
2026-09-08,LOGI,Logitech International S.A. - R,科技硬件,硬件,XLK,98.51,Wait,,107.3151,108.1738,101.6419,0.0291,-0.5623,-0.0875,0.1202,0.0861,6.5319,3.5,0.3442
2026-09-08,LPG,Dorian LPG Ltd.,航运,海运,SEA,53.49,Wait,,55.7349,56.3111,48.4771,0.0359,2.2417,0.0728,0.3672,0.2307,7.834,3.5,0.2785
2026-09-08,LQDA,Liquidia Corporation,医疗健康,生物制药,XBI,67.68,Wait,,91.7742,92.8905,76.1459,0.055,-1.4732,-0.0589,0.4331,0.0263,16.7446,4,0.2
2026-09-08,LRCX,Lam Research Corporation,半导体,半导体设备,SOXX,320.42,Bad Market,,347.0826,351.9465,368.4776,0.0506,0.4723,-0.1327,0.0819,0.0939,-16.531,4,0.2
2026-09-08,LSCC,Lattice Semiconductor Corporati,半导体,半导体,SOXX,117.49,Bad Market,,133.8449,135.5426,135.4636,0.0482,-0.508,-0.1849,0.2018,0.167,0.079,3.5,0.2076
2026-09-08,LTH,"Life Time Group Holdings, Inc.",消费,消费服务,XLY,42.47,Bad Market,,46.1547,46.5364,41.2768,0.03,-1.2607,-0.0025,0.0731,0.1555,5.2596,3.5,0.3338
2026-09-08,LUMN,"Lumen Technologies, Inc.",通讯服务,电信,XLC,6.64,Bad Market,,6.9824,7.091,6.8717,0.0545,0.9156,-0.1613,0.1729,0.1447,0.2193,4,0.2
2026-09-08,LUNR,"Intuitive Machines, Inc.",航空国防,航空航天国防,ITA,15.68,Bad Market,,20.6064,20.946,18.322,0.0722,-0.9722,-0.3914,0.0515,0.1881,2.624,4,0.2
2026-09-08,LWLG,"Lightwave Logic, Inc.",科技硬件,电光聚合物材料,XLK,5.6,Wait,,8.2052,8.348,8.1257,0.085,-1.4336,-0.3998,0.3257,0.1957,0.2223,4,0.2
2026-09-08,LYB,LyondellBasell Industries NV,基础材料,化工,XLB,64.59,Wait,,68.7459,69.4134,60.3129,0.0344,0.0508,-0.0616,0.1158,0.073,9.1005,3.5,0.2903
2026-09-08,MA,Mastercard Incorporated,金融地产,支付,XLF,570.89,Wait,,604.8836,607.8977,569.7185,0.0176,-0.8751,-0.0889,0.0414,0.2388,38.1793,3,0.5
2026-09-08,MANE,"Veradermics, Incorporated",医疗健康,生物制药,XBI,103.83,Wait,,115.5692,117.338,106.1563,0.0568,-0.0742,-0.1502,0.0898,0.0461,11.1816,4,0.2
2026-09-08,MANH,"Manhattan Associates, Inc.",软件,软件,IGV,207.92,Wait,,225.8392,228.2647,195.4629,0.0389,-0.1951,0.0473,0.2183,0.3175,32.8018,3.5,0.2572
2026-09-08,MARA,"MARA Holdings, Inc.",数据中心,数据中心,DTCR,11.83,Bad Market,,12.0564,12.3361,11.121,0.0788,1.4707,-0.0624,0.1046,0.0803,1.2151,4,0.2
2026-09-08,MCD,McDonald's Corporation,消费,餐饮,XLY,255.81,Bad Market,,278.5806,279.973,268.2863,0.0181,-2.4352,-0.1105,0.4114,0.1357,11.6867,3,0.5
2026-09-08,MCHP,Microchip Technology Incorporat,半导体,半导体,SOXX,73.38,Bad Market,,85.4238,86.3078,92.397,0.0402,-0.9097,-0.2148,0.0259,0.2053,-6.0893,3.5,0.249
2026-09-08,MDA,MDA Space Ltd.,航空国防,航空航天国防,ITA,30.14,Bad Market,,35.9314,36.3574,37.1398,0.0471,-0.9211,-0.258,0.2546,0.1586,-0.7823,3.5,0.2122
2026-09-08,MDB,"MongoDB, Inc.",软件,软件,IGV,356.0,Wait,,476.8858,483.7796,380.3735,0.0645,-3.021,0.0907,0.0375,0.0335,103.4061,4,0.2
2026-09-08,MDLN,Medline Inc.,医疗健康,医疗用品,XLV,34.69,Wait,,36.9369,37.3802,38.0179,0.0426,-0.2061,-0.1112,0.0114,0.023,-0.6377,3.5,0.2347
2026-09-08,MDT,Medtronic plc.,医疗健康,医疗器械,IHI,92.39,Wait,,95.0939,95.7886,86.0652,0.0251,0.2857,0.0886,0.2581,0.2151,9.7234,3.5,0.399
2026-09-08,MEOH,Methanex Corporation,基础材料,甲醇,XLB,60.39,Wait,,61.1739,61.8285,52.9327,0.0361,1.307,-0.0419,0.2487,0.1043,8.8958,3.5,0.2768
2026-09-08,MET,"MetLife, Inc.",金融地产,保险,XLF,95.5,Wait,,100.9006,101.471,94.2461,0.0199,-0.425,0.0205,0.1894,0.1677,7.2249,3,0.5
2026-09-08,META,"Meta Platforms, Inc.",通讯服务,互联网媒体,XLC,613.48,Bad Market,,622.9048,628.8246,612.2461,0.0322,1.8548,-0.0465,0.1208,0.0537,16.5785,3.5,0.3109
2026-09-08,MFC,Manulife Financial Corporation,金融地产,保险,XLF,43.38,Wait,,44.9882,45.2271,42.3808,0.0184,-0.0684,0.059,0.1336,0.1371,2.8463,3,0.5
2026-09-08,MGA,"Magna International, Inc.",消费,汽车零部件,XLY,66.56,Bad Market,,73.7156,74.3394,65.7721,0.0312,-0.8976,0.0509,0.0453,0.0181,8.5673,3.5,0.3201
2026-09-08,MGNI,"Magnite, Inc.",软件,广告技术,IGV,23.7,Wait,,25.117,25.4166,21.3849,0.0421,-0.2754,0.1044,0.0698,0.2052,4.0317,3.5,0.2373
2026-09-08,MGY,Magnolia Oil & Gas Corporation,油气,油气勘探开发,XLE,27.42,Wait,,28.4942,28.7336,25.427,0.0291,0.7193,-0.0698,0.2727,0.0365,3.3066,3.5,0.3436
2026-09-08,MHK,"Mohawk Industries, Inc.",消费,家居用品,XLY,129.72,Bad Market,,141.3972,142.5956,126.1188,0.0308,-0.9349,-0.0474,0.0581,0.1239,16.4768,3.5,0.3247
2026-09-08,MKSI,MKS Inc.,半导体,半导体设备,SOXX,265.5,Bad Market,,323.7114,328.1686,385.3708,0.056,-0.8959,-0.1888,0.1618,0.2016,-57.2022,4,0.2
2026-09-08,MLI,"Mueller Industries, Inc.",工业,工业金属,XLI,63.58,Bad Market,,70.0958,70.6295,63.5281,0.028,-0.3881,-0.0623,0.2779,0.0851,7.1015,3.5,0.3574
2026-09-08,MMM,3M Company,工业,工业制造,XLI,167.52,Bad Market,,185.4552,186.4761,173.5709,0.0203,-2.9672,-0.1154,0.4916,0.0674,12.9052,3,0.4923
2026-09-08,MNR,Mach Natural Resources LP,油气,油气勘探开发,XLE,12.71,Wait,,13.4471,13.524,12.8713,0.0202,-0.0078,-0.1853,0.2687,0.0435,0.6527,3,0.496
2026-09-08,MNST,Monster Beverage Corporation,消费,消费必需品,XLP,43.15,Bad Market,,49.3515,49.6698,46.7874,0.0246,-3.0911,0.0162,0.2673,0.0754,2.8823,3,0.4067
2026-09-08,MOG.A,Moog Inc.,航空国防,航空航天国防,ITA,369.61,Bad Market,,449.0761,453.2498,396.6867,0.0376,-1.9348,-0.0257,0.2407,0.0935,56.5631,3.5,0.2657
2026-09-08,MOS,Mosaic Company (The),基础材料,化肥,MOO,26.53,Too High,,26.1153,26.4436,22.0197,0.0413,2.7354,0.0598,0.2724,0.1378,4.4239,3.5,0.2424
2026-09-08,MPC,Marathon Petroleum Corporation,油气,炼油,XLE,397.77,Too High,,392.8777,396.1745,350.4374,0.0276,3.1966,0.1275,0.7365,0.521,45.7371,3.5,0.362
2026-09-08,MPLX,MPLX LP,油气,油气中游,AMLP,59.83,Wait,,60.9019,61.1911,57.6185,0.0161,0.7812,-0.0629,0.0653,0.1066,3.5726,3,0.5
2026-09-08,MRCY,Mercury Systems Inc,航空国防,航空航天国防,ITA,83.46,Bad Market,,114.3356,115.7991,106.6971,0.0584,-2.5857,-0.0931,0.5041,0.166,9.102,4,0.2
2026-09-08,MRNA,"Moderna, Inc.",医疗健康,生物制药,XBI,140.33,Wait,,177.0337,181.0143,121.3055,0.0946,1.6857,0.6306,0.34,0.228,59.7088,4,0.2
2026-09-08,MRVL,"Marvell Technology, Inc.",半导体,半导体,SOXX,225.41,Bad Market,,254.0568,258.6269,249.6447,0.0676,0.0546,-0.076,0.0771,0.1513,8.9822,4,0.2
2026-09-08,MRX,Marex Group Limited,金融地产,资本市场,XLF,76.71,Wait,,79.0371,80.0389,66.5819,0.0435,1.7166,0.1243,0.3733,0.1258,13.4571,3.5,0.2297
2026-09-08,MS,Morgan Stanley,金融地产,投行,XLF,216.24,Wait,,220.5424,221.9957,214.0167,0.0224,0.2453,-0.0994,0.0556,0.0435,7.979,3,0.4464
2026-09-08,MSFT,Microsoft Corporation,软件,软件,IGV,493.95,Wait,,518.4695,521.9723,478.5025,0.0236,-0.1507,-0.0349,0.0467,0.2695,43.4698,3,0.4231
2026-09-08,MSGE,Madison Square Garden Entertain,通讯服务,影视娱乐,XLC,76.75,Bad Market,,89.1875,89.8688,80.4718,0.0296,-1.6005,-0.0339,0.0026,0.052,9.3969,3.5,0.338
2026-09-08,MSGS,Madison Square Garden Sports Co,通讯服务,体育娱乐,XLC,390.77,Bad Market,,418.0277,421.0169,379.2454,0.0255,-0.741,-0.0626,0.0075,0.0799,41.7715,3.5,0.3922
2026-09-08,MT,Arcelor Mittal NY Registry Shar,基础材料,钢铁,XLB,77.15,Wait,,79.5115,80.1423,71.3809,0.0273,1.4929,-0.0191,0.1696,0.2167,8.7614,3.5,0.3669
2026-09-08,MTCH,"Match Group, Inc.",通讯服务,互联网媒体,XLC,41.15,Bad Market,,42.8515,43.2082,38.2787,0.0289,0.9571,0.0298,0.3276,0.1517,4.9295,3.5,0.3461
2026-09-08,MTDR,Matador Resources Company,油气,油气勘探开发,XLE,59.77,Wait,,60.3177,60.8543,53.4599,0.0299,1.8917,-0.0774,0.5209,0.1909,7.3944,3.5,0.3342
2026-09-08,MTRN,Materion Corporation,工业,工业金属,XLI,255.69,Bad Market,,292.7637,296.8342,243.1164,0.0531,0.2489,0.0547,0.1614,0.0396,53.7178,4,0.2
2026-09-08,MTZ,"MasTec, Inc.",工业,建筑,XLI,246.18,Bad Market,,305.2993,309.5282,372.7045,0.0573,-1.0653,-0.1575,0.0859,0.2084,-63.1763,4,0.2
2026-09-08,MU,"Micron Technology, Inc.",半导体,半导体,SOXX,1000.26,Bad Market,,1027.395,1043.6025,997.4603,0.054,1.0543,-0.1186,0.2237,0.0595,46.1422,4,0.2
2026-09-08,MUFG,"Mitsubishi UFJ Financial Group,",金融地产,银行,XLF,23.6,Wait,,24.3618,24.5009,22.739,0.0196,2.0079,0.0342,0.1667,0.1395,1.7619,3,0.5
2026-09-08,MWH,"SOLV Energy, Inc.",公用电力,太阳能,TAN,25.66,Bad Market,,33.0438,33.5145,30.5637,0.0611,-1.6921,-0.1689,0.1198,0.1533,2.9508,4,0.2
2026-09-08,MXL,"MaxLinear, Inc",半导体,半导体,SOXX,66.5,Bad Market,,85.994,87.725,104.9499,0.0868,-0.1393,-0.2143,0.0488,0.0735,-17.2248,4,0.2
2026-09-08,NAT,Nordic American Tankers Limited,航运,海运,SEA,7.14,Wait,,7.3214,7.4002,6.3309,0.0368,1.2852,0.0313,0.2846,0.1727,1.0693,3.5,0.2719
2026-09-08,NBIS,Nebius Group N.V.,数据中心,数据中心,DTCR,243.88,Bad Market,,281.5161,287.2702,209.9685,0.0786,1.0596,-0.0546,0.2066,0.0575,77.3017,4,0.2
2026-09-08,NBIX,"Neurocrine Biosciences, Inc.",医疗健康,生物科技,XBI,155.13,Wait,,166.4713,167.8154,169.8188,0.0289,-0.1071,-0.0433,0.1129,0.0227,-2.0034,3.5,0.3462
2026-09-08,NDAQ,"Nasdaq, Inc.",金融地产,资本市场,XLF,95.04,Wait,,100.4204,101.0586,93.0883,0.0224,-1.1454,-0.0628,0.0177,0.1938,7.9702,3,0.4468
2026-09-08,NDSN,Nordson Corporation,工业,工业机械,XLI,316.8,Bad Market,,337.868,339.9134,314.2458,0.0215,-0.3743,0.03,0.1025,0.1138,25.6677,3,0.4646
2026-09-08,NE,Noble Corporation plc A,油气,油气设备服务,XLE,45.89,Wait,,48.5389,48.9976,42.7285,0.0333,0.1478,-0.026,0.3152,0.0889,6.2691,3.5,0.3001
2026-09-08,NEE,"NextEra Energy, Inc.",公用电力,电力,XLU,83.83,Bad Market,,86.8911,87.2937,85.7635,0.016,-0.4679,-0.1788,0.0741,0.0834,1.5302,3,0.5
2026-09-08,NEM,Newmont Corporation,矿业,金,GDX,127.09,Wait,,136.4109,137.7548,119.4607,0.0352,0.5102,0.0242,0.3058,0.1694,18.2941,3.5,0.2837
2026-09-08,NESR,National Energy Services Reunit,油气,油气设备服务,XLE,34.18,Wait,,36.6518,37.1035,31.04,0.0441,-0.313,0.0352,0.2886,0.2192,6.0635,3.5,0.227
2026-09-08,NET,"Cloudflare, Inc.",软件,网络安全,IGV,284.3,Wait,,333.9862,338.7206,267.7055,0.0555,-0.7591,0.0815,0.0006,0.141,71.0151,4,0.2
2026-09-08,NFLX,"Netflix, Inc.",通讯服务,流媒体娱乐,XLC,76.77,Bad Market,,83.4977,84.2151,74.3606,0.0311,-1.0622,-0.0321,0.0979,0.0083,9.8544,3.5,0.321
2026-09-08,NGL,NGL ENERGY PARTNERS LP,油气,油气中游,AMLP,17.57,Wait,,19.1457,19.3984,16.0217,0.0479,0.003,0.0621,0.0222,0.0734,3.3767,3.5,0.2086
2026-09-08,NHC,National HealthCare Corporation,医疗健康,医疗服务,XLV,220.97,Wait,,238.9597,241.1253,211.4848,0.0327,-0.4588,0.0041,0.0208,0.0993,29.6405,3.5,0.3061
2026-09-08,NI,NiSource Inc,公用电力,天然气/电力,XLU,41.9,Bad Market,,43.765,43.996,46.7702,0.0184,0.5871,-0.0973,0.1958,0.2147,-2.7742,3,0.5
2026-09-08,NJR,NewJersey Resources Corporation,公用电力,天然气,XLU,54.0,Bad Market,,56.0993,56.3989,57.0539,0.0185,-0.3239,-0.1208,0.0415,0.0331,-0.655,3,0.5
2026-09-08,NKE,"Nike, Inc.",消费,运动服饰,XLY,38.1,Bad Market,,42.491,42.8134,41.4387,0.0282,-1.6061,-0.1747,0.2635,0.1754,1.3747,3.5,0.3545
2026-09-08,NMM,Navios Maritime Partners LP,航运,海运,SEA,90.18,Wait,,93.0618,93.8024,83.5192,0.0274,1.7577,0.0347,0.3645,0.2761,10.2832,3.5,0.3653
2026-09-08,NN,NextNav Inc.,科技硬件,软件基础设施,XLK,15.22,Wait,,20.1144,20.4436,15.5064,0.0721,-1.5615,-0.1476,0.0152,0.0953,4.9372,4,0.2
2026-09-08,NOG,"Northern Oil and Gas, Inc.",油气,油气勘探开发,XLE,25.68,Wait,,27.5968,27.8537,24.3423,0.0334,-0.0163,-0.055,0.4804,0.2203,3.5114,3.5,0.2998
2026-09-08,NOK,Nokia Corporation Sponsored,科技硬件,通讯设备,XLK,10.65,Wait,,10.8865,11.0299,12.7564,0.0449,1.0352,-0.2081,0.2319,0.1436,-1.7265,3.5,0.2227
2026-09-08,NOV,NOV Inc.,油气,油气设备服务,XLE,21.39,Wait,,21.9239,22.1187,19.4371,0.0304,0.8084,-0.0107,0.2022,0.1573,2.6816,3.5,0.3294
2026-09-08,NRG,"NRG Energy, Inc.",公用电力,电力,XLU,119.64,Bad Market,,127.4364,128.9572,131.6173,0.0424,0.7085,-0.1316,0.0104,0.0848,-2.6601,3.5,0.236
2026-09-08,NTAP,"NetApp, Inc.",科技硬件,硬件,XLK,189.13,Wait,,208.9713,211.5178,177.3707,0.0449,-0.4899,0.1985,0.0337,0.1576,34.1472,3.5,0.2228
2026-09-08,NTNX,"Nutanix, Inc.",软件,软件,IGV,67.49,Wait,,70.5149,71.2068,61.7675,0.0342,0.329,0.0437,0.2944,0.3775,9.4393,3.5,0.2926
2026-09-08,NTR,Nutrien Ltd.,基础材料,化肥,MOO,80.68,Wait,,81.5368,82.188,73.1324,0.0269,3.6743,0.0863,0.5103,0.3071,9.0556,3.5,0.3717
2026-09-08,NU,Nu Holdings Ltd.,金融地产,银行,XLF,15.33,Wait,,15.8333,16.0141,13.5704,0.0393,1.1754,0.0876,0.1603,0.1697,2.4438,3.5,0.2543
2026-09-08,NVDA,NVIDIA Corporation,半导体,半导体,SOXX,225.73,Bad Market,,232.6173,234.8632,204.1577,0.0332,0.7544,0.0455,0.0696,0.0641,30.7055,3.5,0.3015
2026-09-08,NVGS,Navigator Holdings Ltd.,航运,海运,SEA,22.5,Wait,,23.185,23.3702,20.7997,0.0274,1.3123,-0.0439,0.2583,0.0392,2.5705,3.5,0.3645
2026-09-08,NVO,Novo Nordisk A/S,医疗健康,制药,XLV,45.16,Wait,,49.1116,49.5264,46.7707,0.0306,-0.9626,-0.035,0.045,0.0414,2.7557,3.5,0.3266
2026-09-08,NVTS,Navitas Semiconductor Corporati,半导体,半导体,SOXX,12.0,Bad Market,,14.7681,15.0502,20.258,0.0784,-0.7076,-0.3533,0.0383,0.3223,-5.2078,4,0.2
2026-09-08,NWE,"NorthWestern Energy Group, Inc.",公用电力,天然气/电力,XLU,71.78,Bad Market,,72.7855,73.2029,69.2467,0.0194,0.8368,-0.0978,0.1032,0.0479,3.9561,3,0.5
2026-09-08,NXE,Nexgen Energy Ltd.,矿业,铀,URA,10.69,Wait,,11.3169,11.4598,9.5434,0.0445,0.2247,-0.087,0.0801,0.003,1.9164,3.5,0.2245
2026-09-08,NXPI,NXP Semiconductors N.V.,半导体,半导体,SOXX,223.87,Bad Market,,241.9487,244.1615,297.4246,0.0329,-0.518,-0.2754,0.1122,0.2851,-53.2632,3.5,0.3035
2026-09-08,NXT,Nextpower Inc.,公用电力,太阳能,TAN,85.45,Bad Market,,105.7723,107.1107,111.2247,0.0522,-1.2587,-0.3293,0.2711,0.2202,-4.1141,4,0.2
2026-09-08,NYT,New York Times Company (The),通讯服务,媒体出版,XLC,67.96,Bad Market,,69.2896,69.8217,71.482,0.0261,0.9215,-0.1217,0.2344,0.0792,-1.6602,3.5,0.3831
2026-09-08,OGE,OGE Energy Corp,公用电力,电力,XLU,47.39,Bad Market,,47.8898,48.1236,47.6114,0.0164,1.1597,-0.0798,0.0758,0.0038,0.5122,3,0.5
2026-09-08,OGN,Organon & Co.,医疗健康,制药,XLV,13.75,Wait,,13.7975,13.8081,13.6748,0.0026,0.5703,-0.7029,0.5556,0.3019,0.1333,3,0.5
2026-09-08,OKE,"ONEOK, Inc.",油气,油气中游,AMLP,97.51,Wait,,98.0451,98.7761,89.7595,0.025,1.3115,0.009,0.3757,0.1908,9.0166,3,0.4002
2026-09-08,OKLO,Oklo Inc.,公用电力,核能,NLR,43.31,Bad Market,,49.0065,49.8862,49.4401,0.0677,0.3214,-0.2912,0.0252,0.176,0.4461,4,0.2
2026-09-08,OKTA,"Okta, Inc.",软件,网络安全,IGV,167.595,Wait,,174.778,177.385,138.2803,0.0519,1.8681,0.2179,0.1971,0.2166,39.1047,4,0.2
2026-09-08,OMC,Omnicom Group Inc.,通讯服务,广告传媒,XLC,81.13,Bad Market,,89.7513,90.5121,80.0639,0.0313,-2.1131,0.0002,0.0467,0.12,10.4482,3.5,0.3199
2026-09-08,ON,ON Semiconductor Corporation,半导体,半导体,SOXX,71.08,Bad Market,,84.0908,85.1043,119.7253,0.0475,-1.5881,-0.2997,0.199,0.2905,-34.621,3.5,0.2104
2026-09-08,ONDS,Ondas Inc,科技硬件,通讯设备,XLK,7.62,Wait,,9.8784,10.041,7.6022,0.0711,-1.6168,-0.2497,0.1633,0.0894,2.4388,4,0.2
2026-09-08,OR,OR Royalties Inc.,矿业,金,GDX,36.91,Wait,,39.2891,39.6815,34.3425,0.0354,0.9076,-0.0724,0.2739,0.0585,5.3389,3.5,0.2822
2026-09-08,ORA,"Ormat Technologies, Inc.",公用电力,再生能源,XLU,107.97,Bad Market,,115.8397,116.8405,117.8741,0.0309,-0.0857,-0.0965,0.0146,0.1617,-1.0336,3.5,0.3237
2026-09-08,ORCL,Oracle Corporation,软件,软件,IGV,162.52,Enter,0.9872,160.4052,162.5473,159.2983,0.0439,1.9899,-0.1196,0.2121,0.0923,3.2491,3.5,0.2276
2026-09-08,OSCR,"Oscar Health, Inc.",医疗健康,健康保险,XLV,33.01,Wait,,33.1004,33.611,25.9517,0.0516,1.2796,0.0777,0.3755,0.0998,7.6593,4,0.2
2026-09-08,OVV,Ovintiv Inc. (DE),油气,油气勘探开发,XLE,64.1,Wait,,67.551,68.0914,60.6053,0.0281,-0.4416,-0.0095,0.2188,0.2136,7.4861,3.5,0.3558
2026-09-08,OXY,Occidental Petroleum Corporatio,油气,油气勘探开发,XLE,60.65,Wait,,62.1265,62.5611,57.1737,0.0239,0.7189,-0.1149,0.2923,0.1842,5.3875,3,0.4186
2026-09-08,P,"Everpure, Inc.",工业,污水处理,XLI,101.14,Bad Market,,119.313,121.0426,95.0994,0.057,-0.6735,0.1455,0.1651,0.1586,25.9432,4,0.2
2026-09-08,PAA,"Plains All American Pipeline, L",油气,油气中游,AMLP,25.965,Wait,,26.097,26.2392,24.4381,0.0183,2.7881,-0.0113,0.3903,0.303,1.8011,3,0.5
2026-09-08,PAAS,Pan American Silver Corp.,矿业,银,SIL,51.0,Wait,,55.4,56.0389,47.4367,0.0418,-0.1484,-0.0833,0.0914,0.0309,8.6022,3.5,0.2395
2026-09-08,PACS,"PACS Group, Inc.",医疗健康,医疗服务,XLV,43.67,Wait,,48.8867,49.4294,42.1181,0.0414,-0.2153,-0.072,0.2,0.1587,7.3114,3.5,0.2414
2026-09-08,PANW,"Palo Alto Networks, Inc.",软件,网络安全,IGV,336.98,Wait,,399.7018,405.2545,321.9641,0.0549,-1.4481,0.2448,0.0939,0.0914,83.2904,4,0.2
2026-09-08,PARR,"Par Pacific Holdings, Inc. Comm",油气,炼油,XLE,82.08,Wait,,83.0406,84.3916,68.0175,0.0549,0.8862,0.1502,0.2476,0.2582,16.3741,4,0.2
2026-09-08,PATH,"UiPath, Inc.",软件,软件,IGV,14.01,Wait,,18.8759,19.1848,14.5517,0.0735,-2.5933,0.247,0.0008,0.1561,4.6331,4,0.2
2026-09-08,PAY,"Paymentus Holdings, Inc.",软件,软件,IGV,35.65,Wait,,42.5527,43.0966,37.347,0.0509,-1.6065,0.1101,0.2024,0.2329,5.7497,4,0.2
2026-09-08,PAYC,"Paycom Software, Inc.",软件,软件,IGV,219.16,Wait,,242.7116,245.2719,210.6502,0.0389,-0.9261,0.1311,0.0399,0.3835,34.6217,3.5,0.2568
2026-09-08,PBA,Pembina Pipeline Corp.,油气,油气中游,AMLP,49.16,Wait,,49.7907,50.0491,48.786,0.0175,0.5753,-0.0262,0.1179,0.1031,1.263,3,0.5
2026-09-08,PBF,PBF Energy Inc.,油气,炼油,XLE,76.77,Enter,0.4195,76.2718,77.4594,59.6449,0.0516,1.2275,0.1566,0.308,0.3298,17.8145,4,0.2
2026-09-08,PBR,Petroleo Brasileiro S.A. Petrob,油气,综合油气,XLE,20.83,Wait,,21.0683,21.2613,18.6082,0.0309,3.2267,0.1449,0.257,0.222,2.6531,3.5,0.3238
2026-09-08,PCG,Pacific Gas & Electric Co.,公用电力,电力,XLU,14.82,Bad Market,,18.5418,18.8144,14.7249,0.0613,-2.0528,0.5025,0.1811,0.0878,4.0894,4,0.2
2026-09-08,PENG,"Penguin Solutions, Inc.",数据中心,数据中心,DTCR,51.3,Bad Market,,64.5614,65.7036,66.1615,0.0742,-0.6254,-0.193,0.1182,0.0889,-0.4579,4,0.2
2026-09-08,PEP,"Pepsico, Inc.",消费,消费必需品,XLP,138.45,Bad Market,,145.8606,146.5749,137.8367,0.0172,-0.8815,-0.1644,0.0004,0.0409,8.7382,3,0.5
2026-09-08,PFE,"Pfizer, Inc.",医疗健康,生物技术,XLV,27.79,Wait,,29.2979,29.4782,27.2166,0.0216,-0.0083,0.0574,0.202,0.1481,2.2617,3,0.4623
2026-09-08,PFG,Principal Financial Group Inc,金融地产,保险,XLF,115.04,Wait,,119.6604,120.4598,110.5155,0.0232,0.8809,0.1149,0.0134,0.0773,9.9443,3,0.4317
2026-09-08,PG,Procter & Gamble Company (The),消费,消费必需品,XLP,145.58,Bad Market,,148.8607,149.5932,145.4256,0.0168,0.2501,-0.135,0.062,0.0599,4.1675,3,0.5
2026-09-08,PGR,Progressive Corporation (The),金融地产,保险,XLF,214.9,Wait,,226.069,227.4541,220.6288,0.0215,-0.322,-0.0976,0.0071,0.0508,6.8253,3,0.4654
2026-09-08,PH,Parker-Hannifin Corporation,工业,工业机械,XLI,955.87,Bad Market,,1083.4287,1090.6425,989.7094,0.0252,-2.4821,-0.0209,0.4573,0.0038,100.9331,3.5,0.3975
2026-09-08,PK,Park Hotels & Resorts Inc.,金融地产,酒店地产,XLRE,15.11,Bad Market,,16.3211,16.4474,14.6963,0.0279,-0.6389,0.029,0.1418,0.0343,1.7511,3.5,0.3589
2026-09-08,PL,Planet Labs PBC,航空国防,航空航天国防,ITA,17.81,Bad Market,,25.0277,25.4442,27.5766,0.078,-2.8937,-0.352,0.3982,0.2381,-2.1325,4,0.2
2026-09-08,PLAB,"Photronics, Inc.",半导体,半导体材料,SOXX,29.36,Bad Market,,33.9317,34.4292,27.4267,0.0565,-0.6968,-0.1542,0.1791,0.0945,7.0025,4,0.2
2026-09-08,PLD,"Prologis, Inc.",金融地产,工业地产,XLRE,138.48,Bad Market,,144.477,145.1472,143.358,0.0161,-0.8899,-0.1822,0.031,0.0248,1.7892,3,0.5
2026-09-08,PLTR,Palantir Technologies Inc.,软件,软件,IGV,170.3,Wait,,188.083,190.5822,157.2222,0.0489,-0.7946,0.094,0.1274,0.1622,33.3601,3.5,0.2044
2026-09-08,PM,Philip Morris International Inc,消费,消费必需品,XLP,184.73,Bad Market,,195.9473,197.2894,186.7489,0.0242,-0.8703,-0.0612,0.0667,0.0424,10.5405,3,0.4129
2026-09-08,PNR,Pentair plc.,工业,污水处理,XLI,58.62,Bad Market,,70.4862,71.062,70.0027,0.0327,-2.4781,-0.15,0.5306,0.2443,1.0593,3.5,0.3054
2026-09-08,PNW,Pinnacle West Capital Corporati,公用电力,电力,XLU,98.04,Bad Market,,102.2742,102.7507,104.6051,0.0162,-0.4911,-0.1229,0.2179,0.0888,-1.8544,3,0.5
2026-09-08,POET,POET Technologies Inc.,半导体,半导体,SOXX,8.31,Bad Market,,9.6971,9.8729,9.8072,0.0705,0.1835,-0.3735,0.0348,0.1692,0.0657,4,0.2
2026-09-08,POR,Portland General Electric Co,公用电力,电力,XLU,49.47,Bad Market,,51.304,51.5643,50.4762,0.0175,-0.1146,-0.0855,0.0964,0.0264,1.0881,3,0.5
2026-09-08,POWI,"Power Integrations, Inc.",半导体,半导体,SOXX,50.46,Bad Market,,65.1661,66.0302,75.8281,0.0571,-1.9688,-0.2226,0.2763,0.3104,-9.7979,4,0.2
2026-09-08,PPC,Pilgrim's Pride Corporation,基础材料,农业,MOO,29.99,Wait,,32.7299,33.0688,28.4767,0.0377,-0.0376,0.006,0.2003,0.0854,4.5921,3.5,0.2655
2026-09-08,PPL,PPL Corporation,公用电力,电力,XLU,35.08,Bad Market,,36.3171,36.4954,35.2373,0.0169,0.0404,-0.1026,0.0695,0.0164,1.2581,3,0.5
2026-09-08,PR,Permian Resources Corporation,油气,油气勘探开发,XLE,23.65,Wait,,24.1065,24.2965,21.6538,0.0268,1.3795,0.0022,0.3979,0.2584,2.6427,3.5,0.3735
2026-09-08,PRM,"Perimeter Solutions, SA",基础材料,化工,XLB,32.05,Wait,,37.6705,38.1021,32.7451,0.0449,0.0348,-0.0859,0.3635,0.1076,5.3569,3.5,0.2228
2026-09-08,PRU,"Prudential Financial, Inc.",金融地产,保险,XLF,119.38,Wait,,126.3238,127.1056,117.3119,0.0218,-0.8736,0.0664,0.0799,0.1789,9.7937,3,0.4581
2026-09-08,PSX,Phillips 66,油气,炼油,XLE,259.14,Enter,0.2188,258.6814,260.7775,231.6355,0.027,2.6662,0.1089,0.6425,0.5078,29.142,3.5,0.3709
2026-09-08,PTEN,"Patterson-UTI Energy, Inc.",油气,油气勘探开发,XLE,12.66,Wait,,13.2766,13.442,11.2209,0.0435,1.2301,0.043,0.389,0.1567,2.2211,3.5,0.2297
2026-09-08,PWR,"Quanta Services, Inc.",工业,建筑工程,XLI,639.05,Bad Market,,728.7005,736.0124,654.835,0.0381,-0.2467,-0.0686,0.1027,0.0731,81.1774,3.5,0.2622
2026-09-08,Q,"Qnity Electronics, Inc.",半导体,半导体材料,SOXX,123.28,Bad Market,,143.8228,145.5499,155.4906,0.0467,-0.9899,-0.1712,0.1497,0.2191,-9.9407,3.5,0.2141
2026-09-08,QBTS,D-Wave Quantum Inc.,科技硬件,量子计算,QTUM,17.67,Bad Market,,21.4092,21.7679,20.2466,0.0677,-0.9533,-0.2667,0.1159,0.1485,1.5214,4,0.2
2026-09-08,QCOM,QUALCOMM Incorporated,半导体,半导体,SOXX,174.09,Bad Market,,172.2209,174.2095,202.9101,0.0381,1.5191,-0.2497,0.2502,0.229,-28.7006,3.5,0.2626
2026-09-08,QLYS,"Qualys, Inc.",软件,软件,IGV,170.32,Wait,,197.5832,200.1369,166.0868,0.05,-1.4428,0.1311,0.137,0.2279,34.0502,3.5,0.2001
2026-09-08,QMCO,Quantum Corporation,科技硬件,硬件,XLK,24.46,Wait,,26.5009,27.0872,18.2927,0.0799,0.9985,0.2684,0.3974,0.1847,8.7945,4,0.2
2026-09-08,QNT,Quantinuum Inc.,科技硬件,量子计算,QTUM,50.47,Bad Market,,72.5321,73.7203,67.3275,0.0785,-1.3555,-0.3343,0.1424,0.1121,6.3928,4,0.2
2026-09-08,QRVO,"Qorvo, Inc.",半导体,半导体,SOXX,104.07,Bad Market,,103.8807,104.751,92.6859,0.0279,2.4202,-0.0706,0.3194,0.0706,12.0651,3.5,0.3587
2026-09-08,QSR,Restaurant Brands International,消费,餐饮,XLY,78.27,Bad Market,,82.3527,82.8836,76.2608,0.0226,0.1336,-0.0009,0.2511,0.0897,6.6228,3,0.4423
2026-09-08,QUBT,Quantum Computing Inc.,科技硬件,量子计算,QTUM,8.22,Bad Market,,9.271,9.4074,8.9406,0.0553,-0.5683,-0.3103,0.107,0.1485,0.4668,4,0.2
2026-09-08,RBLX,Roblox Corporation,通讯服务,游戏,XLC,44.82,Bad Market,,43.7614,44.4386,48.9214,0.0504,2.6584,-0.2096,0.4526,0.082,-4.4828,4,0.2
2026-09-08,RBRK,"Rubrik, Inc.",软件,软件,IGV,91.63,Wait,,108.1424,109.826,84.5721,0.0612,-0.9495,0.1785,0.0845,0.1347,25.2539,4,0.2
2026-09-08,RCAT,"Red Cat Holdings, Inc.",航空国防,航空航天国防,ITA,8.695,Bad Market,,11.2571,11.4478,8.8978,0.0731,-1.1742,-0.2891,0.003,0.123,2.55,4,0.2
2026-09-08,RCL,Royal Caribbean Cruises Ltd.,消费,旅游,XLY,264.5,Bad Market,,323.195,325.6189,299.1412,0.0305,-3.0959,-0.2405,0.7637,0.1975,26.4776,3.5,0.3274
2026-09-08,RDDT,"Reddit, Inc.",通讯服务,互联网媒体,XLC,149.38,Bad Market,,179.9094,182.6384,166.8825,0.0609,-0.7337,-0.1328,0.0119,0.0758,15.7559,4,0.2
2026-09-08,RDW,Redwire Corporation,航空国防,航空航天国防,ITA,11.23,Bad Market,,13.7361,13.9554,11.4271,0.0651,-0.91,-0.3169,0.0723,0.1213,2.5283,4,0.2
2026-09-08,RGEN,Repligen Corporation,医疗健康,生命科学工具,XLV,168.53,Wait,,183.7153,185.9231,156.2724,0.0437,-0.6345,0.0625,0.1408,0.1932,29.6507,3.5,0.229
2026-09-08,RGTI,"Rigetti Computing, Inc.",科技硬件,量子计算,QTUM,15.81,Bad Market,,19.028,19.3399,17.2206,0.0658,-0.9585,-0.2673,0.0524,0.1501,2.1193,4,0.2
2026-09-08,RIO,Rio Tinto Plc,矿业,金属采矿,XME,103.83,Wait,,107.8483,108.5057,100.2362,0.0211,0.894,-0.0681,0.1432,0.0484,8.2695,3,0.4738
2026-09-08,RIOT,"Riot Platforms, Inc.",数据中心,数据中心,DTCR,22.26,Bad Market,,22.1476,22.669,21.7382,0.0781,1.3733,-0.0298,0.0541,0.1084,0.9308,4,0.2
2026-09-08,RJF,"Raymond James Financial, Inc.",金融地产,券商,XLF,176.55,Wait,,182.9455,184.1153,169.4818,0.0221,-0.3322,0.0025,0.06,0.1856,14.6335,3,0.4528
2026-09-08,RKLB,Rocket Lab Corporation,航空国防,航空航天国防,ITA,65.87,Bad Market,,83.6302,84.8305,91.2362,0.0607,-1.4708,-0.3569,0.2465,0.2471,-6.4057,4,0.2
2026-09-08,RMBS,"Rambus, Inc.",半导体,半导体,SOXX,86.89,Bad Market,,102.4677,103.8893,122.2158,0.0545,-0.9887,-0.3588,0.2157,0.274,-18.3265,4,0.2
2026-09-08,RNG,"Ringcentral, Inc.",软件,软件,IGV,70.19,Wait,,77.0619,78.0015,65.3984,0.0446,0.861,0.131,0.2445,0.3952,12.603,3.5,0.2241
2026-09-08,ROIV,Roivant Sciences Ltd.,医疗健康,生物技术,XLV,41.48,Too High,,37.9948,38.4986,31.7026,0.0405,3.3119,0.316,0.3593,0.2691,6.7959,3.5,0.247
2026-09-08,ROK,"Rockwell Automation, Inc.",工业,工业机械,XLI,429.13,Bad Market,,455.6813,458.8114,463.7795,0.0243,-0.5275,-0.1577,0.1221,0.1147,-4.9681,3,0.4113
2026-09-08,ROKU,"Roku, Inc.",通讯服务,流媒体娱乐,XLC,155.34,Bad Market,,160.8284,161.4694,153.3497,0.0138,-0.5037,-0.2999,0.176,0.2654,8.1197,3,0.5
2026-09-08,RPRX,Royalty Pharma plc,医疗健康,生物技术,XLV,60.59,Wait,,64.5659,65.0445,58.3759,0.0263,-0.1802,0.1819,0.188,0.1752,6.6686,3.5,0.3798
2026-09-08,RTX,RTX Corporation,航空国防,航空航天国防,ITA,198.81,Bad Market,,227.4781,228.7877,212.394,0.022,-3.4309,-0.0564,0.5122,0.1012,16.3937,3,0.4554
2026-09-08,RVTY,"Revvity, Inc.",医疗健康,生命科学工具,XLV,127.08,Wait,,132.2108,133.3422,117.7401,0.0297,1.0557,-0.0035,0.3281,0.2593,15.6021,3.5,0.337
2026-09-08,S,"SentinelOne, Inc.",软件,网络安全,IGV,19.43,Wait,,24.0558,24.3794,19.525,0.0555,-1.9041,0.1459,0.0833,0.1408,4.8544,4,0.2
2026-09-08,SAIL,"SailPoint, Inc.",软件,网络安全,IGV,17.79,Wait,,20.7766,21.1014,16.2284,0.0609,-1.194,0.0773,0.0068,0.1434,4.873,4,0.2
2026-09-08,SAN,"Banco Santander, S.A. Sponsored",金融地产,银行,XLF,14.86,Wait,,15.1838,15.2641,14.2472,0.018,0.8782,-0.133,0.0707,0.1336,1.0168,3,0.5
2026-09-08,SANM,Sanmina Corporation,科技硬件,电子元件,XLK,205.41,Wait,,219.1323,222.2858,211.5136,0.0512,0.7239,-0.1404,0.0021,0.0907,10.7722,4,0.2
2026-09-08,SAP,SAP  SE,软件,软件,IGV,211.49,Wait,,223.6549,225.5159,199.8288,0.0293,-0.3567,-0.0041,0.1609,0.2677,25.6871,3.5,0.3409
2026-09-08,SARO,"StandardAero, Inc.",航空国防,航空航天国防,ITA,24.47,Bad Market,,30.2447,30.5068,27.9524,0.0357,-1.5808,-0.0912,0.566,0.1179,2.5543,3.5,0.2801
2026-09-08,SBGSY,Schneider Electric SE,工业,电气设备,XLI,69.07,Bad Market,,72.2307,72.6717,67.1303,0.0213,0.0306,-0.1248,0.0102,0.0389,5.5413,3,0.4699
2026-09-08,SBLK,Star Bulk Carriers Corp.,航运,海运,SEA,31.02,Wait,,32.7302,33.0192,29.0486,0.0311,0.9011,0.0915,0.2215,0.1773,3.9706,3.5,0.322
2026-09-08,SBS,Companhia de saneamento Basico ,公用电力,污水处理,XLU,5.27,Bad Market,,5.4227,5.474,5.4618,0.0324,2.6151,0.0275,0.0505,0.0042,0.0122,3.5,0.3083
2026-09-08,SBUX,Starbucks Corporation,消费,餐饮,XLY,102.01,Bad Market,,109.5701,110.3184,101.0673,0.0245,-1.8459,-0.0499,0.1165,0.0207,9.2511,3,0.409
2026-09-08,SCCO,Southern Copper Corporation,矿业,铜,COPX,208.56,Wait,,221.7856,224.4156,189.017,0.042,0.7747,0.0443,0.1633,0.0686,35.3986,3.5,0.2379
2026-09-08,SCHW,Charles Schwab Corporation (The,金融地产,券商,XLF,106.87,Wait,,114.7187,115.3819,107.018,0.0207,-1.4371,-0.0253,0.0295,0.2279,8.3639,3,0.4834
2026-09-08,SEDG,"SolarEdge Technologies, Inc.",公用电力,太阳能,TAN,36.43,Bad Market,,34.7073,35.4684,48.2931,0.0696,1.7125,-0.3254,0.161,0.1882,-12.8248,4,0.2
2026-09-08,SEZL,Sezzle Inc.,金融地产,消费金融,XLF,118.35,Wait,,180.1207,182.5069,156.735,0.0672,-0.4651,-0.1328,0.4621,0.1328,25.7719,4,0.2
2026-09-08,SFL,SFL Corporation Ltd,航运,海运,SEA,12.59,Wait,,12.9859,13.083,11.7276,0.0257,0.8593,0.0185,0.1494,0.1882,1.3553,3.5,0.3891
2026-09-08,SHAZ,"SharonAI Holdings, Inc.",数据中心,数据中心,DTCR,57.63,Bad Market,,78.1266,79.9666,68.1671,0.1064,-0.5535,-0.1147,0.0796,0.1608,11.7995,4,0.2
2026-09-08,SHEL,Shell PLC,油气,综合油气,XLE,95.32,Too High,,94.4055,94.8588,89.1169,0.0159,2.3537,-0.0361,0.3299,0.3112,5.7419,3,0.5
2026-09-08,SHIP,Seanergy Maritime Holdings Corp,航运,海运,SEA,18.27,Wait,,19.1027,19.311,16.4894,0.038,1.3349,-0.0142,0.1339,0.1707,2.8216,3.5,0.2631
2026-09-08,SHOP,Shopify Inc.,软件,电商软件,IGV,134.1,Wait,,159.871,161.752,136.5853,0.0468,-2.4603,-0.0116,0.167,0.1257,25.1666,3.5,0.2139
2026-09-08,SHW,Sherwin-Williams Company (The),基础材料,化工,XLB,326.09,Wait,,372.9909,375.3409,346.2304,0.024,-2.7473,-0.1004,0.4244,0.0181,29.1104,3,0.4163
2026-09-08,SIMO,Silicon Motion Technology Corpo,半导体,半导体,SOXX,272.02,Bad Market,,276.5329,282.2822,260.2422,0.0705,1.2617,-0.0474,0.0182,0.0652,22.04,4,0.2
2026-09-08,SIND,Sinda Ltd.,矿业,银,SIL,16.16,Wait,,18.2011,18.6228,,0.087,-0.2284,0.1079,0.0216,,,4,0.2
2026-09-08,SITM,SiTime Corporation,半导体,半导体,SOXX,598.95,Bad Market,,757.6232,769.8981,589.4551,0.0683,-0.6398,-0.072,0.1663,0.0838,180.4431,4,0.2
2026-09-08,SKHY,SK hynix Inc.,半导体,半导体,SOXX,185.55,Bad Market,,179.0677,182.1693,,0.0557,2.4733,,0.3488,,,4,0.2
2026-09-08,SLAB,"Silicon Laboratories, Inc.",半导体,半导体,SOXX,220.0,Bad Market,,221.2711,221.6078,217.3433,0.0051,0.9499,-0.2841,0.1665,0.0117,4.2645,3,0.5
2026-09-08,SLB,SLB Limited,油气,油气设备服务,XLE,57.1,Wait,,60.671,61.2281,53.6006,0.0325,1.2146,0.0972,0.2562,0.1926,7.6275,3.5,0.3075
2026-09-08,SLF,Sun Life Financial Inc.,金融地产,保险,XLF,79.55,Wait,,83.2638,83.644,80.2674,0.0159,-0.2217,0.0327,0.1713,0.0162,3.3767,3,0.5
2026-09-08,SLS,"SELLAS Life Sciences Group, Inc",医疗健康,生物制药,XBI,13.96,Wait,,15.6918,16.0396,10.8235,0.083,0.5409,0.1337,0.1647,0.1528,5.216,4,0.2
2026-09-08,SM,SM Energy Company,油气,油气勘探开发,XLE,37.76,Wait,,38.6676,39.098,33.2682,0.038,1.4605,0.0223,0.5067,0.2486,5.8298,3.5,0.2632
2026-09-08,SMMT,Summit Therapeutics Inc.,医疗健康,生物技术,XBI,17.28,Wait,,17.7995,18.0912,13.7156,0.0563,3.2586,-0.014,0.2945,0.1414,4.3756,4,0.2
2026-09-08,SMR,NuScale Power Corporation,公用电力,核能,NLR,11.18,Bad Market,,10.0314,10.2436,8.9113,0.0633,2.5071,-0.211,0.1821,0.0267,1.3323,4,0.2
2026-09-08,SMTC,Semtech Corporation,半导体,半导体,SOXX,162.62,Bad Market,,156.4773,159.8634,129.583,0.0694,2.512,0.0568,0.1885,0.0112,30.2803,4,0.2
2026-09-08,SNDK,Sandisk Corporation,半导体,存储硬件,SOXX,1737.99,Bad Market,,1812.0254,1849.7886,1831.4908,0.0724,1.654,-0.0839,0.3577,0.0749,18.2979,4,0.2
2026-09-08,SNOW,Snowflake Inc.,软件,软件,IGV,335.5,Wait,,359.9448,365.157,286.9737,0.0518,0.4175,0.2421,0.0935,0.2888,78.1833,4,0.2
2026-09-08,SNPS,"Synopsys, Inc.",软件,软件,IGV,392.03,Wait,,468.8103,473.8663,405.903,0.043,-1.3159,0.0181,0.0697,0.1419,67.9634,3.5,0.2326
2026-09-08,SNX,TD SYNNEX Corporation,科技硬件,IT,XLK,258.6,Wait,,266.466,268.7866,263.0666,0.0299,0.4692,-0.0412,0.0076,0.1101,5.72,3.5,0.3343
2026-09-08,SO,Southern Company (The),公用电力,电力,XLU,88.99,Bad Market,,93.6194,94.051,93.6637,0.0162,-0.9348,-0.1076,0.3081,0.0947,0.3873,3,0.5
2026-09-08,SOLV,Solventum Corporation,医疗健康,医疗器械,IHI,90.11,Wait,,93.3411,94.0354,84.3395,0.0257,0.3848,-0.0124,0.371,0.2119,9.6959,3.5,0.3893
2026-09-08,SON,Sonoco Products Company,基础材料,包装容器纸制品,XLB,49.87,Wait,,59.9787,60.4879,54.6195,0.034,-4.0456,0.044,0.4077,0.0158,5.8684,3.5,0.2938
2026-09-08,SONY,Sony Group Corporation,消费,消费电子,XLY,23.53,Bad Market,,25.1953,25.3616,23.2969,0.0236,-1.0174,0.0398,0.0615,0.1648,2.0647,3,0.4244
2026-09-08,SPCX,Space Exploration Technologies ,航空国防,航空航天国防,ITA,153.47,Bad Market,,151.3002,153.6405,153.796,0.0508,1.6054,-0.277,0.3867,0.1082,-0.1555,4,0.2
2026-09-08,SPG,"Simon Property Group, Inc.",金融地产,零售地产,XLRE,211.88,Bad Market,,224.907,225.9432,226.3378,0.0163,-1.5832,-0.0879,0.2639,0.0048,-0.3946,3,0.5
2026-09-08,SPOT,Spotify Technology S.A.,通讯服务,流媒体娱乐,XLC,528.64,Bad Market,,565.3964,571.4658,489.3003,0.0383,-0.0359,-0.0098,0.2056,0.1129,82.1655,3.5,0.2613
2026-09-08,SQM,Sociedad Quimica y Minera S.A.,基础材料,化工,XLB,75.66,Wait,,83.0866,83.9168,72.6445,0.0366,-0.5547,-0.0685,0.1025,0.0521,11.2723,3.5,0.2734
2026-09-08,SRE,DBA Sempra,公用电力,电力,XLU,85.47,Bad Market,,88.2347,88.8513,89.1639,0.024,0.2559,0.0563,0.0439,0.094,-0.3126,3,0.4158
2026-09-08,SRRK,Scholar Rock Holding Corporatio,医疗健康,生物制药,XBI,57.42,Wait,,60.6142,61.3136,51.8808,0.0406,0.7807,0.0017,0.2102,0.1515,9.4328,3.5,0.2463
2026-09-08,SSNC,"SS&C Technologies Holdings, Inc",软件,软件,IGV,80.45,Wait,,85.4345,86.0162,78.8132,0.0241,-0.8809,-0.0218,0.0318,0.2416,7.203,3,0.4149
2026-09-08,SSRM,SSR Mining Inc.,矿业,银,SIL,36.94,Wait,,39.5794,40.0642,33.5538,0.0437,0.7735,-0.0265,0.3188,0.112,6.5105,3.5,0.2286
2026-09-08,ST,Sensata Technologies Holding pl,科技硬件,科技仪器,XLK,42.59,Wait,,47.0959,47.5275,46.6651,0.0338,-0.4852,-0.1222,0.2634,0.1774,0.8624,3.5,0.2961
2026-09-08,STM,STMicroelectronics N.V.,半导体,半导体,SOXX,51.97,Bad Market,,56.6197,57.2327,72.7585,0.0393,0.1397,-0.2685,0.0534,0.2408,-15.5258,3.5,0.2543
2026-09-08,STNG,Scorpio Tankers Inc.,航运,海运,SEA,82.12,Wait,,83.1712,83.8708,74.2884,0.0284,1.5837,-0.0955,0.2291,0.02,9.5824,3.5,0.3522
2026-09-08,STRL,"Sterling Infrastructure, Inc.",工业,建筑工程,XLI,502.2,Bad Market,,610.3618,620.0694,803.3152,0.0644,-0.3305,-0.2429,0.1,0.2454,-183.2458,4,0.2
2026-09-08,STT,State Street Corporation,金融地产,资本市场,XLF,191.88,Wait,,196.1788,197.4042,182.0054,0.0213,0.3608,-0.0025,0.157,0.1998,15.3988,3,0.4697
2026-09-08,STX,Seagate Technology Holdings PLC,科技硬件,存储硬件,XLK,904.38,Wait,,1006.2185,1023.3614,865.4687,0.0632,0.8931,-0.0306,0.0747,0.0804,157.8927,4,0.2
2026-09-08,SU,Suncor Energy  Inc.,油气,综合油气,XLE,67.89,Wait,,69.6689,70.1749,63.9304,0.0248,0.844,-0.0023,0.3132,0.2384,6.2444,3,0.4025
2026-09-08,SUN,Sunoco LP,油气,炼油,XLE,76.92,Wait,,77.8492,78.4376,70.5449,0.0255,0.8285,0.0276,0.1242,0.2025,7.8927,3.5,0.3922
2026-09-08,SUNB,"Sunbelt Rentals Holdings, Inc.",工业,设备租赁,XLI,69.32,Bad Market,,85.4932,86.3628,75.9149,0.0418,-2.2361,-0.0172,0.3545,0.1858,10.4479,3.5,0.2392
2026-09-08,SWK,"Stanley Black & Decker, Inc.",工业,工业机械,XLI,93.81,Bad Market,,104.9381,105.8161,93.7562,0.0312,-1.8737,-0.0211,0.242,0.0764,12.0599,3.5,0.3205
2026-09-08,SWKS,"Skyworks Solutions, Inc.",半导体,半导体,SOXX,75.38,Bad Market,,74.7738,75.6939,65.4451,0.0407,2.2621,-0.0275,0.3184,0.0367,10.2488,3.5,0.2458
2026-09-08,SXI,Standex International Corporati,工业,工业机械,XLI,271.63,Bad Market,,342.8363,345.8574,322.4237,0.0371,-3.5355,-0.123,0.7351,0.122,23.4337,3.5,0.2697
2026-09-08,SXT,Sensient Technologies Corporati,基础材料,化工,XLB,133.93,Wait,,138.7893,139.8382,125.2123,0.0261,0.0399,-0.0686,0.173,0.2019,14.6259,3.5,0.383
2026-09-08,SYNA,Synaptics Incorporated,半导体,半导体,SOXX,94.72,Bad Market,,111.5272,112.8257,128.6412,0.0457,-1.3485,-0.2596,0.1433,0.2447,-15.8155,3.5,0.2188
2026-09-08,T,AT&T Inc.,通讯服务,电信,XLC,25.6,Bad Market,,26.446,26.6026,24.6245,0.0204,0.5854,-0.1263,0.3628,0.206,1.9781,3,0.4906
2026-09-08,TALO,"Talos Energy, Inc.",油气,油气勘探开发,XLE,17.16,Wait,,17.9216,18.1177,15.4621,0.0381,0.82,-0.0089,0.4363,0.1756,2.6556,3.5,0.2625
2026-09-08,TDW,Tidewater Inc.,油气,油气设备服务,XLE,92.0,Wait,,101.53,102.7211,86.7141,0.0432,-0.3917,0.1302,0.2336,0.2508,16.007,3.5,0.2317
2026-09-08,TE,T1 Energy Inc.,公用电力,太阳能,TAN,5.06,Bad Market,,5.9472,6.0929,8.4565,0.096,0.7605,-0.3082,0.0923,0.2179,-2.3636,4,0.2
2026-09-08,TECK,Teck Resources Ltd,矿业,铜,COPX,71.97,Wait,,72.3397,73.005,63.8585,0.0308,2.0376,-0.0532,0.2432,0.1008,9.1465,3.5,0.3245
2026-09-08,TEL,TE Connectivity plc,科技硬件,电子元件,XLK,204.99,Wait,,220.7399,222.5748,197.2826,0.0298,-0.4606,-0.1087,0.1528,0.0735,25.2922,3.5,0.3351
2026-09-08,TEM,"Tempus AI, Inc.",软件,AI医疗,IGV,64.29,Wait,,73.5946,74.9515,54.5981,0.0704,0.6391,0.1293,0.2902,0.1086,20.3534,4,0.2
2026-09-08,TEVA,Teva Pharmaceutical Industries ,医疗健康,制药,XLV,36.76,Wait,,38.4676,38.7989,34.2344,0.03,-0.0828,0.0255,0.1694,0.1613,4.5646,3.5,0.3328
2026-09-08,TFII,TFI International Inc.,工业,铁路/联运,IYT,134.13,Bad Market,,148.4813,149.8059,141.1662,0.0329,-0.8988,-0.0137,0.0606,0.081,8.6398,3.5,0.3038
2026-09-08,TFPM,Triple Flag Precious Metals Cor,矿业,金,GDX,33.83,Wait,,36.0383,36.3785,31.7312,0.0335,0.5322,-0.0812,0.1204,0.1076,4.6473,3.5,0.2983
2026-09-08,TGT,Target Corporation,消费,消费必需品,XLP,162.71,Bad Market,,171.5171,172.8244,154.6377,0.0268,0.6514,0.0464,0.2932,0.2559,18.1867,3.5,0.3734
2026-09-08,TGTX,"TG Therapeutics, Inc.",医疗健康,生物制药,XBI,55.74,Wait,,57.4574,58.1798,50.6318,0.0432,1.1919,0.0964,0.2888,0.0404,7.548,3.5,0.2315
2026-09-08,THC,Tenet Healthcare Corporation,医疗健康,医疗服务,XLV,259.06,Wait,,283.3606,285.9657,250.3765,0.0335,-1.0054,0.014,0.0307,0.3208,35.5892,3.5,0.2983
2026-09-08,TJX,"TJX Companies, Inc. (The)",消费,折扣零售,XLY,128.92,Bad Market,,163.3492,164.2285,156.3768,0.0227,-4.6268,-0.0936,0.8398,0.3669,7.8517,3,0.4398
2026-09-08,TK,Teekay Corporation Ltd.,航运,海运,SEA,13.32,Wait,,13.7632,13.9038,11.9893,0.0352,1.1498,0.0119,0.3734,0.0998,1.9145,3.5,0.2841
2026-09-08,TMO,Thermo Fisher Scientific Inc,医疗健康,生命科学工具,XLV,603.02,Wait,,639.7402,644.5778,577.2713,0.0267,-0.5526,0.0361,0.1425,0.3318,67.3065,3.5,0.374
2026-09-08,TMUS,"T-Mobile US, Inc.",通讯服务,电信,XLC,181.69,Bad Market,,189.8369,191.2472,179.1868,0.0259,0.0214,-0.117,0.0381,0.0001,12.0604,3.5,0.3865
2026-09-08,TNK,Teekay Tankers Ltd.,航运,海运,SEA,92.33,Wait,,94.2933,95.2635,82.0516,0.035,1.4868,0.0553,0.3818,0.1765,13.2119,3.5,0.2855
2026-09-08,TPG,TPG Inc.,金融地产,私募股权,XLF,50.91,Wait,,55.7191,56.2604,48.8951,0.0354,-0.9149,-0.0176,0.1149,0.1806,7.3652,3.5,0.2822
2026-09-08,TRGP,"Targa Resources, Inc.",油气,油气中游,AMLP,294.29,Wait,,305.1929,307.5183,275.1203,0.0263,0.9671,0.0319,0.2358,0.1448,32.398,3.5,0.3797
2026-09-08,TRMD,TORM plc,航运,海运,SEA,34.94,Wait,,35.5294,35.8238,31.745,0.0281,3.6212,-0.0164,0.4576,0.1774,4.0789,3.5,0.356
2026-09-08,TRP,TC Energy Corporation,油气,油气中游,AMLP,63.45,Wait,,64.6545,65.0537,66.5979,0.021,0.4588,-0.0341,0.0347,0.1074,-1.5442,3,0.4768
2026-09-08,TSEM,Tower Semiconductor Ltd.,半导体,半导体,SOXX,219.82,Bad Market,,268.5172,273.0731,256.1054,0.0691,-0.5726,-0.1566,0.0279,0.1091,16.9677,4,0.2
2026-09-08,TSM,Taiwan Semiconductor Manufactur,半导体,半导体,SOXX,439.0,Bad Market,,435.36,438.8994,436.2772,0.0269,1.6159,-0.176,0.1821,0.0504,2.6222,3.5,0.3721
2026-09-08,TTAN,"ServiceTitan, Inc.",软件,软件,IGV,81.58,Wait,,101.6101,103.0652,81.2383,0.0595,-2.3572,0.0508,0.0679,0.1277,21.8269,4,0.2
2026-09-08,TTE,TotalEnergies SE,油气,综合油气,XLE,90.1,Wait,,91.7561,92.2698,85.7634,0.019,0.8629,-0.0187,0.1996,0.166,6.5063,3,0.5
2026-09-08,TTMI,"TTM Technologies, Inc.",科技硬件,电子元件,XLK,129.35,Wait,,142.7992,145.5279,185.0868,0.0703,0.6919,-0.1605,0.074,0.2726,-39.5589,4,0.2
2026-09-08,TVTX,"Travere Therapeutics, Inc.",医疗健康,生物制药,XBI,66.07,Wait,,68.1807,68.8732,59.4407,0.0349,0.5941,-0.01,0.1625,0.1989,9.4325,3.5,0.2862
2026-09-08,TWLO,Twilio Inc.,软件,软件,IGV,225.89,Wait,,258.2089,261.5149,217.3797,0.0488,-0.7661,0.0539,0.1804,0.1358,44.1352,3.5,0.205
2026-09-08,TWST,Twist Bioscience Corporation,医疗健康,生命科学工具,XLV,128.06,Wait,,154.9246,157.6616,116.6073,0.0712,-0.619,0.2897,0.1419,0.1596,41.0543,4,0.2
2026-09-08,TX,Ternium S.A. Ternium S.A.,基础材料,钢铁,XLB,58.1,Wait,,58.581,59.0635,52.3703,0.0277,1.8148,0.0466,0.4871,0.3148,6.6932,3.5,0.3612
2026-09-08,TXG,"10x Genomics, Inc.",医疗健康,生命科学工具,XLV,65.6,Wait,,65.8463,66.9358,50.5936,0.0554,1.2259,0.2697,0.4279,0.3364,16.3422,4,0.2
2026-09-08,TXT,Textron Inc.,航空国防,航空航天国防,ITA,79.54,Bad Market,,90.2254,90.7845,90.5385,0.0234,-2.4549,-0.166,0.4111,0.145,0.246,3,0.4268
2026-09-08,U,Unity Software Inc.,软件,软件,IGV,42.75,Wait,,47.5375,48.082,40.758,0.0425,-0.8585,-0.0006,0.1086,0.3214,7.3239,3.5,0.2356
2026-09-08,UBER,"Uber Technologies, Inc.",工业,铁路/联运,IYT,73.13,Bad Market,,81.0813,81.8544,71.3302,0.0352,-1.5358,0.0078,0.0826,0.0181,10.5242,3.5,0.2838
2026-09-08,UBS,UBS Group AG Registered,金融地产,银行,XLF,55.07,Wait,,56.156,56.4175,53.1042,0.0158,1.0832,-0.0732,0.2375,0.1313,3.3133,3,0.5
2026-09-08,UCTT,"Ultra Clean Holdings, Inc.",半导体,半导体材料,SOXX,75.62,Bad Market,,94.1257,95.9493,118.2753,0.0804,-0.1647,-0.1749,0.1,0.1507,-22.326,4,0.2
2026-09-08,UEC,Uranium Energy Corp.,矿业,铀,URA,11.89,Wait,,13.7539,13.9548,10.9416,0.0563,0.0075,-0.1453,0.138,0.0067,3.0132,4,0.2
2026-09-08,UL,Unilever PLC,消费,消费必需品,XLP,63.54,Bad Market,,65.7998,66.0877,63.9913,0.0151,-0.1073,-0.125,0.0101,0.1187,2.0963,3,0.5
2026-09-08,UMC,United Microelectronics Corpora,半导体,半导体,SOXX,21.82,Bad Market,,20.9882,21.2977,24.3988,0.0473,2.4652,-0.0668,0.277,0.0499,-3.101,3.5,0.2115
2026-09-08,UNH,UnitedHealth Group Incorporated,医疗健康,医疗服务,XLV,400.84,Wait,,412.7484,415.4418,409.4155,0.0224,0.4375,-0.0863,0.034,0.0004,6.0263,3,0.4465
2026-09-08,UNM,Unum Group,金融地产,保险,XLF,94.07,Wait,,97.5107,98.1799,89.8781,0.0237,1.1741,0.0783,0.1513,0.0593,8.3018,3,0.4217
2026-09-08,UNP,Union Pacific Corporation,工业,铁路,IYT,288.45,Bad Market,,313.5045,315.3311,292.3539,0.0211,-1.796,0.0132,0.1244,0.1948,22.9772,3,0.4737
2026-09-08,USAC,"USA Compression Partners, LP",油气,油气中游,AMLP,27.48,Wait,,27.8348,28.0097,25.8114,0.0212,1.261,-0.2024,0.2303,0.1081,2.1982,3,0.4715
2026-09-08,USB,U.S. Bancorp,金融地产,银行,XLF,62.49,Wait,,65.9621,66.2873,62.1674,0.0173,-0.7176,-0.0662,0.116,0.1309,4.1199,3,0.5
2026-09-08,UUUU,Energy Fuels Inc,矿业,铀,URA,14.62,Wait,,16.1414,16.3984,13.1327,0.0586,-0.1535,-0.2178,0.1635,0.0788,3.2657,4,0.2
2026-09-08,V,Visa Inc.,金融地产,支付,XLF,368.64,Wait,,387.4099,389.3718,364.5208,0.0177,-0.472,-0.0661,0.0219,0.2018,24.851,3,0.5
2026-09-08,VALE,VALE S.A.,矿业,铁矿,XME,15.56,Wait,,15.8856,16.0269,14.0815,0.0303,1.8684,0.087,0.1516,0.0111,1.9454,3.5,0.3304
2026-09-08,VCTR,"Victory Capital Holdings, Inc. ",金融地产,资管,XLF,113.32,Wait,,122.2632,123.366,108.2642,0.0324,-0.7276,0.162,0.1647,0.2637,15.1018,3.5,0.3083
2026-09-08,VECO,Veeco Instruments Inc.,半导体,半导体,SOXX,45.59,Bad Market,,54.9705,55.8262,68.2405,0.0626,-0.7553,-0.2041,0.1801,0.2703,-12.4143,4,0.2
2026-09-08,VEEV,Veeva Systems Inc.,软件,软件,IGV,264.84,Wait,,288.3384,291.6034,247.5988,0.0411,0.7031,0.2168,0.3098,0.3812,44.0046,3.5,0.2433
2026-09-08,VG,"Venture Global, Inc.",油气,油气中游,XLE,14.73,Wait,,15.2573,15.4565,12.8363,0.0451,0.8156,-0.1222,0.1384,0.1581,2.6202,3.5,0.2219
2026-09-08,VIAV,Viavi Solutions Inc.,科技硬件,通讯设备,XLK,38.75,Wait,,46.7768,47.552,42.6042,0.0667,0.066,-0.1413,0.0529,0.0873,4.9478,4,0.2
2026-09-08,VICR,Vicor Corporation,科技硬件,电子元件,XLK,193.32,Wait,,256.4255,260.8136,321.2709,0.0757,-0.8478,-0.2634,0.1356,0.1979,-60.4573,4,0.2
2026-09-08,VIRT,"Virtu Financial, Inc.",金融地产,资本市场,XLF,63.02,Wait,,68.5602,69.3893,58.2567,0.0439,0.2308,0.1501,0.2553,0.0007,11.1326,3.5,0.228
2026-09-08,VISN,"Vistance Networks, Inc.",科技硬件,电子元件,XLK,6.47,Wait,,11.8242,12.0105,10.3964,0.096,-5.4219,0.0265,0.3474,0.3176,1.6141,4,0.2
2026-09-08,VIST,Vista Energy S.A.B. de C.V.,油气,油气勘探开发,XLE,75.86,Wait,,77.7886,78.6953,66.4514,0.0398,1.8495,0.0348,0.2627,0.0861,12.2439,3.5,0.251
2026-09-08,VLO,Valero Energy Corporation,油气,炼油,XLE,382.85,Too High,,374.5485,377.8138,332.625,0.0284,3.2508,0.0747,0.6211,0.4832,45.1888,3.5,0.3517
2026-09-08,VLTO,Veralto Corp,工业,污水处理,XLI,95.53,Bad Market,,101.0553,101.6584,94.0694,0.021,-1.2014,-0.0791,0.1369,0.188,7.5889,3,0.4752
2026-09-08,VNOM,"Viper Energy, Inc.",油气,油气勘探开发,XLE,44.89,Wait,,45.8389,46.1246,42.5333,0.0212,1.025,-0.1243,0.2624,0.049,3.5913,3,0.4714
2026-09-08,VRT,"Vertiv Holdings, LLC",工业,电气设备,XLI,290.83,Bad Market,,296.7483,300.981,308.5779,0.0485,1.4928,-0.1438,0.1093,0.0766,-7.5969,3.5,0.2061
2026-09-08,VRTX,Vertex Pharmaceuticals Incorpor,医疗健康,生物技术,XLV,528.9,Wait,,563.249,567.437,509.1008,0.0264,-0.7076,0.0342,0.2264,0.1867,58.3361,3.5,0.3789
2026-09-08,VSAT,"ViaSat, Inc.",航空国防,通讯设备,ITA,77.75,Bad Market,,88.106,89.42,72.2904,0.0563,0.4896,-0.1026,0.0904,0.0877,17.1295,4,0.2
2026-09-08,VSH,"Vishay Intertechnology, Inc.",半导体,半导体,SOXX,31.47,Bad Market,,35.9916,36.6089,56.6688,0.0654,-0.2702,-0.2901,0.0639,0.3553,-20.0599,4,0.2
2026-09-08,VST,Vistra Corp.,公用电力,电力,XLU,151.72,Bad Market,,150.8172,152.4541,149.8829,0.036,1.8041,-0.1542,0.217,0.0691,2.5712,3.5,0.2781
2026-09-08,VSXY,Victorias Secret & Co.,消费,服饰零售,XLY,78.47,Bad Market,,100.8844,102.256,81.6819,0.0583,-1.8928,0.113,0.2549,0.0287,20.5741,4,0.2
2026-09-08,VTR,"Ventas, Inc.",金融地产,医疗地产,XLRE,89.87,Bad Market,,94.7287,95.3273,94.5443,0.0222,-0.8889,-0.0219,0.1142,0.1288,0.783,3,0.4504
2026-09-08,VTRS,Viatris Inc.,医疗健康,制药,XLV,16.61,Wait,,17.2561,17.3926,16.2678,0.0274,0.3067,-0.0196,0.0904,0.1013,1.1247,3.5,0.3651
2026-09-08,VVX,"V2X, Inc.",航空国防,航空航天国防,ITA,74.5,Bad Market,,85.315,86.2085,79.8162,0.04,-1.5331,-0.0754,0.403,0.1073,6.3922,3.5,0.2501
2026-09-08,VZ,Verizon Communications Inc.,通讯服务,电信,XLC,50.41,Bad Market,,51.0364,51.3042,47.9116,0.0177,1.357,-0.1519,0.4222,0.163,3.3927,3,0.5
2026-09-08,WAB,Westinghouse Air Brake Technolo,工业,工业机械,XLI,284.45,Bad Market,,303.4945,305.4066,286.6694,0.0224,-1.3106,-0.0544,0.1775,0.052,18.7372,3,0.4463
2026-09-08,WAY,Waystar Holding Corp.,软件,软件,IGV,24.24,Wait,,26.4824,26.8158,22.3499,0.0459,-0.7342,-0.028,0.0847,0.1609,4.4659,3.5,0.2181
2026-09-08,WBI,WaterBridge Infrastructure LLC,油气,油气设备服务,XLE,32.75,Wait,,33.0475,33.4071,32.015,0.0366,0.6641,-0.1513,0.0031,0.0106,1.392,3.5,0.2732
2026-09-08,WCC,"WESCO International, Inc.",工业,工业分销,XLI,360.17,Bad Market,,376.5617,380.2879,330.6278,0.0345,0.9105,-0.0489,0.0734,0.0119,49.66,3.5,0.29
2026-09-08,WDAY,"Workday, Inc.",软件,软件,IGV,186.28,Wait,,208.9797,212.0694,165.7252,0.0553,-0.8733,0.138,0.113,0.2321,46.3442,4,0.2
2026-09-08,WDC,Western Digital Corporation,科技硬件,存储硬件,XLK,477.3,Wait,,542.5516,552.364,615.3984,0.0685,0.3996,-0.1368,0.0779,0.1915,-63.0344,4,0.2
2026-09-08,WDS,Woodside Energy Group Limited,油气,油气勘探开发,XLE,23.48,Wait,,24.5648,24.7319,22.6594,0.0237,0.1311,-0.0038,0.094,0.1716,2.0725,3,0.4216
2026-09-08,WELL,Welltower Inc.,金融地产,医疗地产,XLRE,237.25,Bad Market,,243.9325,245.4156,237.2395,0.0208,0.0779,-0.0289,0.0262,0.2055,8.1761,3,0.4799
2026-09-08,WEN,Wendy's Company (The),消费,餐饮,XLY,7.61,Bad Market,,9.2059,9.3347,7.4021,0.0564,-1.8883,0.0116,0.0349,0.05,1.9327,4,0.2
2026-09-08,WES,"Western Midstream Partners, LP",油气,油气中游,AMLP,49.43,Wait,,50.2683,50.5493,46.9902,0.0189,0.9289,-0.0351,0.2472,0.2455,3.5591,3,0.5
2026-09-08,WFC,Wells Fargo & Company,金融地产,银行,XLF,87.96,Wait,,90.8496,91.388,84.5861,0.0204,0.6043,-0.0698,0.0201,0.1069,6.8019,3,0.4901
2026-09-08,WFRD,Weatherford International plc,油气,油气设备服务,XLE,93.7,Wait,,98.707,99.8062,84.9461,0.0391,0.2039,-0.0013,0.1123,0.0203,14.8601,3.5,0.2557
2026-09-08,WMB,"Williams Companies, Inc. (The)",油气,油气中游,AMLP,75.83,Wait,,75.9883,76.597,70.8182,0.0268,1.1949,0.0599,0.1654,0.0482,5.7788,3.5,0.3737
2026-09-08,WMT,Walmart Inc.,消费,消费必需品,XLP,106.05,Bad Market,,117.0705,117.8092,112.0327,0.0232,-1.1708,-0.077,0.1811,0.1412,5.7765,3,0.4307
2026-09-08,WOLF,"Wolfspeed, Inc.",半导体,半导体,SOXX,28.88,Bad Market,,35.4931,36.2928,46.7478,0.0923,0.1913,-0.3461,0.0384,0.2686,-10.4551,4,0.2
2026-09-08,WPM,Wheaton Precious Metals Corp,矿业,金,GDX,155.11,Wait,,165.2711,167.0144,143.3811,0.0375,1.3694,0.0454,0.3308,0.1943,23.6333,3.5,0.2669
2026-09-08,WT,"WisdomTree, Inc.",金融地产,资管,XLF,24.42,Wait,,25.2842,25.5749,21.6483,0.0397,0.874,0.1526,0.3245,0.2453,3.9267,3.5,0.252
2026-09-08,WTTR,"Select Water Solutions, Inc.",油气,油气设备服务,XLE,20.8,Wait,,21.528,21.7848,19.2641,0.0412,0.7722,0.038,0.0114,0.1129,2.5207,3.5,0.243
2026-09-08,WULF,TeraWulf Inc.,数据中心,数据中心,DTCR,17.86,Bad Market,,17.8802,18.2704,23.7768,0.0728,1.3688,-0.1937,0.0156,0.2296,-5.5064,4,0.2
2026-09-08,WYFI,"WhiteFiber, Inc.",数据中心,数据中心,DTCR,20.57,Bad Market,,30.8273,31.5432,35.2241,0.116,-0.7082,-0.2234,0.1516,0.1715,-3.6808,4,0.2
2026-09-08,XE,"X-Energy, Inc.",公用电力,核能,NLR,19.15,Bad Market,,23.0628,23.5619,16.0746,0.0869,-0.0036,-0.1829,0.0811,0.0499,7.4873,4,0.2
2026-09-08,XEL,Xcel Energy Inc.,公用电力,电力,XLU,76.88,Bad Market,,80.0954,80.5066,78.1176,0.0178,-0.4173,-0.0973,0.0061,0.0131,2.389,3,0.5
2026-09-08,XNDU,Xanadu Quantum Technologies Lim,科技硬件,量子计算,QTUM,9.59,Bad Market,,11.6602,11.8555,10.7658,0.0679,-1.3632,-0.5909,0.1053,0.1753,1.0898,4,0.2
2026-09-08,XOM,ExxonMobil Holdings Corporation,油气,综合油气,XLE,160.66,Wait,,167.7566,168.7973,155.7425,0.0216,-0.2199,-0.0481,0.1355,0.231,13.0548,3,0.4631
2026-09-08,XP,XP Inc.,金融地产,资本市场,XLF,19.99,Wait,,20.1999,20.414,17.5017,0.0357,3.8737,0.0415,0.4282,0.2767,2.9123,3.5,0.2801
2026-09-08,XYZ,"Block, Inc.",金融地产,支付,XLF,80.1,Wait,,85.651,86.5275,74.6238,0.0365,-0.4656,0.023,0.032,0.0636,11.9037,3.5,0.2741
2026-09-08,YPF,YPF Sociedad Anonima,油气,综合油气,XLE,53.09,Wait,,54.4409,54.9868,47.5414,0.0343,1.1692,0.0184,0.1754,0.0525,7.4454,3.5,0.2918
2026-09-08,ZETA,Zeta Global Holdings Corp.,软件,软件,IGV,30.79,Wait,,32.9879,33.4415,27.3883,0.0491,0.8856,0.092,0.2683,0.2719,6.0532,3.5,0.2036
2026-09-08,ZIM,ZIM Integrated Shipping Service,航运,海运,SEA,30.08,Too High,,29.1108,29.4002,25.4334,0.0321,2.7702,0.121,0.2327,0.1841,3.9668,3.5,0.3118
2026-09-08,ZWS,Zurn Elkay Water Solutions Corp,工业,污水处理,XLI,47.33,Bad Market,,52.3133,52.6344,49.9687,0.0226,-1.682,-0.1361,0.4332,0.0757,2.6657,3,0.4422
2026-09-09,AA,Alcoa Corporation,矿业,铝加工,XME,50.73,Wait,,54.5873,55.2513,50.6036,0.0436,-0.0565,-0.1472,0.0189,0.1102,4.6477,3.5,0.2292
2026-09-09,AAOI,"Applied Optoelectronics, Inc.",科技硬件,光通信,XLK,107.93,Wait,,157.0961,160.4053,127.1079,0.1022,-1.0983,-0.2418,0.199,0.1489,33.2973,4,0.2
2026-09-09,AAPL,Apple Inc.,科技硬件,消费电子,XLK,315.34,Wait,,331.3634,333.6534,317.1801,0.0242,0.2361,0.0245,0.0277,0.0742,16.4733,3,0.4131
2026-09-09,ABCL,AbCellera Biologics Inc.,医疗健康,生物制药,XBI,11.05,Wait,,12.6448,12.8619,9.6044,0.0655,-0.4383,0.1832,0.3576,0.2436,3.2575,4,0.2
2026-09-09,ABNB,"Airbnb, Inc.",消费,在线旅游,XLY,169.63,Bad Market,,192.1963,193.8533,171.1679,0.0326,-2.6818,0.0939,0.1156,0.1747,22.6854,3.5,0.3071
2026-09-09,ABVX,Abivax SA,医疗健康,生物技术,XLV,119.46,Wait,,132.1246,133.4803,128.833,0.0378,0.449,-0.2396,0.2557,0.1038,4.6473,3.5,0.2643
2026-09-09,ACGL,Arch Capital Group Ltd.,金融地产,保险,XLF,96.115,Wait,,102.1011,102.6791,100.7007,0.02,-1.3624,-0.055,0.1296,0.0624,1.9783,3,0.4989
2026-09-09,ACLS,"Axcelis Technologies, Inc.",半导体,半导体,SOXX,115.56,Bad Market,,145.4782,147.5306,162.0851,0.0592,-1.4287,-0.2013,0.2926,0.2204,-14.5545,4,0.2
2026-09-09,ACMR,"ACM Research, Inc.",半导体,半导体设备,SOXX,73.83,Bad Market,,86.6985,88.2863,105.7194,0.0717,-0.7216,-0.1709,0.1981,0.1255,-17.433,4,0.2
2026-09-09,ADI,"Analog Devices, Inc.",半导体,半导体,SOXX,365.07,Bad Market,,393.9307,397.1403,408.0342,0.0293,-0.6059,-0.1705,0.2968,0.2173,-10.8939,3.5,0.3412
2026-09-09,ADM,Archer-Daniels-Midland Company,基础材料,农业,MOO,86.55,Enter,0.3843,86.2455,87.0379,78.0755,0.0305,1.911,0.12,0.3739,0.1741,8.9624,3.5,0.3277
2026-09-09,AEHR,Aehr Test Systems,半导体,半导体材料,SOXX,95.56,Bad Market,,147.6596,150.7339,104.6185,0.1072,-0.59,-0.0258,0.05,0.0465,46.1155,4,0.2
2026-09-09,AEM,Agnico Eagle Mines Limited,矿业,金,GDX,202.57,Wait,,226.1357,228.5238,196.249,0.0393,0.1347,0.0555,0.2125,0.1568,32.2748,3.5,0.2545
2026-09-09,AES,The AES Corporation,公用电力,再生能源,XLU,14.82,Bad Market,,14.8546,14.8694,14.7123,0.0033,1.412,-0.4617,0.2,0.1141,0.157,3,0.5
2026-09-09,AEVA,"Aeva Technologies, Inc.",科技硬件,电子元件,XLK,15.62,Wait,,26.9286,27.3914,22.5489,0.0988,-1.8629,-0.2287,0.5288,0.1337,4.8425,4,0.2
2026-09-09,AG,First Majestic Silver Corp.,矿业,银,SIL,21.18,Wait,,21.9518,22.2519,18.2391,0.0472,0.7968,-0.1036,0.2321,0.115,4.0128,3.5,0.2117
2026-09-09,AGI,Alamos Gold Inc.,矿业,金,GDX,36.93,Wait,,39.3893,39.8116,34.0935,0.0381,0.7083,-0.1318,0.2026,0.1185,5.718,3.5,0.2624
2026-09-09,AGRO,Adecoagro S.A.,基础材料,农业,MOO,12.46,Enter,0.6278,12.3646,12.5166,10.4672,0.0407,3.4846,-0.0367,0.4568,0.2259,2.0494,3.5,0.246
2026-09-09,AHR,"American Healthcare REIT, Inc.",金融地产,医疗地产,XLRE,53.77,Bad Market,,57.6977,58.0766,53.931,0.0235,-1.1576,-0.0744,0.1942,0.1551,4.1456,3,0.4257
2026-09-09,AIR,AAR Corp.,航空国防,航空航天国防,ITA,124.6,Bad Market,,154.956,156.5461,135.1592,0.0425,-2.2414,-0.0204,0.2413,0.052,21.3868,3.5,0.2351
2026-09-09,AKAM,"Akamai Technologies, Inc.",软件,软件,IGV,110.75,Wait,,126.3975,127.9114,111.8577,0.0456,-0.2172,-0.1084,0.0035,0.0623,16.0537,3.5,0.2195
2026-09-09,ALAB,"Astera Labs, Inc.",半导体,半导体,SOXX,300.54,Bad Market,,338.9801,346.1953,386.8179,0.08,0.1463,-0.098,0.1513,0.1468,-40.6226,4,0.2
2026-09-09,ALB,Albemarle Corporation,基础材料,锂电池,XLB,125.91,Bad Market,,144.5091,146.3023,135.7691,0.0475,-1.3647,-0.1262,0.0828,0.1999,10.5332,3.5,0.2106
2026-09-09,ALGM,"Allegro MicroSystems, Inc.",半导体,半导体,SOXX,35.84,Bad Market,,44.8281,45.4853,60.8577,0.0611,-1.1915,-0.2593,0.3935,0.2487,-15.3724,4,0.2
2026-09-09,ALKS,Alkermes plc,医疗健康,生物制药,XBI,45.4,Wait,,50.734,51.1808,50.0077,0.0328,-2.0074,-0.0611,0.2858,0.0132,1.173,3.5,0.3049
2026-09-09,ALM,Almonty Industries Inc.,矿业,钨矿,XME,18.33,Wait,,19.3623,19.7257,14.2744,0.0661,1.0577,-0.078,0.2774,0.0087,5.4513,4,0.2
2026-09-09,ALSN,"Allison Transmission Holdings, ",工业,工业机械,XLI,128.14,Bad Market,,134.5114,135.7335,118.9724,0.0318,0.1603,0.0191,0.1993,0.0562,16.7611,3.5,0.3146
2026-09-09,AMAT,"Applied Materials, Inc.",半导体,半导体设备,SOXX,468.85,Bad Market,,552.8385,559.568,644.4893,0.0478,-0.809,-0.1979,0.2728,0.1439,-84.9213,3.5,0.209
2026-09-09,AMBQ,"Ambiq Micro, Inc.",半导体,半导体,SOXX,63.77,Bad Market,,68.6412,69.813,72.9357,0.0613,0.9019,-0.1553,0.083,0.1539,-3.1226,4,0.2
2026-09-09,AMD,"Advanced Micro Devices, Inc.",半导体,半导体,SOXX,521.095,Bad Market,,519.601,526.5668,499.6421,0.0446,1.8988,-0.1265,0.1485,0.0315,26.9247,3.5,0.2244
2026-09-09,AMGN,Amgen Inc.,医疗健康,制药,XLV,391.27,Wait,,448.0327,451.557,403.003,0.03,-3.3172,0.1728,0.1383,0.1547,48.554,3.5,0.3331
2026-09-09,AMKR,"Amkor Technology, Inc.",半导体,半导体材料,SOXX,51.35,Bad Market,,61.9491,62.9228,80.5676,0.0632,0.0303,-0.2643,0.0962,0.2636,-17.6448,4,0.2
2026-09-09,AMLX,"Amylyx Pharmaceuticals, Inc.",医疗健康,生物制药,XBI,32.4,Wait,,40.068,40.6801,31.4995,0.063,-0.1262,0.3303,0.3114,0.3183,9.1806,4,0.2
2026-09-09,AMPX,"Amprius Technologies, Inc.",基础材料,锂电池,XLB,9.87,Bad Market,,12.639,12.8326,13.0693,0.0654,-1.1051,-0.3857,0.2683,0.2155,-0.2367,4,0.2
2026-09-09,AMT,American Tower Corporation (REI,金融地产,通信铁塔,XLRE,175.43,Bad Market,,180.3243,181.5534,167.0891,0.0234,0.1371,-0.0894,0.0778,0.0076,14.4643,3,0.4282
2026-09-09,AMZN,"Amazon.com, Inc.",消费,互联网零售,XLY,252.4,Bad Market,,280.614,282.5553,261.3715,0.0256,-1.3508,-0.0924,0.2858,0.0849,21.1837,3.5,0.39
2026-09-09,ANAB,"AnaptysBio, Inc.",医疗健康,生物制药,XBI,55.7,Wait,,60.247,61.0703,60.2051,0.0493,-0.6395,-0.1222,0.0397,0.0447,0.8652,3.5,0.203
2026-09-09,ANDG,Andersen Group Inc.,金融地产,个性化服务,XLF,54.49,Wait,,57.9949,58.6612,49.6763,0.0408,1.1512,-0.0356,0.1707,0.282,8.985,3.5,0.2453
2026-09-09,ANET,"Arista Networks, Inc.",科技硬件,硬件,XLK,192.93,Wait,,212.4293,214.813,182.6896,0.0412,-0.2206,-0.0645,0.0419,0.0645,32.1235,3.5,0.2428
2026-09-09,APA,APA Corporation,油气,油气勘探开发,XLE,44.84,Wait,,45.1484,45.5784,39.6835,0.032,1.6567,0.0005,0.3684,0.2509,5.8949,3.5,0.3128
2026-09-09,APD,"Air Products and Chemicals, Inc",基础材料,化工,XLB,295.24,Bad Market,,312.4124,314.2645,295.6688,0.0209,-1.5675,-0.0816,0.1203,0.0601,18.5957,3,0.4782
2026-09-09,APG,APi Group Corporation,工业,工业服务,XLI,38.01,Bad Market,,45.1001,45.5181,39.8438,0.0367,-2.4415,0.0622,0.2698,0.1546,5.6742,3.5,0.2728
2026-09-09,APH,Amphenol Corporation,科技硬件,光通信,XLK,81.34,Wait,,86.2484,87.0686,78.5906,0.0336,0.1566,-0.1086,0.1024,0.0175,8.4781,3.5,0.2975
2026-09-09,APLD,Applied Digital Corporation,数据中心,数据中心,DTCR,27.14,Bad Market,,31.5943,32.1858,37.3834,0.0726,-0.3609,-0.2671,0.0967,0.2586,-5.1976,4,0.2
2026-09-09,APP,Applovin Corporation,软件,广告技术,IGV,305.06,Wait,,350.0729,354.9822,499.1525,0.0536,-0.3989,-0.3281,0.29,0.2359,-144.1704,4,0.2
2026-09-09,APPS,"Digital Turbine, Inc.",软件,软件,IGV,11.06,Wait,,14.5547,14.8017,11.0966,0.0744,-0.2945,0.0352,0.3685,0.0622,3.7051,4,0.2
2026-09-09,AR,Antero Resources Corporation,油气,油气勘探生产,XLE,39.12,Wait,,40.2012,40.5082,36.2284,0.0262,0.9469,-0.0919,0.4294,0.1744,4.2798,3.5,0.3823
2026-09-09,ARM,Arm Holdings plc,半导体,半导体,SOXX,264.23,Bad Market,,285.8298,290.7195,342.5238,0.0617,0.6875,-0.1947,0.1294,0.2452,-51.8042,4,0.2
2026-09-09,ARMK,Aramark,消费,餐饮服务,XLY,56.91,Bad Market,,62.9591,63.3107,58.8742,0.0206,-1.8589,-0.0105,0.0538,0.1052,4.4364,3,0.4856
2026-09-09,AROC,"Archrock, Inc.",油气,油气中游,AMLP,32.96,Wait,,35.0196,35.3686,37.8781,0.0353,0.3993,-0.0689,0.0113,0.1385,-2.5095,3.5,0.2833
2026-09-09,ARQQ,Arqit Quantum Inc.,半导体,半导体,SOXX,21.64,Bad Market,,24.7311,25.2427,22.8985,0.0788,0.0097,-0.1358,0.0756,0.0032,2.3442,4,0.2
2026-09-09,ARW,"Arrow Electronics, Inc.",科技硬件,电子元器,XLK,214.73,Wait,,222.5073,224.5987,210.4308,0.0325,0.793,-0.039,0.1431,0.0866,14.1679,3.5,0.308
2026-09-09,ARXS,"Arxis, Inc.",航空国防,航空航天国防,ITA,52.43,Bad Market,,60.5143,61.2447,51.4686,0.0464,-0.8225,-0.0549,0.4615,0.0918,9.7761,3.5,0.2153
2026-09-09,ASC,Ardmore Shipping Corporation,航运,海运,SEA,18.23,Wait,,18.5823,18.7835,16.0531,0.0368,0.7591,-0.0127,0.219,0.0313,2.7304,3.5,0.2719
2026-09-09,ASTS,"AST SpaceMobile, Inc.",航空国防,通讯设备,ITA,62.42,Bad Market,,75.221,76.5876,70.6395,0.073,-0.5486,-0.298,0.1746,0.0628,5.9481,4,0.2
2026-09-09,ASX,"ASE Technology Holding Co., Ltd",半导体,半导体,SOXX,41.2,Bad Market,,40.322,40.8434,39.0369,0.0422,1.9689,-0.0915,0.2159,0.0335,1.8065,3.5,0.237
2026-09-09,ATRO,Astronics Corporation,航空国防,航空航天国防,ITA,75.6,Bad Market,,94.206,95.306,80.6164,0.0485,-1.079,-0.0401,0.038,0.0523,14.6896,3.5,0.2062
2026-09-09,AU,AngloGold Ashanti PLC,矿业,金,GDX,108.53,Wait,,124.4753,125.7675,108.3145,0.0397,-0.1044,-0.0434,0.1979,0.166,17.453,3.5,0.252
2026-09-09,AUGO,Aura Minerals Inc.,矿业,金,GDX,85.32,Wait,,91.3994,92.7934,71.8827,0.0545,0.4505,0.024,0.2204,0.1424,20.9107,4,0.2
2026-09-09,AVAH,Aveanna Healthcare Holdings Inc,医疗健康,医疗服务,XLV,14.02,Enter,0.3505,13.9602,14.1308,11.8295,0.0406,2.2093,0.2087,0.5741,0.437,2.3013,3.5,0.2465
2026-09-09,AVGO,Broadcom Inc.,半导体,半导体,SOXX,364.38,Bad Market,,431.4038,435.2674,382.6847,0.0353,-0.8737,-0.1442,0.4638,0.068,52.5827,3.5,0.2829
2026-09-09,AVNT,Avient Corporation,基础材料,化工,XLB,41.9,Bad Market,,46.759,47.1705,41.5386,0.0327,-1.775,0.0142,0.276,0.1001,5.632,3.5,0.3054
2026-09-09,AVT,"Avnet, Inc.",科技硬件,电子元器,XLK,91.74,Wait,,99.5474,100.5073,87.4315,0.0349,0.0847,0.0269,0.1294,0.0074,13.0758,3.5,0.2867
2026-09-09,AVTR,"Avantor, Inc.",医疗健康,生命科学工具,XLV,14.88,Wait,,15.3988,15.5445,13.5498,0.0326,1.2064,0.0266,0.2638,0.3631,1.9947,3.5,0.3063
2026-09-09,AXP,American Express Company,金融地产,支付,XLF,321.8,Wait,,347.0892,348.8947,343.5148,0.0187,-2.1601,-0.16,0.3119,0.0762,5.3799,3,0.5
2026-09-09,AXTI,AXT Inc,半导体,半导体,SOXX,68.91,Bad Market,,97.5526,99.9265,64.3179,0.1148,-0.0844,-0.1634,0.1855,0.0823,35.6086,4,0.2
2026-09-09,B,Barrick Mining Corporation,矿业,金,GDX,44.59,Wait,,49.3159,49.7863,43.3816,0.0352,0.0207,-0.0339,0.0364,0.0848,6.4048,3.5,0.2844
2026-09-09,BA,Boeing Company (The),航空国防,航空航天国防,ITA,206.42,Bad Market,,236.4842,237.9655,225.3766,0.0239,-2.1031,-0.1845,0.5831,0.0774,12.5889,3,0.418
2026-09-09,BAC,Bank of America Corporation,金融地产,银行,XLF,62.67,Wait,,65.3637,65.696,61.4875,0.0177,-0.1783,-0.0218,0.0424,0.1735,4.2085,3,0.5
2026-09-09,BALL,Ball Corporation,基础材料,包装容器纸制品,XLB,60.29,Bad Market,,65.0229,65.3982,63.1372,0.0207,-1.9989,-0.1162,0.2599,0.0552,2.261,3,0.482
2026-09-09,BAM,Brookfield Asset Management Inc,金融地产,资管,XLF,47.72,Wait,,56.3372,56.7491,51.055,0.0288,-3.1955,-0.0078,0.2427,0.0095,5.6941,3.5,0.3476
2026-09-09,BB,BlackBerry Limited,软件,软件,IGV,7.75,Wait,,9.0713,9.1932,11.1844,0.0524,-1.1528,-0.1898,0.2739,0.0614,-1.9912,4,0.2
2026-09-09,BBIO,"BridgeBio Pharma, Inc.",医疗健康,生物科技,XBI,76.08,Wait,,85.4308,86.1766,81.4688,0.0327,-1.3889,-0.127,0.4225,0.1018,4.7078,3.5,0.306
2026-09-09,BBVA,Banco Bilbao Vizcaya Argentaria,金融地产,银行,XLF,29.08,Wait,,29.8518,29.9788,28.3695,0.0146,0.3991,-0.1838,0.1694,0.2402,1.6093,3,0.5
2026-09-09,BBY,"Best Buy Co., Inc.",消费,电子零售,XLY,88.03,Bad Market,,91.1503,92.1552,78.5457,0.0381,0.6856,0.1677,0.1548,0.1431,13.6095,3.5,0.2628
2026-09-09,BCPC,Balchem Corporation,基础材料,化工,XLB,168.34,Bad Market,,182.9634,184.0722,170.192,0.022,-2.3778,-0.039,0.2865,0.0288,13.8802,3,0.4555
2026-09-09,BCS,Barclays PLC,金融地产,银行,XLF,26.44,Wait,,28.3744,28.515,27.1536,0.0177,-1.4314,-0.205,0.2775,0.039,1.3614,3,0.5
2026-09-09,BDC,Belden Inc,科技硬件,网络基础,XLK,117.78,Wait,,139.2078,140.5806,122.0143,0.0389,-1.3593,-0.0324,0.2653,0.0265,18.5663,3.5,0.2574
2026-09-09,BE,Bloom Energy Corporation,公用电力,电力,GRID,269.28,Bad Market,,281.1236,286.979,267.7783,0.0725,2.4291,-0.1308,0.273,0.1066,19.2006,4,0.2
2026-09-09,BELFB,Bel Fuse Inc.,科技硬件,电子元件,XLK,246.01,Wait,,300.3701,303.9668,291.0782,0.0487,-1.3364,-0.1633,0.3615,0.1188,12.8886,3.5,0.2052
2026-09-09,BEPC,Brookfield Renewable Corporatio,公用电力,电力,XLU,31.59,Bad Market,,36.1859,36.4636,34.6997,0.0293,-1.8535,-0.1521,0.1805,0.2406,1.764,3.5,0.3412
2026-09-09,BG,Bunge Limited,基础材料,农业,MOO,123.5,Wait,,125.125,126.4305,108.6587,0.0352,1.8645,0.111,0.3413,0.1132,17.7718,3.5,0.2838
2026-09-09,BHE,"Benchmark Electronics, Inc.",科技硬件,解决方案,XLK,74.39,Wait,,84.9139,85.7932,88.4118,0.0394,-0.1394,-0.1658,0.2763,0.1687,-2.6186,3.5,0.2538
2026-09-09,BHP,BHP Group Limited,矿业,金属采矿,XME,92.25,Wait,,99.6125,100.3403,90.1986,0.0263,-0.1756,0.0182,0.0668,0.0838,10.1417,3.5,0.3802
2026-09-09,BKH,Black Hills Corporation,公用电力,天然气/电力,XLU,72.82,Bad Market,,75.3529,75.7747,71.8226,0.0193,-0.1913,-0.1067,0.1331,0.0025,3.9521,3,0.5
2026-09-09,BKNG,Booking Holdings Inc. Common St,消费,在线旅游,XLY,173.43,Bad Market,,216.1543,218.2982,189.4075,0.0412,-4.441,0.059,0.5004,0.0263,28.8907,3.5,0.2427
2026-09-09,BKR,Baker Hughes Company,油气,油气设备服务,XLE,63.64,Wait,,65.5364,66.0349,59.084,0.0261,0.0987,-0.0608,0.1505,0.1021,6.9509,3.5,0.383
2026-09-09,BKV,BKV Corporation,油气,油气勘探开发,XLE,24.1,Wait,,27.001,27.3451,23.3456,0.0476,-1.2084,0.0714,0.0269,0.057,3.9994,3.5,0.2101
2026-09-09,BLK,"BlackRock, Inc.",金融地产,资管,XLF,1072.03,Wait,,1193.5603,1200.6394,1112.0491,0.022,-3.33,-0.0731,0.2127,0.0235,88.5902,3,0.4543
2026-09-09,BLZE,"Backblaze, Inc.",软件,软件,IGV,13.23,Wait,,20.6578,20.9996,15.8735,0.0861,-2.5153,0.0531,0.4447,0.1151,5.126,4,0.2
2026-09-09,BMY,Bristol-Myers Squibb Company,医疗健康,制药,XLV,64.41,Wait,,68.7341,69.1894,63.5366,0.0236,-1.1744,-0.0009,0.0171,0.1955,5.6529,3,0.4244
2026-09-09,BNTX,BioNTech SE,医疗健康,生物技术,XBI,98.13,Wait,,117.5513,118.7871,102.1518,0.042,-1.1974,0.1637,0.0737,0.08,16.6354,3.5,0.2382
2026-09-09,BOX,"Box, Inc.",软件,软件,IGV,34.49,Wait,,36.3049,36.6538,31.8898,0.0337,0.6067,0.0742,0.0924,0.2982,4.764,3.5,0.2966
2026-09-09,BP,BP p.l.c.,油气,综合油气,XLE,45.68,Enter,0.269,45.5968,45.9061,42.1268,0.0226,2.1885,-0.0021,0.3099,0.1539,3.7793,3,0.443
2026-09-09,BRK.B,Berkshire Hathaway Inc. New,金融地产,多元金融,XLF,506.72,Wait,,532.5332,534.4011,510.7408,0.0123,0.3993,-0.0853,0.2039,0.0928,23.6603,3,0.5
2026-09-09,BRKR,Bruker Corporation,医疗健康,生命科学工具,XLV,54.43,Wait,,60.4802,61.3205,53.1359,0.0515,-1.2949,0.0348,0.0337,0.0223,8.1847,4,0.2
2026-09-09,BRZE,"Braze, Inc.",软件,软件,IGV,23.725,Wait,,34.9277,35.5243,26.5756,0.0838,-3.687,0.2069,0.1043,0.0865,8.9487,4,0.2
2026-09-09,BTSG,"BrightSpring Health Services, I",医疗健康,医疗健康,XLV,61.99,Wait,,63.1799,63.909,64.404,0.0392,0.8651,-0.0061,0.0159,0.0654,-0.495,3.5,0.2551
2026-09-09,BTU,Peabody Energy Corporation,油气,煤矿,XLE,29.36,Wait,,29.9836,30.3604,25.2944,0.0428,1.6303,-0.0444,0.3519,0.1699,5.0659,3.5,0.2338
2026-09-09,BUD,Anheuser-Busch Inbev SA Sponsor,消费,消费必需品,XLP,77.98,Bad Market,,84.4708,84.8974,82.2149,0.0182,-0.8096,-0.0708,0.3108,0.0529,2.6824,3,0.5
2026-09-09,BVN,Buenaventura Mining Company Inc,矿业,金,GDX,35.39,Wait,,36.6539,37.0914,31.1954,0.0412,0.5732,-0.0725,0.0949,0.0754,5.8961,3.5,0.2427
2026-09-09,BWLP,BW LPG Limited,航运,海运,SEA,24.47,Wait,,25.1047,25.3565,21.9219,0.0343,0.9441,0.1392,0.2894,0.2287,3.4346,3.5,0.2915
2026-09-09,BWXT,"BWX Technologies, Inc.",航空国防,航空航天国防,ITA,156.71,Bad Market,,174.7871,176.5788,189.0972,0.0381,-0.6072,-0.1665,0.1809,0.2613,-12.5184,3.5,0.2624
2026-09-09,C,"Citigroup, Inc.",金融地产,银行,XLF,137.8,Wait,,140.708,141.6198,136.5521,0.0221,0.9708,-0.0787,0.0958,0.0817,5.0677,3,0.4534
2026-09-09,CAH,"Cardinal Health, Inc.",医疗健康,医药分销,XLV,240.0,Wait,,251.01,252.5894,232.8162,0.0219,0.585,-0.0264,0.0591,0.112,19.7732,3,0.4559
2026-09-09,CAKE,The Cheesecake Factory Incorpor,消费,餐饮,XLY,103.61,Bad Market,,118.3261,119.4368,104.3313,0.0357,-1.8706,0.1523,0.0644,0.2541,15.1055,3.5,0.2798
2026-09-09,CALM,"Cal-Maine Foods, Inc.",基础材料,农业,MOO,73.23,Wait,,85.8123,86.5595,84.7824,0.034,-2.9162,-0.0589,0.4761,0.036,1.7772,3.5,0.294
2026-09-09,CAMT,Camtek Ltd.,半导体,半导体,SOXX,148.66,Bad Market,,175.946,178.5649,160.8006,0.0587,-0.0889,-0.1562,0.0608,0.1443,17.7643,4,0.2
2026-09-09,CART,Maplebear Inc.,消费,互联网零售,XLY,46.64,Bad Market,,52.2464,52.7822,45.5291,0.0383,-1.997,-0.0044,0.1824,0.0484,7.2531,3.5,0.2611
2026-09-09,CAT,"Caterpillar, Inc.",工业,工业机械,XLI,815.56,Bad Market,,889.8056,897.6064,973.8908,0.0319,-0.2843,-0.1687,0.1064,0.2013,-76.2844,3.5,0.3136
2026-09-09,CB,Chubb Limited,金融地产,保险,XLF,337.62,Wait,,353.2332,354.9872,345.9605,0.0173,-0.7804,-0.0887,0.2006,0.0533,9.0267,3,0.5
2026-09-09,CBRS,Cerebras Systems Inc.,半导体,半导体,SOXX,196.2,Bad Market,,265.6267,270.9767,190.7264,0.0909,-0.4917,-0.2298,0.1168,0.0401,80.2503,4,0.2
2026-09-09,CCJ,Cameco Corporation,矿业,铀,URA,100.41,Bad Market,,108.3641,109.526,95.3345,0.0386,0.0852,-0.1456,0.0729,0.0614,14.1914,3.5,0.2593
2026-09-09,CDE,"Coeur Mining, Inc.",矿业,银,SIL,21.0,Wait,,22.42,22.7299,18.5949,0.0492,0.5485,-0.0598,0.2849,0.108,4.1349,3.5,0.2033
2026-09-09,CDNA,"CareDx, Inc.",医疗健康,诊断检测,XLV,50.03,Wait,,52.8603,53.5519,44.2917,0.0461,0.5976,0.2178,0.174,0.3948,9.2602,3.5,0.217
2026-09-09,CDW,CDW Corporation,科技硬件,IT,XLK,142.37,Wait,,155.3437,157.3211,130.9307,0.0463,0.012,0.0947,0.0906,0.1,26.3904,3.5,0.216
2026-09-09,CEG,Constellation Energy Corporatio,公用电力,核电,XLU,293.905,Bad Market,,301.989,304.9307,264.7311,0.0334,1.4085,-0.0818,0.2567,0.0715,40.1995,3.5,0.2997
2026-09-09,CELC,Celcuity Inc.,医疗健康,生物技术,XBI,90.08,Wait,,97.3308,98.6455,100.3816,0.0486,-0.4887,-0.2397,0.0489,0.0009,-1.7361,3.5,0.2056
2026-09-09,CENX,Century Aluminum Company,基础材料,铝,XLB,47.69,Bad Market,,52.7856,53.529,42.3777,0.052,0.6091,-0.1462,0.174,0.0292,11.1514,4,0.2
2026-09-09,CF,"CF Industries Holdings, Inc.",基础材料,化肥,MOO,138.11,Wait,,140.6511,142.2101,121.0822,0.0376,2.2431,0.0635,0.4019,0.2693,21.1278,3.5,0.2658
2026-09-09,CFR,"Cullen/Frost Bankers, Inc.",金融地产,银行,XLF,161.88,Wait,,171.6161,172.5378,160.8633,0.019,-0.7831,-0.0043,0.1016,0.1669,11.6745,3,0.5
2026-09-09,CGAU,Centerra Gold Inc.,矿业,金,GDX,23.3,Wait,,24.483,24.7537,21.0915,0.0387,0.6632,0.0318,0.1846,0.2409,3.6622,3.5,0.2582
2026-09-09,CGNX,Cognex Corporation,工业,工业设备,XLI,61.87,Bad Market,,67.5087,68.201,64.3427,0.0373,0.1285,-0.1407,0.1522,0.0615,3.8584,3.5,0.2681
2026-09-09,CGON,"CG Oncology, Inc.",医疗健康,生物技术,XLV,71.96,Wait,,81.3996,82.325,69.8833,0.0429,-1.5077,-0.0509,0.1003,0.0606,12.4417,3.5,0.2333
2026-09-09,CHRD,Chord Energy Corporation,油气,油气勘探开发,XLE,149.49,Wait,,151.9049,153.2415,134.8165,0.0298,1.1586,-0.058,0.3419,0.1756,18.425,3.5,0.3355
2026-09-09,CHRN,ChronoScale Holdings Corporatio,数据中心,数据中心,DTCR,18.18,Bad Market,,24.5795,25.2989,20.0392,0.1319,-1.1732,0.0038,0.1407,0.0978,5.2597,4,0.2
2026-09-09,CHYM,"Chime Financial, Inc.",金融地产,消费金融,XLF,34.55,Enter,0.979,34.1055,34.5595,28.4628,0.0438,1.2851,0.1209,0.3434,0.4376,6.0967,3.5,0.2283
2026-09-09,CIEN,Ciena Corporation,科技硬件,光通信,XLK,338.0,Wait,,450.248,457.8499,389.2005,0.075,-1.9506,-0.1291,0.2157,0.1445,68.6494,4,0.2
2026-09-09,CIFR,Cipher Digital Inc.,数据中心,数据中心,DTCR,16.9,Bad Market,,18.8639,19.3948,21.0617,0.1047,0.1821,-0.1445,0.013,0.1557,-1.6669,4,0.2
2026-09-09,CL,Colgate-Palmolive Company,消费,消费必需品,XLP,88.03,Bad Market,,94.1155,94.6227,90.0572,0.0192,-1.6766,-0.1342,0.3068,0.0109,4.5655,3,0.5
2026-09-09,CLBK,"Columbia Financial, Inc.",金融地产,银行,XLF,11.48,Wait,,11.9348,12.0067,11.1013,0.0209,-0.7398,0.0093,0.25,0.3763,0.9054,3,0.4792
2026-09-09,CLF,Cleveland-Cliffs Inc.,基础材料,钢铁,XLB,12.09,Bad Market,,12.6222,12.8054,10.2067,0.0505,0.4363,-0.0525,0.0292,0.0113,2.5987,4,0.2
2026-09-09,CLH,"Clean Harbors, Inc.",工业,环境服务,XLI,315.7,Bad Market,,329.207,331.1487,306.923,0.0205,-0.171,-0.089,0.114,0.1559,24.2257,3,0.4878
2026-09-09,CLMT,"Calumet, Inc",油气,燃料油,XLE,55.69,Too High,,54.4669,55.1398,46.0598,0.0403,2.851,0.2034,0.5045,0.3878,9.08,3.5,0.2483
2026-09-09,CLS,"Celestica, Inc.",科技硬件,电子元件,XLK,333.6,Wait,,351.5839,357.5147,297.7623,0.0593,1.1175,-0.1278,0.0687,0.0588,59.7524,4,0.2
2026-09-09,CLSK,"CleanSpark, Inc.",数据中心,数据中心,DTCR,13.28,Bad Market,,13.68,13.98,13.4496,0.0753,1.1839,-0.1266,0.0818,0.1136,0.5304,4,0.2
2026-09-09,CM,Canadian Imperial Bank of Comme,金融地产,银行,XLF,114.96,Wait,,124.8896,125.6297,116.3394,0.0215,-1.1484,0.0863,0.1088,0.0133,9.2902,3,0.466
2026-09-09,CMBT,CMB.TECH NV,航运,海运,SEA,19.35,Wait,,19.6835,19.8499,17.5492,0.0287,2.5265,0.0574,0.5331,0.2569,2.3007,3.5,0.3489
2026-09-09,CMG,"Chipotle Mexican Grill, Inc.",消费,餐饮,XLY,36.03,Bad Market,,38.8803,39.2325,34.4113,0.0326,0.0975,-0.0536,0.2436,0.1226,4.8212,3.5,0.3069
2026-09-09,CNH,CNH Industrial N.V.,工业,工业机械,XLI,13.9,Bad Market,,14.539,14.7099,12.4058,0.041,3.9059,0.1928,0.3761,0.2197,2.3041,3.5,0.244
2026-09-09,CNP,"CenterPoint Energy, Inc (Holdin",公用电力,电力,XLU,39.77,Bad Market,,41.2116,41.4405,42.7506,0.0192,-0.1088,-0.0688,0.1259,0.1456,-1.3101,3,0.5
2026-09-09,CNQ,Canadian Natural Resources Limi,油气,油气勘探开发,XLE,51.35,Wait,,52.3235,52.6943,48.1025,0.0241,1.238,0.0076,0.4177,0.2487,4.5918,3,0.4155
2026-09-09,COHR,Coherent Corp.,科技硬件,光通信,XLK,303.48,Wait,,383.7359,390.6448,333.3616,0.0759,0.2354,-0.1446,0.2437,0.1401,57.2832,4,0.2
2026-09-09,COIN,"Coinbase Global, Inc.",金融地产,加密金融,XLF,174.72,Wait,,194.9093,198.2233,148.5139,0.0632,0.2925,0.0023,0.1305,0.0285,49.7093,4,0.2
2026-09-09,COP,ConocoPhillips,油气,油气勘探开发,XLE,136.53,Wait,,138.5653,139.4783,128.0704,0.0223,1.6741,-0.039,0.4603,0.2789,11.4078,3,0.4486
2026-09-09,CORT,Corcept Therapeutics Incorporat,医疗健康,生物制药,XBI,115.7,Wait,,124.727,126.1409,107.0745,0.0407,-0.0593,0.1419,0.1182,0.259,19.0664,3.5,0.2455
2026-09-09,CORZ,"Core Scientific, Inc.",数据中心,数据中心,DTCR,18.09,Bad Market,,21.2601,21.6351,24.1588,0.0691,-0.1296,-0.1557,0.211,0.2247,-2.5237,4,0.2
2026-09-09,COST,Costco Wholesale Corporation,消费,消费必需品,XLP,902.6,Bad Market,,979.561,984.4575,925.0643,0.0181,-2.6016,-0.1119,0.2225,0.0953,59.3932,3,0.5
2026-09-09,CP,Canadian Pacific Kansas City Li,工业,铁路,IYT,90.07,Bad Market,,97.5907,98.1651,90.9465,0.0213,-1.5965,0.0086,0.0713,0.0849,7.2186,3,0.4705
2026-09-09,CPAY,"Corpay, Inc.",金融地产,支付,XLF,406.09,Wait,,429.3009,432.2595,395.6539,0.0243,-0.5116,-0.0844,0.1182,0.186,36.6056,3,0.4118
2026-09-09,CRBG,Corebridge Financial Inc.,金融地产,保险,XLF,33.82,Wait,,35.0882,35.3376,32.2565,0.0246,0.9053,-0.062,0.0129,0.1778,3.0811,3,0.4069
2026-09-09,CRC,California Resources Corporatio,油气,油气勘探开发,XLE,56.7,Too High,,56.137,56.5986,50.1843,0.0271,2.2034,-0.12,0.3134,0.0457,6.4143,3.5,0.3685
2026-09-09,CRDO,Credo Technology Group Holding ,半导体,半导体,SOXX,167.92,Bad Market,,286.4113,291.7983,230.6936,0.1069,-3.2244,-0.0784,0.3523,0.1985,61.1047,4,0.2
2026-09-09,CRGY,Crescent Energy Company,油气,油气勘探开发,XLE,14.24,Wait,,14.4124,14.5501,12.6641,0.0322,1.9037,-0.0083,0.4231,0.268,1.886,3.5,0.3103
2026-09-09,CRL,Charles River Laboratories Inte,医疗健康,CRO,XLV,278.35,Wait,,301.3635,304.1334,266.2642,0.0332,-1.1228,0.021,0.1091,0.3665,37.8692,3.5,0.3015
2026-09-09,CRM,"Salesforce, Inc.",软件,软件,IGV,244.16,Wait,,266.8716,270.0507,227.3404,0.0434,1.9498,0.1909,0.3898,0.3443,42.7103,3.5,0.2304
2026-09-09,CROX,"Crocs, Inc.",消费,服饰鞋类,XLY,111.09,Bad Market,,139.3009,140.5567,126.5388,0.0377,-2.986,-0.0786,0.5419,0.085,14.0179,3.5,0.2654
2026-09-09,CRUS,"Cirrus Logic, Inc.",半导体,半导体,SOXX,110.72,Bad Market,,126.0272,127.1331,152.5079,0.0333,-1.0898,-0.2413,0.5018,0.466,-25.3748,3.5,0.3004
2026-09-09,CRWD,"CrowdStrike Holdings, Inc.",软件,软件,IGV,207.8,Wait,,233.3214,236.8034,184.5728,0.0559,-0.1727,0.2194,0.0384,0.1164,52.2306,4,0.2
2026-09-09,CRWV,"CoreWeave, Inc.",数据中心,数据中心,DTCR,94.94,Bad Market,,109.0725,111.0863,84.4395,0.0707,0.4976,-0.1081,0.0541,0.0721,26.6469,4,0.2
2026-09-09,CSCO,"Cisco Systems, Inc.",科技硬件,通讯,XLK,109.43,Wait,,124.9743,125.7554,116.0691,0.0238,-0.941,-0.1781,0.3571,0.1243,9.6863,3,0.4203
2026-09-09,CSTM,Constellium SE,基础材料,铝加工,XLB,27.2,Bad Market,,30.192,30.5144,30.8389,0.0395,-0.3946,-0.1419,0.215,0.217,-0.3245,3.5,0.2531
2026-09-09,CSX,CSX Corporation,工业,铁路/联运,IYT,48.37,Bad Market,,52.2437,52.5395,50.2722,0.0204,-2.0169,0.0127,0.2363,0.0834,2.2673,3,0.4906
2026-09-09,CTVA,"Corteva, Inc.",基础材料,农业,MOO,84.75,Wait,,90.8175,91.5424,82.0527,0.0285,1.1855,0.1273,0.3356,0.0843,9.4897,3.5,0.3507
2026-09-09,CVE,Cenovus Energy Inc,油气,综合油气,XLE,33.46,Wait,,33.5246,33.8094,29.8679,0.0284,1.6272,0.0158,0.4566,0.2683,3.9415,3.5,0.3525
2026-09-09,CVX,Chevron Corporation,油气,综合油气,XLE,213.81,Wait,,213.8262,215.054,199.5025,0.0191,2.4006,-0.0184,0.5877,0.303,15.5515,3,0.5
2026-09-09,CWEN,"Clearway Energy, Inc.",公用电力,电力,XLU,32.07,Bad Market,,34.8207,35.1096,33.6992,0.03,-0.7502,-0.0972,0.063,0.1959,1.4104,3.5,0.333
2026-09-09,CXW,"CoreCivic, Inc.",工业,工业服务,XLI,34.37,Bad Market,,35.3937,35.8108,30.1842,0.0404,0.6988,0.1441,0.1327,0.1506,5.6265,3.5,0.2472
2026-09-09,D,"Dominion Energy, Inc.",公用电力,电力,XLU,65.1,Bad Market,,69.349,69.6964,68.216,0.0178,-1.7694,-0.0547,0.2243,0.0977,1.4804,3,0.5
2026-09-09,DAL,"Delta Air Lines, Inc.",工业,航空运输,IYT,78.75,Bad Market,,92.1275,92.7931,85.8946,0.0282,-1.957,-0.1163,0.4135,0.0918,6.8985,3.5,0.3549
2026-09-09,DAR,Darling Ingredients Inc.,基础材料,化工,XLB,67.51,Bad Market,,69.0151,69.8338,58.7884,0.0404,0.7759,0.1791,0.2675,0.2183,11.0454,3.5,0.2474
2026-09-09,DAVE,Dave Inc.,金融地产,消费金融,XLF,361.875,Wait,,395.375,402.1475,352.23,0.0624,0.4066,0.031,0.1807,0.0758,49.9174,4,0.2
2026-09-09,DB,Deutsche Bank AG,金融地产,银行,XLF,40.66,Wait,,41.9004,42.1046,39.5178,0.0167,2.0338,-0.1465,0.3016,0.1545,2.5868,3,0.5
2026-09-09,DBD,Diebold Nixdorf Incorporated,科技硬件,硬件,XLK,66.48,Wait,,76.0448,76.7693,82.2979,0.0363,-0.9775,-0.135,0.3794,0.2118,-5.5287,3.5,0.2753
2026-09-09,DBX,"Dropbox, Inc.",软件,软件,IGV,34.59,Wait,,36.2759,36.6167,31.9538,0.0328,-0.0132,0.0724,0.0152,0.2529,4.663,3.5,0.3045
2026-09-09,DDOG,"Datadog, Inc.",软件,软件,IGV,225.27,Wait,,263.4392,267.4281,234.9654,0.059,-0.5617,0.0528,0.0485,0.0093,32.4627,4,0.2
2026-09-09,DE,Deere & Company,工业,工业机械,XLI,677.21,Bad Market,,705.1421,710.9068,631.1147,0.0284,2.0366,0.0639,0.217,0.132,79.7922,3.5,0.3524
2026-09-09,DELL,Dell Technologies Inc.,科技硬件,硬件,XLK,535.25,Wait,,540.1563,549.5707,408.3543,0.0586,2.082,0.1557,0.2348,0.1244,141.2164,4,0.2
2026-09-09,DEO,Diageo plc,消费,消费必需品,XLP,86.1,Bad Market,,97.971,98.5394,91.4256,0.022,-3.4608,-0.0644,0.355,0.0837,7.1139,3,0.4544
2026-09-09,DGII,Digi International Inc.,科技硬件,通讯设备,XLK,68.91,Wait,,85.9291,86.795,75.1381,0.0419,-2.672,0.0112,0.4001,0.0015,11.6569,3.5,0.2388
2026-09-09,DGX,Quest Diagnostics Incorporated,医疗健康,诊断检测,XLV,235.46,Wait,,247.3546,248.8618,229.9282,0.0213,-0.8543,0.0004,0.0808,0.3312,18.9335,3,0.4687
2026-09-09,DHR,Danaher Corporation,医疗健康,生命科学工具,XLV,204.85,Wait,,220.8985,222.7259,197.531,0.0297,-0.85,0.0135,0.0015,0.146,25.1949,3.5,0.3363
2026-09-09,DHT,"DHT Holdings, Inc.",航运,海运,SEA,21.2,Enter,0.5792,21.082,21.2857,18.4932,0.032,2.4357,-0.0202,0.2905,0.0687,2.7925,3.5,0.3122
2026-09-09,DINO,HF Sinclair Corporation,油气,炼油,XLE,108.14,Wait,,109.3914,110.4982,95.3969,0.0341,2.9174,0.1586,0.6264,0.4403,15.1013,3.5,0.2931
2026-09-09,DIOD,Diodes Incorporated,半导体,半导体,SOXX,90.07,Bad Market,,108.5656,110.074,102.6477,0.0558,-0.8745,-0.1357,0.1967,0.1536,7.4263,4,0.2
2026-09-09,DIS,Walt Disney Company (The),通讯服务,影视娱乐,XLC,104.18,Bad Market,,112.2918,112.9568,104.5997,0.0213,-1.1271,-0.0305,0.0241,0.0224,8.3572,3,0.47
2026-09-09,DK,"Delek US Holdings, Inc.",油气,炼油,XLE,75.28,Wait,,76.4819,77.6997,59.4326,0.0539,1.4204,0.2562,0.3549,0.3203,18.2671,4,0.2
2026-09-09,DLR,"Digital Realty Trust, Inc.",金融地产,房地产,XLRE,189.08,Bad Market,,202.0408,203.5612,182.4123,0.0268,-0.44,0.0089,0.0949,0.0428,21.1489,3.5,0.3731
2026-09-09,DLTR,"Dollar Tree, Inc.",消费,消费必需品,XLP,118.39,Bad Market,,137.9339,139.4108,119.5189,0.0416,-2.3863,0.0881,0.2459,0.0368,19.8919,3.5,0.2405
2026-09-09,DOC,"Healthpeak Properties, Inc.",金融地产,医疗地产,XLRE,20.39,Bad Market,,21.8639,21.9887,21.5718,0.0204,-1.3531,-0.0782,0.2277,0.0309,0.4169,3,0.4901
2026-09-09,DOW,Dow Inc.,基础材料,化工,XLB,29.4,Bad Market,,33.194,33.5152,29.153,0.0364,-1.3633,-0.1199,0.0051,0.044,4.3622,3.5,0.2746
2026-09-09,DSX,Diana Shipping inc.,航运,海运,SEA,2.92,Wait,,3.0392,3.0724,2.6225,0.0379,1.9736,0.0409,0.4237,0.2928,0.4499,3.5,0.2638
2026-09-09,DTM,"DT Midstream, Inc.",油气,油气中游,AMLP,130.1,Wait,,138.201,139.2394,138.6253,0.0266,-0.3749,0.016,0.0352,0.1609,0.6141,3.5,0.3759
2026-09-09,DUK,Duke Energy Corporation (Holdin,公用电力,电力,XLU,120.43,Bad Market,,125.7899,126.3539,124.8805,0.0156,-0.8102,-0.1071,0.2037,0.0484,1.4734,3,0.5
2026-09-09,DVN,Devon Energy Corporation,油气,油气勘探开发,XLE,48.98,Wait,,49.7898,50.1504,45.6942,0.0245,1.1993,-0.1075,0.4016,0.1568,4.4562,3,0.4075
2026-09-09,EAT,"Brinker International, Inc.",消费,餐饮,XLY,215.31,Bad Market,,256.0931,258.8901,221.3082,0.0433,-2.1927,0.0925,0.0772,0.1913,37.5819,3.5,0.2309
2026-09-09,ECO,Okeanis Eco Tankers Corp.,航运,海运,SEA,71.67,Wait,,72.1467,72.8619,63.0861,0.0333,2.6735,0.0418,0.3237,0.2231,9.7758,3.5,0.3006
2026-09-09,EFXT,Enerflex Ltd,油气,油气设备服务,XLE,22.57,Wait,,22.7657,23.0438,22.5755,0.0411,1.6693,-0.0091,0.2532,0.1175,0.4684,3.5,0.2435
2026-09-09,EGO,Eldorado Gold Corporation,矿业,金,GDX,44.58,Wait,,48.5858,49.1693,41.3329,0.0436,0.7445,0.0412,0.2498,0.2045,7.8364,3.5,0.2292
2026-09-09,EIX,Edison International,公用电力,电力,XLU,57.44,Bad Market,,75.4845,76.5414,66.2892,0.0613,-2.906,0.4224,0.2199,0.1715,10.2522,4,0.2
2026-09-09,EL,"Estee Lauder Companies, Inc. (T",消费,消费必需品,XLP,98.77,Bad Market,,107.1977,108.2409,94.0391,0.0352,0.4071,0.0379,0.2233,0.1637,14.2019,3.5,0.284
2026-09-09,ELAN,Elanco Animal Health Incorporat,医疗健康,动物制药,XLV,23.55,Wait,,25.3255,25.5818,23.4699,0.0363,-0.4629,-0.1007,0.152,0.0143,2.1119,3.5,0.2757
2026-09-09,EMN,Eastman Chemical Company,基础材料,化工,XLB,68.34,Bad Market,,75.8434,76.4277,68.3431,0.0285,-2.2789,-0.0631,0.2261,0.0683,8.0846,3.5,0.3509
2026-09-09,EMR,Emerson Electric Company,工业,工业机械,XLI,150.34,Bad Market,,165.8834,167.0122,151.211,0.025,-1.6759,-0.0807,0.1812,0.001,15.8011,3.5,0.3996
2026-09-09,ENB,Enbridge Inc,油气,油气中游,AMLP,50.15,Wait,,52.0114,52.2763,54.2115,0.0176,-0.504,-0.0505,0.128,0.163,-1.9352,3,0.5
2026-09-09,ENPH,"Enphase Energy, Inc.",公用电力,太阳能,TAN,36.72,Bad Market,,42.7138,43.3345,44.1336,0.0563,-0.7477,-0.2721,0.2262,0.215,-0.7991,4,0.2
2026-09-09,ENS,EnerSys,工业,锂电池,XLI,179.1,Bad Market,,205.191,207.2474,209.8285,0.0383,-1.5092,-0.1507,0.1958,0.2205,-2.5811,3.5,0.2613
2026-09-09,ENTG,"Entegris, Inc.",半导体,半导体材料,SOXX,143.03,Bad Market,,165.293,167.5175,154.3398,0.0518,-0.1931,-0.1531,0.0955,0.1251,13.1778,4,0.2
2026-09-09,EOG,"EOG Resources, Inc.",油气,油气勘探开发,XLE,147.01,Wait,,154.5201,155.5565,142.686,0.0235,0.1673,-0.059,0.2841,0.1191,12.8705,3,0.4255
2026-09-09,EPD,Enterprise Products Partners L.,油气,油气中游,AMLP,39.32,Wait,,39.6394,39.807,37.6838,0.0142,1.2215,-0.1281,0.2545,0.1544,2.1232,3,0.5
2026-09-09,EQH,"Equitable Holdings, Inc.",金融地产,保险,XLF,52.09,Wait,,54.0609,54.4525,48.9719,0.0251,0.9731,-0.0482,0.0339,0.1655,5.4805,3.5,0.3991
2026-09-09,EQIX,"Equinix, Inc.",数据中心,数据中心,DTCR,1043.0601,Bad Market,,1112.5306,1121.439,1012.008,0.0285,-0.6141,0.0647,0.0017,0.0946,109.431,3.5,0.3513
2026-09-09,EQNR,Equinor ASA,油气,综合油气,XLE,45.23,Too High,,44.6823,45.0291,40.1845,0.0256,2.7417,-0.0114,0.4143,0.3082,4.8446,3.5,0.3913
2026-09-09,EQT,EQT Corporation,油气,油气勘探开发,XLE,54.63,Wait,,56.2963,56.7128,50.8913,0.0254,0.1776,-0.049,0.2888,0.0855,5.8215,3.5,0.3935
2026-09-09,EQX,Equinox Gold Corp.,矿业,金,GDX,12.85,Wait,,14.1085,14.2785,11.9968,0.0441,0.4086,-0.0919,0.1719,0.1548,2.2816,3.5,0.2268
2026-09-09,ERAS,"Erasca, Inc.",医疗健康,生物技术,XBI,15.7,Wait,,19.7132,20.048,16.7962,0.0711,-1.7949,-0.0283,0.2785,0.0215,3.2517,4,0.2
2026-09-09,ERIC,Ericsson,科技硬件,通讯设备,XLK,10.06,Wait,,10.4738,10.5301,11.157,0.0187,-0.3863,-0.3044,0.0462,0.1869,-0.6269,3,0.5
2026-09-09,ERO,Ero Copper Corp.,矿业,铜,COPX,38.25,Wait,,40.7931,41.3827,32.5384,0.0514,0.9001,0.1328,0.1391,0.1335,8.8444,4,0.2
2026-09-09,EROC,"ERock, Inc.",公用电力,电气设备,GRID,12.67,Bad Market,,17.6551,18.0376,12.2988,0.1007,-0.5869,-0.0824,0.1063,0.1043,5.7388,4,0.2
2026-09-09,ES,Eversource Energy (D/B/A),公用电力,电力,XLU,70.44,Bad Market,,72.9956,73.3769,71.5766,0.018,-0.6978,-0.0983,0.1535,0.0086,1.8003,3,0.5
2026-09-09,ESE,ESCO Technologies Inc.,航空国防,航空航天国防,ITA,270.91,Bad Market,,310.7191,313.4242,323.3405,0.0333,-1.5699,-0.1518,0.3672,0.2613,-9.9163,3.5,0.3004
2026-09-09,ESI,Element Solutions Inc.,基础材料,化工,XLB,35.78,Bad Market,,39.5778,39.9817,44.3778,0.0376,-0.4215,-0.1475,0.1458,0.253,-4.3961,3.5,0.2658
2026-09-09,ESTC,Elastic N.V.,软件,软件,IGV,86.58,Wait,,100.9107,102.4117,79.8965,0.0578,-0.0467,0.2829,0.1551,0.2299,22.5152,4,0.2
2026-09-09,ETN,"Eaton Corporation, PLC",工业,工业机械,XLI,415.22,Bad Market,,464.1122,468.343,410.6002,0.034,-0.4795,-0.0689,0.2047,0.0397,57.7428,3.5,0.2944
2026-09-09,ETR,Entergy Corporation,公用电力,电力,XLU,107.17,Bad Market,,109.525,110.122,110.3599,0.0186,0.0641,-0.0849,0.0005,0.0874,-0.2379,3,0.5
2026-09-09,ETSY,"Etsy, Inc.",消费,互联网零售,XLY,71.19,Bad Market,,87.7419,88.7959,74.7338,0.0493,-2.7445,0.1061,0.3635,0.0131,14.062,3.5,0.2026
2026-09-09,EVRG,"Evergy, Inc.",公用电力,电力,XLU,81.22,Bad Market,,84.713,85.1228,84.0321,0.0168,-0.7174,-0.0422,0.1484,0.0515,1.0906,3,0.5
2026-09-09,EW,Edwards Lifesciences Corporatio,医疗健康,医疗器械,IHI,86.18,Bad Market,,94.5218,95.1364,89.0343,0.0238,-2.245,-0.0777,0.1911,0.0055,6.1021,3,0.4207
2026-09-09,EXC,Exelon Corporation,公用电力,电力,XLU,43.7,Bad Market,,46.2753,46.5244,45.3885,0.019,-1.0349,-0.0782,0.2315,0.0908,1.1359,3,0.5
2026-09-09,EXE,Expand Energy Corporation,油气,油气勘探开发,XLE,96.62,Wait,,100.9462,101.6341,93.1009,0.0237,-0.1248,-0.0843,0.1663,0.1312,8.5332,3,0.4214
2026-09-09,EXK,Endeavour Silver Corporation,矿业,银,SIL,11.15,Wait,,11.5892,11.7681,9.0856,0.0535,0.6584,-0.0267,0.1971,0.1493,2.6825,4,0.2
2026-09-09,EXPE,"Expedia Group, Inc.",消费,在线旅游,XLY,272.6,Bad Market,,341.856,345.7677,293.4936,0.0478,-3.5726,0.1107,0.236,0.09,52.2741,3.5,0.2091
2026-09-09,EXTR,"Extreme Networks, Inc.",科技硬件,网络,XLK,21.46,Wait,,24.6346,24.9091,30.5074,0.0426,-1.5803,-0.1928,0.2936,0.2643,-5.5983,3.5,0.2345
2026-09-09,F,Ford Motor Company,消费,可选消费,XLY,13.45,Bad Market,,14.7545,14.8889,13.712,0.0333,-1.3962,-0.0409,0.0972,0.0534,1.1769,3.5,0.3002
2026-09-09,FANG,"Diamondback Energy, Inc.",油气,油气勘探开发,XLE,202.63,Wait,,213.0463,214.7248,191.4376,0.0276,-0.0976,-0.0554,0.2499,0.0862,23.2872,3.5,0.3622
2026-09-09,FAST,Fastenal Company,工业,工业分销,XLI,48.79,Bad Market,,52.8679,53.1921,49.1378,0.0222,-1.6137,-0.0424,0.2716,0.0806,4.0544,3,0.4514
2026-09-09,FCX,"Freeport-McMoRan, Inc.",矿业,铜,COPX,76.23,Wait,,80.6723,81.5789,69.3335,0.0396,1.0902,0.054,0.1745,0.0766,12.2454,3.5,0.2523
2026-09-09,FDS,FactSet Research Systems Inc.,金融地产,资本市场,XLF,279.17,Wait,,316.3417,319.7789,273.4497,0.041,-1.5175,0.0075,0.048,0.164,46.3291,3.5,0.2437
2026-09-09,FDX,FedEx Corporation,工业,快递物流,IYT,309.19,Bad Market,,342.4419,344.7482,316.2871,0.0249,-2.4362,-0.0556,0.0995,0.0847,28.4611,3,0.4022
2026-09-09,FE,FirstEnergy Corp.,公用电力,电力,XLU,46.21,Bad Market,,47.8617,48.0968,47.5695,0.017,-0.612,-0.0785,0.1848,0.0249,0.5273,3,0.5
2026-09-09,FERG,Ferguson Enterprises Inc.,工业,工业分销,XLI,223.22,Bad Market,,266.0122,267.9352,241.3451,0.0287,-1.9412,-0.0438,0.3969,0.0716,26.5901,3.5,0.3482
2026-09-09,FIVE,"Five Below, Inc.",消费,折扣零售,XLY,247.12,Bad Market,,265.1912,268.3454,225.9207,0.0425,0.1354,0.178,0.0237,0.233,42.4248,3.5,0.235
2026-09-09,FIVN,"Five9, Inc.",软件,软件,IGV,30.37,Wait,,34.9152,35.4331,27.6655,0.0568,-1.4997,0.0782,0.1838,0.2337,7.7675,4,0.2
2026-09-09,FLEX,Flex Ltd.,科技硬件,电子元件,XLK,112.68,Wait,,131.1268,132.8046,142.4956,0.0496,-0.3141,-0.1876,0.1354,0.1773,-9.691,3.5,0.2015
2026-09-09,FLNC,"Fluence Energy, Inc.",公用电力,电力,GRID,10.12,Bad Market,,13.3894,13.6435,21.8016,0.0837,-1.6716,-0.4372,0.3716,0.4052,-8.1581,4,0.2
2026-09-09,FLNG,FLEX LNG Ltd.,航运,海运,SEA,31.14,Wait,,32.7914,33.0316,29.6773,0.0257,-0.0718,-0.0248,0.0286,0.0295,3.3543,3.5,0.3889
2026-09-09,FLOC,Flowco Holdings Inc.,油气,油气设备服务,XLE,21.08,Wait,,23.9408,24.2057,20.6392,0.0419,-1.1607,-0.0762,0.067,0.0775,3.5665,3.5,0.2387
2026-09-09,FLR,Fluor Corporation,工业,建筑,XLI,54.83,Bad Market,,58.0483,58.6869,50.0502,0.0388,0.4825,-0.0176,0.0839,0.0059,8.6367,3.5,0.2576
2026-09-09,FLS,Flowserve Corporation,工业,工业机械,XLI,75.19,Bad Market,,83.5519,84.259,74.5503,0.0313,-1.8158,-0.1266,0.2269,0.084,9.7087,3.5,0.319
2026-09-09,FN,Fabrinet,科技硬件,光通信,XLK,418.27,Wait,,603.9905,612.1062,508.8802,0.0647,-1.5765,-0.2556,0.3791,0.1921,103.226,4,0.2
2026-09-09,FNV,Franco-Nevada Corporation,矿业,金,GDX,265.43,Wait,,274.4243,276.8568,243.3903,0.0305,1.1954,-0.007,0.2452,0.1834,33.4666,3.5,0.3273
2026-09-09,FORM,"FormFactor, Inc.",半导体,半导体材料,SOXX,114.18,Bad Market,,139.7308,142.0869,128.5149,0.0688,0.1553,-0.1375,0.0325,0.1226,13.572,4,0.2
2026-09-09,FOXA,Fox Corporation,通讯服务,影视娱乐,XLC,63.86,Bad Market,,70.9686,71.5303,63.777,0.0293,-1.8453,-0.0307,0.0068,0.2477,7.7533,3.5,0.3411
2026-09-09,FPS,"Forgent Power Solutions, Inc.",工业,电气设备,XLI,30.99,Bad Market,,40.0684,40.681,53.6722,0.0659,-1.2615,-0.2865,0.3927,0.3834,-12.9913,4,0.2
2026-09-09,FRO,Frontline Plc,航运,海运,SEA,47.21,Enter,0.2579,47.0921,47.5492,41.2875,0.0323,2.5949,0.0035,0.3938,0.113,6.2616,3.5,0.3099
2026-09-09,FROG,JFrog Ltd.,软件,软件,IGV,87.32,Wait,,105.2011,106.9578,80.6078,0.0671,-0.8545,0.1479,0.0365,0.048,26.35,4,0.2
2026-09-09,FRSH,Freshworks Inc.,软件,软件,IGV,11.93,Wait,,14.0393,14.1941,12.1138,0.0433,-1.9131,0.0247,0.0136,0.1848,2.0803,3.5,0.2312
2026-09-09,FSLR,"First Solar, Inc.",公用电力,太阳能,TAN,203.1,Bad Market,,252.081,255.0173,228.8531,0.0482,-1.0647,-0.1439,0.4477,0.2104,26.1642,3.5,0.2075
2026-09-09,FSLY,"Fastly, Inc.",软件,软件,IGV,22.71,Wait,,30.4001,30.9701,22.4189,0.0837,-0.8975,0.0332,0.0088,0.1094,8.5513,4,0.2
2026-09-09,FTI,TechnipFMC plc,油气,油气设备服务,XLE,77.81,Wait,,80.8581,81.5463,72.0516,0.0295,0.153,0.0009,0.3383,0.1545,9.4947,3.5,0.3392
2026-09-09,FTNT,"Fortinet, Inc.",软件,网络安全,IGV,157.22,Wait,,174.3522,176.3463,149.5155,0.0423,-0.2573,0.1158,0.0275,0.0607,26.8309,3.5,0.2365
2026-09-09,FUL,H. B. Fuller Company,基础材料,材料,XLB,51.84,Bad Market,,64.0984,64.6412,58.267,0.0349,-3.3204,-0.0799,0.4079,0.214,6.3742,3.5,0.2865
2026-09-09,GD,General Dynamics Corporation,航空国防,航空航天国防,ITA,352.67,Bad Market,,399.4967,401.6722,374.2147,0.0206,-3.8417,-0.0346,0.5137,0.0472,27.4575,3,0.4863
2026-09-09,GE,GE Aerospace,航空国防,航空航天国防,ITA,325.42,Bad Market,,378.3442,381.0183,350.0226,0.0274,-2.6962,-0.0711,0.3599,0.1009,30.9956,3.5,0.3651
2026-09-09,GEHC,GE HealthCare Technologies Inc.,医疗健康,医疗器械,IHI,65.17,Bad Market,,75.4717,76.0034,68.6172,0.0272,-3.9721,-0.0914,0.3614,0.0739,7.3862,3.5,0.3677
2026-09-09,GEL,"Genesis Energy, L.P.",油气,油气中游,AMLP,15.68,Wait,,16.7268,16.8524,15.105,0.0267,-0.9258,-0.0887,0.1538,0.1505,1.7473,3.5,0.3746
2026-09-09,GEN,Gen Digital Inc.,软件,网络安全,IGV,29.76,Wait,,31.6276,31.9033,28.1135,0.0309,0.3678,0.0247,0.0511,0.2577,3.7898,3.5,0.3238
2026-09-09,GENB,"Generate Biomedicines, Inc.",医疗健康,生物制药,XBI,15.52,Wait,,20.6402,21.0306,15.1753,0.0838,-0.453,0.0966,0.0726,0.013,5.8553,4,0.2
2026-09-09,GEV,GE Vernova Inc.,公用电力,电气设备,GRID,951.04,Bad Market,,1088.5104,1100.7934,1031.558,0.0431,-0.4876,-0.1274,0.0943,0.1181,69.2354,3.5,0.2323
2026-09-09,GFI,Gold Fields Limited,矿业,金,GDX,47.03,Wait,,49.3403,49.8775,42.6028,0.0381,1.218,-0.0432,0.2561,0.2318,7.2747,3.5,0.2626
2026-09-09,GFS,GlobalFoundries Inc.,半导体,半导体,SOXX,45.95,Bad Market,,55.0395,55.6975,81.993,0.0477,-0.8122,-0.3253,0.3182,0.4233,-26.2954,3.5,0.2095
2026-09-09,GH,"Guardant Health, Inc.",医疗健康,诊断检测,XLV,162.78,Wait,,172.5478,174.9498,142.8964,0.0492,-0.0875,0.0966,0.0858,0.1529,32.0535,3.5,0.2033
2026-09-09,GILD,"Gilead Sciences, Inc.",医疗健康,制药,XLV,145.65,Wait,,152.6765,153.782,138.3231,0.0253,0.1692,0.0039,0.3069,0.1949,15.4589,3.5,0.3953
2026-09-09,GKOS,Glaukos Corporation,医疗健康,医疗器械,IHI,179.79,Bad Market,,191.3479,193.2837,166.9653,0.0359,-0.4955,0.0134,0.0039,0.3294,26.3185,3.5,0.2786
2026-09-09,GLNG,Golar LNG Limited,油气,油气中游,AMLP,51.94,Wait,,53.6494,54.0586,48.3558,0.0263,0.1177,-0.0279,0.1307,0.0404,5.7028,3.5,0.3808
2026-09-09,GLW,Corning Incorporated,科技硬件,电子元件,XLK,168.46,Wait,,174.995,177.6724,219.9907,0.053,1.5643,-0.2137,0.0255,0.0966,-42.3183,4,0.2
2026-09-09,GM,General Motors Company,消费,汽车,XLY,83.76,Bad Market,,90.1876,90.8558,82.5044,0.0266,-1.1303,-0.0501,0.1615,0.0521,8.3514,3.5,0.3761
2026-09-09,GMAB,Genmab A/S,医疗健康,生物制药,XBI,33.04,Wait,,34.7404,34.9829,31.9852,0.0245,-0.1352,-0.007,0.165,0.3044,2.9976,3,0.4088
2026-09-09,GNK,Genco Shipping & Trading Limite,航运,海运,SEA,27.14,Wait,,27.9214,28.1935,24.4755,0.0334,0.9162,0.0562,0.2027,0.1387,3.718,3.5,0.2992
2026-09-09,GOOGL,Alphabet Inc.,通讯服务,互联网媒体,XLC,330.65,Bad Market,,360.8265,363.2789,353.1254,0.0247,-1.4683,-0.1456,0.3003,0.0615,10.1535,3,0.4045
2026-09-09,GPN,Global Payments Inc.,金融地产,支付,XLF,87.02,Wait,,95.7002,96.5752,84.6215,0.0335,-1.6015,-0.0,0.0282,0.2295,11.9537,3.5,0.2983
2026-09-09,GRDN,"Guardian Pharmacy Services, Inc",医疗健康,药房,XLV,43.39,Wait,,44.2639,44.7692,37.935,0.0388,2.9089,-0.0121,0.0295,0.0319,6.8342,3.5,0.2576
2026-09-09,GRMN,Garmin Ltd.,消费,可选消费,XLY,272.18,Bad Market,,315.8818,317.9042,292.9365,0.0248,-2.9349,-0.0592,0.6652,0.1671,24.9677,3,0.4038
2026-09-09,GS,"Goldman Sachs Group, Inc. (The)",金融地产,投行,XLF,1028.78,Wait,,1069.1678,1076.8114,1075.6343,0.0248,-0.175,-0.1172,0.0444,0.0828,1.177,3,0.4038
2026-09-09,GSAT,"Globalstar, Inc.",航空国防,卫星通信,ITA,81.68,Bad Market,,84.1966,84.4226,81.9201,0.0092,-0.7706,-0.4456,0.2471,0.0855,2.5025,3,0.5
2026-09-09,GSK,GSK plc,医疗健康,制药,XLV,48.63,Wait,,53.4463,53.7698,50.4749,0.0222,-2.0526,-0.0353,0.2742,0.0541,3.2949,3,0.451
2026-09-09,GTLB,GitLab Inc.,软件,软件,IGV,46.33,Wait,,50.3291,51.0778,39.8475,0.0539,0.9447,0.2155,0.2505,0.3278,11.2303,4,0.2
2026-09-09,HAE,Haemonetics Corporation,医疗健康,医疗器械,IHI,103.16,Bad Market,,109.8316,110.7031,98.633,0.0282,0.59,0.0144,0.436,0.4148,12.0701,3.5,0.3551
2026-09-09,HAFN,Hafnia Limited,航运,海运,SEA,9.16,Wait,,9.3116,9.3967,8.2269,0.031,3.4484,0.112,0.4447,0.1922,1.1699,3.5,0.3228
2026-09-09,HAL,Halliburton Company,油气,油气设备服务,XLE,37.13,Wait,,38.0013,38.315,33.9699,0.0282,1.7131,-0.0445,0.4081,0.0645,4.3451,3.5,0.3551
2026-09-09,HALO,"Halozyme Therapeutics, Inc.",医疗健康,生物制药,XBI,107.39,Wait,,111.8339,112.7026,100.6249,0.027,0.4116,0.082,0.1383,0.4421,12.0777,3.5,0.3709
2026-09-09,HBM,Hudbay Minerals Inc.,矿业,铜,COPX,28.82,Wait,,31.0782,31.4881,26.0076,0.0474,0.4033,-0.0054,0.0728,0.0208,5.4805,3.5,0.2109
2026-09-09,HCC,"Warrior Met Coal, Inc.",矿业,焦煤,XME,104.35,Wait,,109.5735,110.8897,93.1741,0.042,0.2241,0.0415,0.2648,0.1648,17.7156,3.5,0.2378
2026-09-09,HD,"Home Depot, Inc. (The)",消费,家居零售,XLY,310.45,Bad Market,,358.7245,360.8627,336.5177,0.023,-3.1367,-0.1241,0.5502,0.0637,24.3451,3,0.4356
2026-09-09,HEI,Heico Corporation,航空国防,航空航天国防,ITA,312.32,Bad Market,,377.7932,380.563,342.356,0.0296,-3.8888,-0.0451,0.5859,0.0779,38.207,3.5,0.3383
2026-09-09,HESM,Hess Midstream LP,油气,油气中游,AMLP,40.57,Wait,,41.3757,41.6312,38.4155,0.021,0.8209,0.0228,0.0858,0.1553,3.2157,3,0.4765
2026-09-09,HHH,Howard Hughes Holdings Inc.,金融地产,房地产,XLRE,62.75,Bad Market,,68.8275,69.2737,70.2985,0.0237,-1.9947,-0.0995,0.2677,0.0832,-1.0248,3,0.4219
2026-09-09,HIMX,"Himax Technologies, Inc.",半导体,半导体,SOXX,13.95,Bad Market,,15.5495,15.746,16.2477,0.047,-0.2099,-0.3109,0.1065,0.167,-0.5017,3.5,0.213
2026-09-09,HLN,Haleon plc,消费,消费必需品,XLP,9.23,Bad Market,,10.2723,10.3303,9.7002,0.0209,-3.376,0.0302,0.3604,0.0752,0.6301,3,0.4776
2026-09-09,HNGE,"Hinge Health, Inc.",医疗健康,医疗科技,XLV,91.31,Wait,,93.7631,95.0831,77.4499,0.0482,0.404,0.1461,0.0487,0.2101,17.6332,3.5,0.2075
2026-09-09,HOOD,"Robinhood Markets, Inc.",金融地产,券商,XLF,115.28,Wait,,126.0561,128.0604,97.997,0.058,1.6229,0.0941,0.2463,0.047,30.0633,4,0.2
2026-09-09,HP,"Helmerich & Payne, Inc.",油气,油气设备服务,XLE,44.21,Wait,,48.0821,48.6127,41.4495,0.04,0.2719,0.1285,0.319,0.1828,7.1632,3.5,0.25
2026-09-09,HPE,Hewlett Packard Enterprise Comp,科技硬件,IT,XLK,58.9,Wait,,60.4605,61.4213,47.0099,0.0544,1.3786,0.2003,0.1587,0.1251,14.4114,4,0.2
2026-09-09,HPQ,HP Inc.,科技硬件,硬件,XLK,32.39,Wait,,32.9639,33.4012,27.5382,0.045,1.4311,0.1939,0.1362,0.2427,5.863,3.5,0.2222
2026-09-09,HRB,"H&R Block, Inc.",消费,消费服务,XLY,45.14,Bad Market,,54.6314,55.1995,47.5524,0.0419,-3.4183,0.0967,0.0401,0.2003,7.6471,3.5,0.2384
2026-09-09,HSBC,"HSBC Holdings, plc.",金融地产,银行,XLF,105.11,Wait,,107.8406,108.2789,103.4767,0.0139,0.7344,-0.1798,0.0983,0.1506,4.8022,3,0.5
2026-09-09,HSIC,"Henry Schein, Inc.",医疗健康,医药分销,XLV,87.97,Wait,,91.7397,92.2756,85.501,0.0203,-0.9234,-0.0777,0.0109,0.1951,6.7746,3,0.4925
2026-09-09,HTFL,"Heartflow, Inc.",医疗健康,医疗科技,XLV,46.67,Wait,,50.9127,51.6369,40.7752,0.0517,0.6125,0.1063,0.5854,0.2026,10.8616,4,0.2
2026-09-09,HUM,Humana Inc.,医疗健康,健康保险,XLV,400.02,Wait,,410.5202,414.9046,358.2688,0.0365,0.7698,0.1088,0.1376,0.1122,56.6357,3.5,0.2737
2026-09-09,HUN,Huntsman Corporation,基础材料,化工,XLB,9.58,Bad Market,,10.5358,10.6608,11.7621,0.0435,-0.6794,-0.2594,0.1459,0.128,-1.1014,3.5,0.23
2026-09-09,HUT,Hut 8 Corp.,数据中心,数据中心,DTCR,95.92,Bad Market,,101.0988,103.5119,90.8445,0.0839,1.339,-0.0778,0.0826,0.0903,12.6674,4,0.2
2026-09-09,HWKN,"Hawkins, Inc.",基础材料,化工,XLB,125.35,Bad Market,,132.8235,134.1948,149.5121,0.0365,0.2261,-0.164,0.1193,0.2821,-15.3174,3.5,0.2742
2026-09-09,HWM,Howmet Aerospace Inc.,航空国防,航空航天国防,ITA,232.62,Bad Market,,294.9762,298.1636,255.4642,0.0457,-3.4185,0.1555,0.3945,0.1971,42.6994,3.5,0.2189
2026-09-09,IAG,Iamgold Corporation,矿业,金,GDX,20.54,Wait,,22.3754,22.6405,19.0775,0.043,0.6117,-0.0219,0.1745,0.1319,3.563,3.5,0.2325
2026-09-09,IBKR,"Interactive Brokers Group, Inc.",金融地产,券商,XLF,90.28,Wait,,99.0928,100.0406,87.1329,0.035,-0.8303,-0.0228,0.0588,0.0613,12.9077,3.5,0.2858
2026-09-09,IBM,International Business Machines,科技硬件,IT,XLK,239.94,Wait,,241.1894,243.2244,282.3883,0.0283,0.8606,-0.2537,0.0373,0.0398,-39.1639,3.5,0.3537
2026-09-09,ICE,Intercontinental Exchange Inc.,金融地产,资本市场,XLF,156.5,Wait,,166.155,167.2061,154.0792,0.0224,-0.6017,-0.0564,0.1677,0.2403,13.1268,3,0.4467
2026-09-09,IFF,International Flavors & Fragran,基础材料,化工,XLB,84.31,Bad Market,,88.7931,89.3799,82.2023,0.0232,-0.4369,-0.135,0.0828,0.1196,7.1776,3,0.4311
2026-09-09,ILMN,"Illumina, Inc.",医疗健康,生命科学工具,XLV,205.0,Wait,,229.74,232.3787,196.905,0.0429,-0.5095,0.1642,0.1615,0.1769,35.4737,3.5,0.2331
2026-09-09,IMAX,Imax Corporation,通讯服务,影视娱乐,XLC,51.6,Bad Market,,55.306,55.8525,48.4139,0.0353,-0.3343,0.0374,0.1332,0.1338,7.4386,3.5,0.2832
2026-09-09,IMNM,"Immunome, Inc.",医疗健康,生物制药,XBI,26.12,Wait,,30.0862,30.4613,25.4492,0.0479,-1.2784,0.0105,0.0675,0.2128,5.012,3.5,0.2089
2026-09-09,IMOS,ChipMOS TECHNOLOGIES INC.,半导体,半导体,SOXX,58.39,Bad Market,,59.8639,60.6356,66.7872,0.0441,0.8776,-0.214,0.1799,0.0853,-6.1516,3.5,0.227
2026-09-09,INCY,Incyte Corporation,医疗健康,生物制药,XBI,126.01,Wait,,130.9801,132.0353,117.6199,0.0279,0.1858,0.0024,0.1669,0.2224,14.4153,3.5,0.3583
2026-09-09,INFQ,"Infleqtion, Inc.",科技硬件,量子计算,QTUM,13.26,Bad Market,,14.5074,14.7885,12.2116,0.0707,0.2871,-0.1873,0.1185,0.0296,2.5769,4,0.2
2026-09-09,INGM,Ingram Micro Holding Corporatio,科技硬件,IT,XLK,26.26,Wait,,29.5526,29.87,26.6972,0.0403,-1.8035,0.0282,0.1963,0.072,3.1727,3.5,0.2482
2026-09-09,INSW,"International Seaways, Inc.",航运,海运,SEA,104.62,Wait,,105.5462,106.5697,92.5588,0.0326,1.7903,0.0043,0.351,0.1569,14.011,3.5,0.3066
2026-09-09,INTC,Intel Corporation,半导体,半导体,SOXX,106.24,Bad Market,,105.6336,107.2441,119.467,0.0505,2.225,-0.1741,0.0823,0.1714,-12.2229,4,0.2
2026-09-09,IONQ,"IonQ, Inc.",科技硬件,量子计算,QTUM,38.14,Bad Market,,47.3872,48.208,47.3761,0.0717,-1.3949,-0.2,0.1811,0.2099,0.8319,4,0.2
2026-09-09,IPGP,IPG Photonics Corporation,科技硬件,光电,XLK,80.29,Wait,,91.0458,92.2694,101.6847,0.0508,0.4542,-0.2928,0.2145,0.2152,-9.4153,4,0.2
2026-09-09,IRDM,Iridium Communications Inc,航空国防,卫星通信,ITA,47.06,Bad Market,,50.6706,51.0214,52.2116,0.0249,-0.9192,-0.368,0.295,0.0731,-1.1901,3,0.4024
2026-09-09,IREN,IREN LIMITED,数据中心,数据中心,DTCR,45.37,Bad Market,,47.6207,48.6567,43.0564,0.0761,1.1085,-0.1479,0.0997,0.0945,5.6004,4,0.2
2026-09-09,ITT,ITT Inc.,工业,工业机械,XLI,198.26,Bad Market,,221.7926,223.5358,199.4726,0.0293,-1.7963,-0.034,0.2383,0.0057,24.0632,3.5,0.3412
2026-09-09,JBL,Jabil Inc.,科技硬件,电子元件,XLK,311.37,Wait,,373.4737,377.1062,343.1012,0.0389,-1.0767,-0.1561,0.1871,0.1468,34.005,3.5,0.2572
2026-09-09,JCI,Johnson Controls International ,工业,暖通楼宇,XLI,144.92,Bad Market,,156.2092,157.2529,144.3226,0.024,-0.1467,-0.1507,0.1751,0.0288,12.9303,3,0.4165
2026-09-09,JEF,Jefferies Financial Group Inc.,金融地产,投行,XLF,55.25,Wait,,57.1725,57.6626,57.0921,0.0296,0.9785,-0.1307,0.0915,0.1323,0.5706,3.5,0.3382
2026-09-09,JHX,James Hardie Industries plc.,工业,建筑,XLI,28.91,Bad Market,,31.3691,31.6576,27.7139,0.0333,-1.1989,0.0176,0.1262,0.1496,3.9438,3.5,0.3006
2026-09-09,JNJ,Johnson & Johnson,医疗健康,制药,XLV,267.08,Wait,,281.1008,282.768,261.7576,0.0208,-0.279,0.039,0.1133,0.1873,21.0104,3,0.4806
2026-09-09,JPM,JP Morgan Chase & Co.,金融地产,银行,XLF,354.71,Wait,,368.2017,370.0147,347.05,0.017,-0.5493,-0.0726,0.0498,0.138,22.9647,3,0.5
2026-09-09,KALU,Kaiser Aluminum Corporation,基础材料,铝加工,XLB,167.41,Bad Market,,195.0641,197.3629,168.8107,0.0458,0.2575,-0.0365,0.205,0.0654,28.5522,3.5,0.2185
2026-09-09,KEYS,Keysight Technologies Inc.,科技硬件,科技仪器,XLK,331.01,Wait,,364.4601,367.7298,335.1932,0.0329,0.0498,-0.1063,0.0785,0.1057,32.5367,3.5,0.3037
2026-09-09,KGS,"Kodiak Gas Services, Inc.",油气,油气中游,AMLP,64.05,Wait,,66.7605,67.5817,66.6898,0.0427,0.9941,0.0155,0.1484,0.0753,0.8919,3.5,0.234
2026-09-09,KHC,The Kraft Heinz Company,消费,消费必需品,XLP,24.61,Bad Market,,26.5061,26.7113,25.2262,0.0278,-1.0125,0.0007,0.0907,0.108,1.485,3.5,0.3598
2026-09-09,KKR,KKR & Co. Inc.,金融地产,私募股权,XLF,104.09,Wait,,116.3409,117.3922,103.0353,0.0337,-1.406,-0.0525,0.0278,0.0667,14.3569,3.5,0.297
2026-09-09,KLAC,KLA Corporation,半导体,半导体,SOXX,182.91,Bad Market,,211.1991,213.9111,270.0703,0.0494,-0.5279,-0.1899,0.163,0.1948,-56.1592,3.5,0.2023
2026-09-09,KLIC,"Kulicke and Soffa Industries, I",半导体,半导体,SOXX,83.78,Bad Market,,102.6667,104.0118,115.8754,0.0535,-0.6205,-0.2171,0.14,0.2037,-11.8636,4,0.2
2026-09-09,KMI,"Kinder Morgan, Inc.",油气,油气中游,AMLP,31.41,Wait,,33.1841,33.4179,30.8519,0.0248,-0.5216,0.0621,0.0607,0.0427,2.566,3,0.403
2026-09-09,KMX,CarMax Inc,消费,汽车零售,XLY,60.29,Bad Market,,64.8229,65.3919,57.5813,0.0315,-0.3951,-0.0634,0.1002,0.1532,7.8106,3.5,0.3179
2026-09-09,KNOP,KNOT Offshore Partners LP,航运,海运,SEA,11.48,Wait,,11.6548,11.7736,10.154,0.0345,1.7198,0.1338,0.3846,0.1577,1.6195,3.5,0.2899
2026-09-09,KNSA,Kiniksa Pharmaceuticals Interna,医疗健康,制药,XLV,78.52,Wait,,81.5852,82.3881,71.553,0.0341,-0.1216,0.0248,0.1062,0.2299,10.8351,3.5,0.2934
2026-09-09,KNTK,Kinetik Holdings Inc.,油气,油气中游,AMLP,54.55,Wait,,55.6455,56.0824,50.0024,0.0267,0.4284,-0.028,0.3993,0.1863,6.08,3.5,0.3745
2026-09-09,KO,Coca-Cola Company (The),消费,消费必需品,XLP,87.55,Bad Market,,92.6812,93.096,87.8425,0.0158,-1.0,-0.0775,0.0325,0.1639,5.2534,3,0.5
2026-09-09,KOD,Kodiak Sciences Inc,医疗健康,生物技术,XBI,33.78,Wait,,45.833,46.5274,36.1407,0.0685,-2.2177,-0.129,0.52,0.0442,10.3867,4,0.2
2026-09-09,LAES,SEALSQ Corp,半导体,半导体,SOXX,2.4,Bad Market,,3.0361,3.0753,2.8174,0.0544,-1.3165,-0.3609,0.0971,0.162,0.2579,4,0.2
2026-09-09,LBRT,Liberty Energy Inc.,油气,油气设备服务,XLE,22.06,Wait,,22.4606,22.7663,24.2839,0.0462,1.8054,-0.1805,0.1843,0.1536,-1.5176,3.5,0.2165
2026-09-09,LFST,"LifeStance Health Group, Inc.",医疗健康,医疗服务,XLV,12.62,Wait,,13.0162,13.1529,11.2955,0.0361,0.4127,0.1144,0.3384,0.2622,1.8574,3.5,0.277
2026-09-09,LH,Labcorp Holdings Inc.,医疗健康,诊断检测,XLV,321.1,Wait,,342.551,344.7721,317.1287,0.0231,-1.1433,0.0187,0.0316,0.3433,27.6435,3,0.4337
2026-09-09,LHX,"L3Harris Technologies, Inc.",航空国防,航空航天国防,ITA,250.41,Bad Market,,294.3241,296.2836,282.3389,0.0261,-3.0562,-0.1463,0.4993,0.1642,13.9447,3.5,0.3834
2026-09-09,LIN,Linde plc,基础材料,化工气体,XLB,466.65,Bad Market,,496.6716,499.1986,521.3703,0.0181,-1.9902,-0.1211,0.2749,0.1805,-22.1718,3,0.5
2026-09-09,LITE,Lumentum Holdings Inc.,科技硬件,光通信,XLK,988.98,Wait,,992.3286,1013.019,702.663,0.0697,1.4042,-0.041,0.0991,0.0405,310.3559,4,0.2
2026-09-09,LLY,Eli Lilly and Company,医疗健康,制药,XLV,1124.21,Wait,,1291.5821,1301.8881,1160.1031,0.0306,-2.1245,-0.04,0.156,0.0208,141.7849,3.5,0.3272
2026-09-09,LMT,Lockheed Martin Corporation,航空国防,航空航天国防,ITA,524.46,Bad Market,,613.9246,618.1991,558.8105,0.0272,-3.1399,-0.0171,0.3106,0.0649,59.3886,3.5,0.3681
2026-09-09,LNG,"Cheniere Energy, Inc.",油气,油气中游,XLE,275.93,Wait,,298.6193,301.0593,267.3927,0.0295,-0.4432,0.0452,0.2224,0.1903,33.6666,3.5,0.3393
2026-09-09,LNT,Alliant Energy Corporation,公用电力,天然气/电力,XLU,67.86,Bad Market,,71.1908,71.5453,74.4851,0.0174,-0.8615,-0.0689,0.1399,0.1399,-2.9398,3,0.5
2026-09-09,LOGI,Logitech International S.A. - R,科技硬件,硬件,XLK,98.69,Wait,,107.3169,108.1722,101.6817,0.0289,-0.3899,-0.0886,0.2251,0.0773,6.4905,3.5,0.3462
2026-09-09,LPG,Dorian LPG Ltd.,航运,海运,SEA,53.63,Wait,,55.7363,56.3166,48.4298,0.0361,2.065,0.0764,0.3339,0.227,7.8868,3.5,0.2773
2026-09-09,LQDA,Liquidia Corporation,医疗健康,生物制药,XBI,69.12,Wait,,91.7501,92.8303,76.6276,0.0521,-0.7983,-0.0805,0.415,0.0506,16.2027,4,0.2
2026-09-09,LRCX,Lam Research Corporation,半导体,半导体设备,SOXX,315.84,Bad Market,,346.9984,351.7174,378.2749,0.0498,0.151,-0.1502,0.0252,0.1311,-26.5575,3.5,0.2008
2026-09-09,LSCC,Lattice Semiconductor Corporati,半导体,半导体,SOXX,115.45,Bad Market,,133.8245,135.4883,135.8596,0.048,-0.7886,-0.1945,0.2592,0.1831,-0.3713,3.5,0.2082
2026-09-09,LTH,"Life Time Group Holdings, Inc.",消费,消费服务,XLY,41.75,Bad Market,,46.1475,46.5214,41.3676,0.0299,-1.865,-0.0172,0.1451,0.1228,5.1538,3.5,0.335
2026-09-09,LUMN,"Lumen Technologies, Inc.",通讯服务,电信,XLC,6.81,Bad Market,,6.9831,7.0927,6.8582,0.0537,1.3723,-0.1527,0.1387,0.1181,0.2346,4,0.2
2026-09-09,LUNR,"Intuitive Machines, Inc.",航空国防,航空航天国防,ITA,14.94,Bad Market,,20.6066,20.9465,17.4582,0.0758,-1.6201,-0.3862,0.1056,0.1856,3.4883,4,0.2
2026-09-09,LWLG,"Lightwave Logic, Inc.",科技硬件,电光聚合物材料,XLK,5.27,Wait,,8.2038,8.3444,8.1545,0.089,-1.9451,-0.4025,0.4797,0.222,0.19,4,0.2
2026-09-09,LYB,LyondellBasell Industries NV,基础材料,化工,XLB,64.51,Bad Market,,68.7451,69.4039,60.414,0.034,-0.0291,-0.0695,0.1934,0.0992,8.9899,3.5,0.2938
2026-09-09,MA,Mastercard Incorporated,金融地产,支付,XLF,567.5,Wait,,604.7076,607.6162,570.7743,0.0171,-1.2963,-0.1113,0.0404,0.2473,36.8419,3,0.5
2026-09-09,MANE,"Veradermics, Incorporated",医疗健康,生物制药,XBI,99.67,Wait,,115.5926,117.3965,105.688,0.0603,-0.7071,-0.1348,0.2824,0.0148,11.7085,4,0.2
2026-09-09,MANH,"Manhattan Associates, Inc.",软件,软件,IGV,206.1,Wait,,225.821,228.1852,196.178,0.0382,-0.5087,0.0274,0.1423,0.3269,32.0072,3.5,0.2615
2026-09-09,MARA,"MARA Holdings, Inc.",数据中心,数据中心,DTCR,11.92,Bad Market,,12.051,12.3224,11.2304,0.0759,1.4891,-0.0817,0.1693,0.1003,1.092,4,0.2
2026-09-09,MCD,McDonald's Corporation,消费,餐饮,XLY,253.48,Bad Market,,277.9693,279.331,268.594,0.0179,-2.8063,-0.1235,0.4178,0.1027,10.737,3,0.5
2026-09-09,MCHP,Microchip Technology Incorporat,半导体,半导体,SOXX,73.01,Bad Market,,85.4201,86.2781,92.7002,0.0392,-0.9266,-0.2296,0.4186,0.2357,-6.4221,3.5,0.2553
2026-09-09,MDA,MDA Space Ltd.,航空国防,航空航天国防,ITA,28.81,Bad Market,,35.9181,36.3467,37.1101,0.0496,-1.7322,-0.2507,0.3364,0.1772,-0.7635,3.5,0.2017
2026-09-09,MDB,"MongoDB, Inc.",软件,软件,IGV,358.38,Wait,,476.7164,483.3561,383.7612,0.0618,-2.8921,0.0604,0.1165,0.0575,99.5949,4,0.2
2026-09-09,MDLN,Medline Inc.,医疗健康,医疗用品,XLV,34.05,Wait,,36.9305,37.3647,38.1238,0.0425,-0.6829,-0.123,0.0753,0.0123,-0.759,3.5,0.2352
2026-09-09,MDT,Medtronic plc.,医疗健康,医疗器械,IHI,91.89,Bad Market,,95.0889,95.7691,87.3678,0.0247,0.0055,0.0708,0.1944,0.2065,8.4013,3,0.4053
2026-09-09,MEOH,Methanex Corporation,基础材料,甲醇,XLB,62.27,Bad Market,,61.1927,61.8487,52.9161,0.0351,2.0459,-0.0396,0.3609,0.1343,8.9326,3.5,0.2848
2026-09-09,MET,"MetLife, Inc.",金融地产,保险,XLF,95.69,Wait,,100.164,100.7243,94.3463,0.0195,-0.2899,0.0073,0.0967,0.1418,6.3781,3,0.5
2026-09-09,META,"Meta Platforms, Inc.",通讯服务,互联网媒体,XLC,653.69,Bad Market,,623.3069,629.7548,606.0842,0.0329,3.5305,0.0153,0.2642,0.1279,23.6706,3.5,0.3041
2026-09-09,MFC,Manulife Financial Corporation,金融地产,保险,XLF,42.94,Wait,,44.9805,45.2147,42.4272,0.0182,-0.5839,0.0432,0.1507,0.1276,2.7876,3,0.5
2026-09-09,MGA,"Magna International, Inc.",消费,汽车零部件,XLY,65.47,Bad Market,,73.7047,74.3226,65.8407,0.0315,-1.3545,0.0428,0.1853,0.0073,8.4819,3.5,0.3178
2026-09-09,MGNI,"Magnite, Inc.",软件,广告技术,IGV,23.58,Wait,,25.1158,25.4143,21.397,0.0422,-0.3713,0.0995,0.1326,0.219,4.0173,3.5,0.237
2026-09-09,MGY,Magnolia Oil & Gas Corporation,油气,油气勘探开发,XLE,27.79,Wait,,28.4979,28.7365,25.4359,0.0286,1.0981,-0.0707,0.2757,0.0241,3.3007,3.5,0.3494
2026-09-09,MHK,"Mohawk Industries, Inc.",消费,家居用品,XLY,127.94,Bad Market,,141.3794,142.5436,126.5175,0.0303,-1.3446,-0.0665,0.182,0.1284,16.0261,3.5,0.3297
2026-09-09,MKSI,MKS Inc.,半导体,半导体设备,SOXX,268.05,Bad Market,,323.6055,327.9037,387.49,0.0535,-0.6573,-0.2083,0.249,0.2219,-59.5863,4,0.2
2026-09-09,MLI,"Mueller Industries, Inc.",工业,工业金属,XLI,63.71,Bad Market,,69.5371,70.0574,63.6854,0.0272,-0.1698,-0.0787,0.2485,0.1022,6.3719,3.5,0.3674
2026-09-09,MMM,3M Company,工业,工业制造,XLI,164.4,Bad Market,,185.424,186.4468,173.5523,0.0207,-3.664,-0.1122,0.6664,0.0114,12.8945,3,0.4822
2026-09-09,MNR,Mach Natural Resources LP,油气,油气勘探开发,XLE,12.67,Wait,,13.3067,13.3837,12.8705,0.0202,-0.0721,-0.1816,0.1487,0.0203,0.5132,3,0.4939
2026-09-09,MNST,Monster Beverage Corporation,消费,消费必需品,XLP,42.84,Bad Market,,49.3484,49.6646,46.808,0.0246,-3.2837,0.0111,0.1785,0.1116,2.8566,3,0.4064
2026-09-09,MOG.A,Moog Inc.,航空国防,航空航天国防,ITA,367.51,Bad Market,,449.0551,453.0818,398.4016,0.0365,-2.0123,-0.0504,0.2137,0.0854,54.6802,3.5,0.2738
2026-09-09,MOS,Mosaic Company (The),基础材料,化肥,MOO,26.21,Wait,,26.7921,27.1159,22.7522,0.0412,2.3352,0.0483,0.2815,0.1634,4.3637,3.5,0.2428
2026-09-09,MPC,Marathon Petroleum Corporation,油气,炼油,XLE,399.44,Wait,,401.7644,405.0045,359.9691,0.027,3.0486,0.1113,0.7534,0.5166,45.0353,3.5,0.3698
2026-09-09,MPLX,MPLX LP,油气,油气中游,AMLP,60.23,Wait,,60.4082,60.6891,57.701,0.0155,1.1711,-0.0817,0.1756,0.1173,2.988,3,0.5
2026-09-09,MRCY,Mercury Systems Inc,航空国防,航空航天国防,ITA,80.76,Bad Market,,114.326,115.7751,106.8895,0.0598,-2.9098,-0.0982,0.5276,0.1685,8.8856,4,0.2
2026-09-09,MRNA,"Moderna, Inc.",医疗健康,生物制药,XBI,135.61,Wait,,176.9642,180.8404,122.6965,0.0953,1.0542,0.5869,0.3013,0.2276,58.144,4,0.2
2026-09-09,MRVL,"Marvell Technology, Inc.",半导体,半导体,SOXX,235.01,Bad Market,,254.0998,258.7345,246.0636,0.0657,0.6207,-0.0649,0.0838,0.1278,12.6709,4,0.2
2026-09-09,MRX,Marex Group Limited,金融地产,资本市场,XLF,75.72,Wait,,79.0272,80.0383,66.4743,0.0445,1.1674,0.1286,0.3929,0.1099,13.5639,3.5,0.2247
2026-09-09,MS,Morgan Stanley,金融地产,投行,XLF,215.35,Wait,,220.5335,221.9946,213.9395,0.0226,0.0519,-0.094,0.0227,0.0751,8.055,3,0.4422
2026-09-09,MSFT,Microsoft Corporation,软件,软件,IGV,491.65,Wait,,518.4465,521.7974,480.0209,0.0227,-0.3092,-0.0652,0.0648,0.2994,41.7766,3,0.4402
2026-09-09,MSGE,Madison Square Garden Entertain,通讯服务,影视娱乐,XLC,76.3,Bad Market,,89.183,89.8512,80.6245,0.0292,-1.8042,-0.0468,0.008,0.0157,9.2266,3.5,0.3426
2026-09-09,MSGS,Madison Square Garden Sports Co,通讯服务,体育娱乐,XLC,395.34,Bad Market,,418.0734,421.0481,379.4152,0.0251,-0.2781,-0.0648,0.0496,0.0942,41.6329,3.5,0.3987
2026-09-09,MT,Arcelor Mittal NY Registry Shar,基础材料,钢铁,XLB,77.05,Bad Market,,79.5105,80.1147,71.6915,0.0261,1.4284,-0.0491,0.1621,0.2105,8.4231,3.5,0.3826
2026-09-09,MTCH,"Match Group, Inc.",通讯服务,互联网媒体,XLC,41.43,Bad Market,,42.8543,43.2266,38.0961,0.03,0.9645,0.0609,0.3091,0.1644,5.1305,3.5,0.3338
2026-09-09,MTDR,Matador Resources Company,油气,油气勘探开发,XLE,60.68,Enter,0.5735,60.3768,60.9055,53.602,0.029,2.2224,-0.0861,0.5321,0.188,7.3034,3.5,0.3443
2026-09-09,MTRN,Materion Corporation,工业,工业金属,XLI,253.07,Bad Market,,292.6871,296.6428,244.6473,0.0521,0.1483,0.0324,0.2831,0.0505,51.9955,4,0.2
2026-09-09,MTZ,"MasTec, Inc.",工业,建筑,XLI,240.68,Bad Market,,305.2584,309.426,373.5221,0.0577,-1.3973,-0.1642,0.2328,0.2674,-64.0961,4,0.2
2026-09-09,MU,"Micron Technology, Inc.",半导体,半导体,SOXX,1027.77,Bad Market,,1027.3393,1043.4631,998.5755,0.0523,1.442,-0.1199,0.2708,0.0836,44.8876,4,0.2
2026-09-09,MUFG,"Mitsubishi UFJ Financial Group,",金融地产,银行,XLF,23.14,Wait,,24.3614,24.5004,22.7398,0.02,0.8697,0.033,0.0941,0.1246,1.7606,3,0.4994
2026-09-09,MWH,"SOLV Energy, Inc.",公用电力,太阳能,TAN,25.09,Bad Market,,33.0396,33.504,30.6477,0.0617,-1.9857,-0.1746,0.2478,0.167,2.8563,4,0.2
2026-09-09,MXL,"MaxLinear, Inc",半导体,半导体,SOXX,71.51,Bad Market,,85.9863,87.7058,105.1035,0.0802,0.7508,-0.215,0.0456,0.083,-17.3977,4,0.2
2026-09-09,NAT,Nordic American Tankers Limited,航运,海运,SEA,7.27,Wait,,7.3227,7.4011,6.3354,0.0359,1.6245,0.0271,0.3034,0.1464,1.0657,3.5,0.2782
2026-09-09,NBIS,Nebius Group N.V.,数据中心,数据中心,DTCR,240.35,Bad Market,,281.3859,286.9449,209.4909,0.0771,0.745,-0.0774,0.1992,0.0581,77.454,4,0.2
2026-09-09,NBIX,"Neurocrine Biosciences, Inc.",医疗健康,生物科技,XBI,155.14,Wait,,166.4714,167.7874,170.1464,0.0283,0.0044,-0.0572,0.2179,0.0476,-2.359,3.5,0.3537
2026-09-09,NDAQ,"Nasdaq, Inc.",金融地产,资本市场,XLF,94.22,Wait,,100.4122,101.035,93.242,0.022,-1.5547,-0.0784,0.0185,0.1746,7.793,3,0.4539
2026-09-09,NDSN,Nordson Corporation,工业,工业机械,XLI,313.94,Bad Market,,337.8394,339.8365,314.7296,0.0212,-0.8739,0.0119,0.0491,0.1018,25.1068,3,0.4716
2026-09-09,NE,Noble Corporation plc A,油气,油气设备服务,XLE,45.46,Wait,,48.5346,48.9995,42.6558,0.0341,-0.2071,-0.0159,0.2783,0.066,6.3438,3.5,0.2933
2026-09-09,NEE,"NextEra Energy, Inc.",公用电力,电力,XLU,82.65,Bad Market,,86.9014,87.3102,85.7018,0.0165,-1.2948,-0.1662,0.1736,0.0966,1.6084,3,0.5
2026-09-09,NEM,Newmont Corporation,矿业,金,GDX,128.71,Wait,,136.4271,137.7478,119.7322,0.0342,0.7755,0.0111,0.2423,0.1962,18.0156,3.5,0.2924
2026-09-09,NESR,National Energy Services Reunit,油气,油气设备服务,XLE,34.7,Wait,,36.657,37.1037,31.0991,0.0429,0.0868,0.0262,0.3018,0.2192,6.0046,3.5,0.2331
2026-09-09,NET,"Cloudflare, Inc.",软件,网络安全,IGV,314.18,Wait,,334.2352,339.343,262.7258,0.0542,1.1285,0.1378,0.0559,0.2122,76.6172,4,0.2
2026-09-09,NFLX,"Netflix, Inc.",通讯服务,流媒体娱乐,XLC,76.03,Bad Market,,83.4903,84.1757,74.7334,0.0301,-1.4461,-0.0633,0.0595,0.0451,9.4423,3.5,0.3328
2026-09-09,NGL,NGL ENERGY PARTNERS LP,油气,油气中游,AMLP,17.71,Wait,,19.1471,19.3966,16.0586,0.047,0.1461,0.0514,0.0865,0.063,3.338,3.5,0.2129
2026-09-09,NHC,National HealthCare Corporation,医疗健康,医疗服务,XLV,227.24,Wait,,239.0224,241.2527,210.7293,0.0327,0.3983,0.0255,0.1548,0.1279,30.5235,3.5,0.3057
2026-09-09,NI,NiSource Inc,公用电力,天然气/电力,XLU,41.67,Bad Market,,42.9905,43.2188,46.797,0.0183,0.2838,-0.1035,0.1339,0.2401,-3.5781,3,0.5
2026-09-09,NJR,NewJersey Resources Corporation,公用电力,天然气,XLU,53.48,Bad Market,,56.1178,56.4284,56.9434,0.0194,-0.83,-0.0945,0.1363,0.0395,-0.515,3,0.5
2026-09-09,NKE,"Nike, Inc.",消费,运动服饰,XLY,37.35,Bad Market,,42.4835,42.8097,40.7649,0.0291,-2.093,-0.1645,0.2852,0.1489,2.0448,3.5,0.3435
2026-09-09,NMM,Navios Maritime Partners LP,航运,海运,SEA,90.83,Wait,,93.0683,93.7905,83.7347,0.0265,1.8363,0.0155,0.3713,0.2657,10.0558,3.5,0.3773
2026-09-09,NN,NextNav Inc.,科技硬件,软件基础设施,XLK,15.43,Wait,,20.1122,20.438,15.5513,0.0704,-1.3746,-0.1518,0.0656,0.0368,4.8867,4,0.2
2026-09-09,NOG,"Northern Oil and Gas, Inc.",油气,油气勘探开发,XLE,25.73,Wait,,27.5973,27.8488,24.4064,0.0326,-0.0877,-0.0688,0.4142,0.2273,3.4423,3.5,0.307
2026-09-09,NOK,Nokia Corporation Sponsored,科技硬件,通讯设备,XLK,10.76,Wait,,10.8876,11.0316,12.7497,0.0446,1.1019,-0.2023,0.2642,0.1937,-1.7181,3.5,0.2241
2026-09-09,NOV,NOV Inc.,油气,油气设备服务,XLE,21.52,Wait,,21.9252,22.1202,19.4346,0.0302,0.9544,-0.0097,0.2579,0.1627,2.6857,3.5,0.331
2026-09-09,NRG,"NRG Energy, Inc.",公用电力,电力,XLU,115.37,Bad Market,,127.3937,128.9142,131.621,0.0439,-0.1411,-0.1294,0.0461,0.1292,-2.7068,3.5,0.2276
2026-09-09,NTAP,"NetApp, Inc.",科技硬件,硬件,XLK,184.74,Wait,,208.9274,211.4391,177.7773,0.0453,-0.9638,0.1828,0.0663,0.1394,33.6618,3.5,0.2207
2026-09-09,NTNX,"Nutanix, Inc.",软件,软件,IGV,66.94,Wait,,70.5094,71.1795,62.022,0.0334,0.0256,0.0193,0.1854,0.3709,9.1575,3.5,0.2997
2026-09-09,NTR,Nutrien Ltd.,基础材料,化肥,MOO,80.72,Wait,,81.5372,82.1883,73.1339,0.0269,3.3624,0.0844,0.6525,0.3215,9.0544,3.5,0.3719
2026-09-09,NU,Nu Holdings Ltd.,金融地产,银行,XLF,15.0,Wait,,15.83,16.0052,13.636,0.0389,0.5223,0.062,0.1526,0.1409,2.3692,3.5,0.2569
2026-09-09,NVDA,NVIDIA Corporation,半导体,半导体,SOXX,223.67,Bad Market,,232.5967,234.7405,205.3493,0.0319,0.4449,0.0104,0.0031,0.064,29.3912,3.5,0.313
2026-09-09,NVGS,Navigator Holdings Ltd.,航运,海运,SEA,22.67,Wait,,23.1867,23.3715,20.804,0.0272,1.4147,-0.0445,0.3185,0.0383,2.5675,3.5,0.368
2026-09-09,NVO,Novo Nordisk A/S,医疗健康,制药,XLV,44.56,Wait,,49.1056,49.5094,46.8988,0.0302,-1.3391,-0.053,0.1559,0.029,2.6107,3.5,0.331
2026-09-09,NVTS,Navitas Semiconductor Corporati,半导体,半导体,SOXX,11.6,Bad Market,,14.7641,15.0402,20.0183,0.0793,-1.0941,-0.3601,0.2449,0.3237,-4.9781,4,0.2
2026-09-09,NWE,"NorthWestern Energy Group, Inc.",公用电力,天然气/电力,XLU,70.57,Bad Market,,72.7891,73.2085,69.2255,0.0198,-0.0529,-0.0926,0.1084,0.0149,3.983,3,0.5
2026-09-09,NXE,Nexgen Energy Ltd.,矿业,铀,URA,10.64,Bad Market,,11.3164,11.4554,9.5887,0.0435,0.081,-0.1041,0.0376,0.0142,1.8667,3.5,0.2297
2026-09-09,NXPI,NXP Semiconductors N.V.,半导体,半导体,SOXX,223.32,Bad Market,,241.9432,244.1111,297.9479,0.0324,-0.5387,-0.2832,0.2596,0.3285,-53.8368,3.5,0.309
2026-09-09,NXT,Nextpower Inc.,公用电力,太阳能,TAN,82.37,Bad Market,,105.7928,107.162,110.8137,0.0554,-1.7139,-0.3123,0.4529,0.2543,-3.6516,4,0.2
2026-09-09,NYT,New York Times Company (The),通讯服务,媒体出版,XLC,66.6,Bad Market,,69.276,69.8179,71.3679,0.0271,0.0645,-0.1074,0.2227,0.0846,-1.55,3.5,0.3687
2026-09-09,OGE,OGE Energy Corp,公用电力,电力,XLU,46.92,Bad Market,,47.8994,48.1391,47.5535,0.017,0.4676,-0.0615,0.0123,0.032,0.5855,3,0.5
2026-09-09,OGN,Organon & Co.,医疗健康,制药,XLV,13.67,Wait,,13.8015,13.8143,13.6512,0.0031,-1.5493,-0.6381,0.1795,0.2432,0.1631,3,0.5
2026-09-09,OKE,"ONEOK, Inc.",油气,油气中游,AMLP,95.82,Wait,,98.4682,99.2348,88.5666,0.0267,0.4491,0.0436,0.366,0.1448,10.6682,3.5,0.375
2026-09-09,OKLO,Oklo Inc.,公用电力,核能,NLR,42.57,Bad Market,,48.9897,49.8444,47.0051,0.0669,0.0918,-0.3035,0.15,0.1592,2.8392,4,0.2
2026-09-09,OKTA,"Okta, Inc.",软件,网络安全,IGV,172.74,Wait,,174.7674,177.3198,143.2615,0.0493,2.4138,0.1957,0.1993,0.2436,34.0584,3.5,0.203
2026-09-09,OMC,Omnicom Group Inc.,通讯服务,广告传媒,XLC,78.3,Bad Market,,89.723,90.5168,79.679,0.0338,-3.0284,0.0312,0.2341,0.0692,10.8378,3.5,0.2959
2026-09-09,ON,ON Semiconductor Corporation,半导体,半导体,SOXX,70.98,Bad Market,,84.0898,85.0712,120.1,0.0461,-1.5377,-0.3135,0.3025,0.369,-35.0287,3.5,0.217
2026-09-09,ONDS,Ondas Inc,科技硬件,通讯设备,XLK,7.29,Wait,,9.8762,10.0355,7.6458,0.0728,-2.1123,-0.258,0.2669,0.087,2.3898,4,0.2
2026-09-09,OR,OR Royalties Inc.,矿业,金,GDX,37.15,Wait,,39.2915,39.682,34.3645,0.035,0.9746,-0.0743,0.2439,0.095,5.3175,3.5,0.2854
2026-09-09,ORA,"Ormat Technologies, Inc.",公用电力,再生能源,XLU,98.81,Bad Market,,115.7481,116.9412,115.6306,0.0402,-2.3283,0.029,0.1896,0.238,1.3106,3.5,0.2485
2026-09-09,ORCL,Oracle Corporation,软件,软件,IGV,161.63,Wait,,164.1363,166.2275,150.6722,0.0431,1.8284,-0.1334,0.1676,0.0591,15.5554,3.5,0.2319
2026-09-09,OSCR,"Oscar Health, Inc.",医疗健康,健康保险,XLV,31.76,Wait,,33.3651,33.8977,25.908,0.0559,0.3723,0.108,0.2255,0.0681,7.9897,4,0.2
2026-09-09,OVV,Ovintiv Inc. (DE),油气,油气勘探开发,XLE,64.37,Wait,,67.5537,68.0855,60.7056,0.0275,-0.3117,-0.0207,0.2616,0.1847,7.3799,3.5,0.3631
2026-09-09,OXY,Occidental Petroleum Corporatio,油气,油气勘探开发,XLE,61.3,Wait,,62.133,62.57,57.1498,0.0238,1.0925,-0.1091,0.3309,0.1921,5.4202,3,0.4208
2026-09-09,P,"Everpure, Inc.",工业,污水处理,XLI,97.06,Bad Market,,119.3274,121.0785,94.8123,0.0601,-1.3913,0.1518,0.0821,0.1185,26.2662,4,0.2
2026-09-09,PAA,"Plains All American Pipeline, L",油气,油气中游,AMLP,25.85,Wait,,26.2042,26.3447,24.565,0.0181,2.2868,-0.0197,0.5352,0.2866,1.7797,3,0.5
2026-09-09,PAAS,Pan American Silver Corp.,矿业,银,SIL,52.9,Wait,,55.419,56.0618,47.3904,0.0405,0.7579,-0.0775,0.0542,0.0599,8.6714,3.5,0.2469
2026-09-09,PACS,"PACS Group, Inc.",医疗健康,医疗服务,XLV,44.6,Wait,,48.896,49.4404,42.0991,0.0407,0.4296,-0.0686,0.2712,0.1539,7.3412,3.5,0.2458
2026-09-09,PANW,"Palo Alto Networks, Inc.",软件,网络安全,IGV,335.1,Wait,,399.5404,404.851,325.1921,0.0528,-1.4846,0.2029,0.1212,0.0904,79.6589,4,0.2
2026-09-09,PARR,"Par Pacific Holdings, Inc. Comm",油气,炼油,XLE,83.13,Enter,0.085,83.018,84.335,68.4698,0.0528,1.0296,0.127,0.3272,0.2636,15.8652,4,0.2
2026-09-09,PATH,"UiPath, Inc.",软件,软件,IGV,13.57,Wait,,18.8738,19.1794,14.5944,0.0751,-2.9748,0.2324,0.1169,0.1404,4.585,4,0.2
2026-09-09,PAY,"Paymentus Holdings, Inc.",软件,软件,IGV,35.23,Wait,,42.5491,43.0878,37.4177,0.051,-1.7632,0.1001,0.1594,0.2416,5.6701,4,0.2
2026-09-09,PAYC,"Paycom Software, Inc.",软件,软件,IGV,215.58,Wait,,242.6758,245.188,211.2112,0.0388,-1.4054,0.1135,0.0078,0.3701,33.9768,3.5,0.2574
2026-09-09,PBA,Pembina Pipeline Corp.,油气,油气中游,AMLP,49.21,Wait,,49.7776,50.0281,48.8645,0.017,0.5741,-0.0474,0.1821,0.0963,1.1636,3,0.5
2026-09-09,PBF,PBF Energy Inc.,油气,炼油,XLE,76.51,Wait,,77.5422,78.7005,61.326,0.0505,1.0556,0.1335,0.2947,0.3155,17.3745,4,0.2
2026-09-09,PBR,Petroleo Brasileiro S.A. Petrob,油气,综合油气,XLE,20.93,Wait,,21.0693,21.2582,18.6565,0.0301,3.2578,0.1248,0.3482,0.2151,2.6017,3.5,0.3325
2026-09-09,PCG,Pacific Gas & Electric Co.,公用电力,电力,XLU,14.19,Bad Market,,18.539,18.8074,14.7809,0.0631,-2.6649,0.4741,0.2678,0.1259,4.0265,4,0.2
2026-09-09,PENG,"Penguin Solutions, Inc.",数据中心,数据中心,DTCR,51.06,Bad Market,,64.545,65.6626,66.4894,0.073,-0.6515,-0.2034,0.184,0.0949,-0.8268,4,0.2
2026-09-09,PEP,"Pepsico, Inc.",消费,消费必需品,XLP,136.69,Bad Market,,145.8512,146.56,137.8926,0.0173,-1.6487,-0.1668,0.0829,0.0459,8.6673,3,0.5
2026-09-09,PFE,"Pfizer, Inc.",医疗健康,生物技术,XLV,27.78,Wait,,29.2978,29.4738,27.2596,0.0211,-0.0886,0.0384,0.1393,0.1561,2.2143,3,0.4734
2026-09-09,PFG,Principal Financial Group Inc,金融地产,保险,XLF,114.02,Wait,,119.6502,120.432,110.6923,0.0229,0.4858,0.0953,0.0233,0.0398,9.7397,3,0.4375
2026-09-09,PG,Procter & Gamble Company (The),消费,消费必需品,XLP,142.64,Bad Market,,148.8894,149.6391,145.2535,0.0175,-0.915,-0.1173,0.1303,0.0627,4.3855,3,0.5
2026-09-09,PGR,Progressive Corporation (The),金融地产,保险,XLF,215.5,Wait,,226.075,227.4281,220.9493,0.0209,-0.2071,-0.1115,0.0027,0.0415,6.4788,3,0.4778
2026-09-09,PH,Parker-Hannifin Corporation,工业,工业机械,XLI,949.47,Bad Market,,1083.3647,1090.364,1003.8765,0.0246,-2.6082,-0.0419,0.4948,0.0184,86.4876,3,0.407
2026-09-09,PK,Park Hotels & Resorts Inc.,金融地产,酒店地产,XLRE,15.28,Bad Market,,16.3228,16.4483,14.7054,0.0274,-0.3083,0.0239,0.1016,0.0623,1.7429,3.5,0.3652
2026-09-09,PL,Planet Labs PBC,航空国防,航空航天国防,ITA,17.22,Bad Market,,25.0271,25.4428,27.5876,0.0805,-3.1344,-0.3484,0.573,0.2636,-2.1448,4,0.2
2026-09-09,PLAB,"Photronics, Inc.",半导体,半导体材料,SOXX,29.1,Bad Market,,33.9192,34.3981,27.6752,0.0549,-0.8016,-0.1761,0.2593,0.1102,6.7229,4,0.2
2026-09-09,PLD,"Prologis, Inc.",金融地产,工业地产,XLRE,135.66,Bad Market,,144.5177,145.2124,143.1136,0.0171,-2.0704,-0.1563,0.1946,0.0988,2.0988,3,0.5
2026-09-09,PLTR,Palantir Technologies Inc.,软件,软件,IGV,169.53,Wait,,188.0753,190.4661,158.4878,0.047,-0.8964,0.0585,0.0254,0.2004,31.9783,3.5,0.2127
2026-09-09,PM,Philip Morris International Inc,消费,消费必需品,XLP,185.71,Bad Market,,195.9571,197.3344,186.397,0.0247,-0.6208,-0.0424,0.0785,0.0864,10.9374,3,0.4045
2026-09-09,PNR,Pentair plc.,工业,污水处理,XLI,57.52,Bad Market,,69.4652,70.0272,70.1629,0.0326,-2.9093,-0.1629,0.5326,0.2537,-0.1356,3.5,0.307
2026-09-09,PNW,Pinnacle West Capital Corporati,公用电力,电力,XLU,97.18,Bad Market,,102.2881,102.773,104.5211,0.0166,-0.9779,-0.1092,0.2871,0.1073,-1.7481,3,0.5
2026-09-09,POET,POET Technologies Inc.,半导体,半导体,SOXX,8.0,Bad Market,,9.6939,9.8648,9.8116,0.0712,-0.3336,-0.3832,0.1456,0.1782,0.0531,4,0.2
2026-09-09,POR,Portland General Electric Co,公用电力,电力,XLU,48.87,Bad Market,,51.3124,51.5778,50.4256,0.0181,-0.8674,-0.0708,0.0185,0.0481,1.1522,3,0.5
2026-09-09,POWI,"Power Integrations, Inc.",半导体,半导体,SOXX,49.71,Bad Market,,65.1489,65.9872,76.1726,0.0562,-2.0919,-0.2374,0.5727,0.3174,-10.1854,4,0.2
2026-09-09,PPC,Pilgrim's Pride Corporation,基础材料,农业,MOO,30.24,Wait,,32.7324,33.0648,28.5516,0.0366,0.0302,-0.0079,0.2263,0.1172,4.5133,3.5,0.2729
2026-09-09,PPL,PPL Corporation,公用电力,电力,XLU,34.55,Bad Market,,36.3241,36.5066,35.1954,0.0176,-0.8393,-0.0848,0.1442,0.0559,1.3112,3,0.5
2026-09-09,PR,Permian Resources Corporation,油气,油气勘探开发,XLE,23.62,Wait,,24.1062,24.2928,21.6934,0.0263,1.1618,-0.0108,0.4146,0.235,2.5994,3.5,0.3798
2026-09-09,PRM,"Perimeter Solutions, SA",基础材料,化工,XLB,31.23,Bad Market,,35.5723,36.003,32.4051,0.046,-0.4496,-0.0857,0.3028,0.1155,3.5979,3.5,0.2175
2026-09-09,PRU,"Prudential Financial, Inc.",金融地产,保险,XLF,117.59,Wait,,126.3059,127.0951,117.2382,0.0224,-1.494,0.072,0.1313,0.1298,9.8569,3,0.447
2026-09-09,PSX,Phillips 66,油气,炼油,XLE,260.78,Wait,,261.7478,263.8185,234.9818,0.0265,2.6205,0.0972,0.6812,0.5061,28.8368,3.5,0.3778
2026-09-09,PTEN,"Patterson-UTI Energy, Inc.",油气,油气勘探开发,XLE,12.93,Wait,,13.2793,13.4431,11.2388,0.0422,1.5831,0.0353,0.45,0.1622,2.2044,3.5,0.2368
2026-09-09,PWR,"Quanta Services, Inc.",工业,建筑工程,XLI,626.98,Bad Market,,728.5798,735.8432,655.4007,0.0386,-0.7018,-0.0719,0.1557,0.1348,80.4425,3.5,0.259
2026-09-09,Q,"Qnity Electronics, Inc.",半导体,半导体材料,SOXX,125.47,Bad Market,,143.8447,145.5637,155.5848,0.0457,-0.5156,-0.1714,0.1929,0.2458,-10.0211,3.5,0.219
2026-09-09,QBTS,D-Wave Quantum Inc.,科技硬件,量子计算,QTUM,17.12,Bad Market,,21.4036,21.754,20.3582,0.0682,-1.3391,-0.2765,0.2571,0.1544,1.3957,4,0.2
2026-09-09,QCOM,QUALCOMM Incorporated,半导体,半导体,SOXX,176.4,Bad Market,,175.854,177.862,198.4733,0.0379,1.7605,-0.2401,0.1722,0.202,-20.6113,3.5,0.2635
2026-09-09,QLYS,"Qualys, Inc.",软件,软件,IGV,170.17,Wait,,197.5817,200.0416,167.1812,0.0482,-1.4218,0.0994,0.1621,0.2406,32.8604,3.5,0.2075
2026-09-09,QMCO,Quantum Corporation,科技硬件,硬件,XLK,24.24,Wait,,26.4931,27.0677,18.4482,0.079,0.573,0.2452,0.381,0.2187,8.6195,4,0.2
2026-09-09,QNT,Quantinuum Inc.,科技硬件,量子计算,QTUM,48.89,Bad Market,,72.537,73.7324,67.2305,0.0815,-1.6669,-0.3265,0.1624,0.1123,6.5019,4,0.2
2026-09-09,QRVO,"Qorvo, Inc.",半导体,半导体,SOXX,105.24,Bad Market,,105.1224,105.981,94.0525,0.0272,2.7384,-0.0786,0.2486,0.042,11.9286,3.5,0.3677
2026-09-09,QSR,Restaurant Brands International,消费,餐饮,XLY,77.01,Bad Market,,82.3401,82.862,76.3507,0.0226,-0.7438,-0.0132,0.1444,0.0964,6.5113,3,0.4426
2026-09-09,QUBT,Quantum Computing Inc.,科技硬件,量子计算,QTUM,8.04,Bad Market,,9.2685,9.4014,8.7692,0.0551,-0.9103,-0.3209,0.2298,0.1465,0.6322,4,0.2
2026-09-09,RBLX,Roblox Corporation,通讯服务,游戏,XLC,44.52,Bad Market,,45.2652,45.9274,50.2238,0.0496,2.4064,-0.22,0.3749,0.0353,-4.2964,3.5,0.2017
2026-09-09,RBRK,"Rubrik, Inc.",软件,软件,IGV,88.82,Wait,,108.1235,109.7788,84.9498,0.0621,-1.4181,0.1609,0.0155,0.1133,24.829,4,0.2
2026-09-09,RCAT,"Red Cat Holdings, Inc.",航空国防,航空航天国防,ITA,8.13,Bad Market,,11.2564,11.446,8.6022,0.0777,-1.9717,-0.2882,0.1281,0.1133,2.8438,4,0.2
2026-09-09,RCL,Royal Caribbean Cruises Ltd.,消费,旅游,XLY,259.76,Bad Market,,322.5976,324.9911,299.4954,0.0307,-3.4567,-0.2444,0.7765,0.2027,25.4957,3.5,0.3256
2026-09-09,RDDT,"Reddit, Inc.",通讯服务,互联网媒体,XLC,146.44,Bad Market,,179.8399,182.4647,168.2724,0.0597,-1.0455,-0.156,0.1305,0.0715,14.1923,4,0.2
2026-09-09,RDW,Redwire Corporation,航空国防,航空航天国防,ITA,10.7,Bad Market,,13.7373,13.9582,10.6447,0.0688,-1.4946,-0.3083,0.4088,0.0931,3.3135,4,0.2
2026-09-09,RGEN,Repligen Corporation,医疗健康,生命科学工具,XLV,165.05,Wait,,183.6805,185.8841,156.3217,0.0445,-1.146,0.0597,0.0181,0.2058,29.5624,3.5,0.2247
2026-09-09,RGTI,"Rigetti Computing, Inc.",科技硬件,量子计算,QTUM,15.24,Bad Market,,19.0243,19.3306,17.2948,0.067,-1.444,-0.2738,0.2095,0.1636,2.0358,4,0.2
2026-09-09,RIO,Rio Tinto Plc,矿业,金属采矿,XME,103.74,Wait,,107.8474,108.4985,100.2988,0.0209,0.8169,-0.0734,0.0948,0.057,8.1997,3,0.478
2026-09-09,RIOT,"Riot Platforms, Inc.",数据中心,数据中心,DTCR,22.07,Bad Market,,22.5983,23.1058,21.9233,0.0767,1.214,-0.0482,0.082,0.1225,1.1825,4,0.2
2026-09-09,RJF,"Raymond James Financial, Inc.",金融地产,券商,XLF,175.47,Wait,,182.9347,184.07,169.8272,0.0216,-0.5942,-0.0191,0.0244,0.1684,14.2428,3,0.4637
2026-09-09,RKLB,Rocket Lab Corporation,航空国防,航空航天国防,ITA,63.07,Bad Market,,83.6403,84.8558,85.4436,0.0642,-1.9686,-0.3456,0.5582,0.228,-0.5878,4,0.2
2026-09-09,RMBS,"Rambus, Inc.",半导体,半导体,SOXX,87.65,Bad Market,,102.4459,103.8349,121.8312,0.0528,-0.7506,-0.3664,0.2954,0.2661,-17.9963,4,0.2
2026-09-09,RNG,"Ringcentral, Inc.",软件,软件,IGV,69.64,Wait,,77.0564,77.9784,65.6032,0.0441,0.5993,0.1136,0.1974,0.3894,12.3752,3.5,0.2266
2026-09-09,ROIV,Roivant Sciences Ltd.,医疗健康,生物技术,XLV,41.81,Wait,,41.8981,42.3915,35.7239,0.0393,3.409,0.2906,0.3254,0.2816,6.6676,3.5,0.2542
2026-09-09,ROK,"Rockwell Automation, Inc.",工业,工业机械,XLI,426.08,Bad Market,,455.6508,458.707,464.5184,0.0239,-0.8097,-0.1703,0.1411,0.134,-5.8115,3,0.4183
2026-09-09,ROKU,"Roku, Inc.",通讯服务,流媒体娱乐,XLC,152.9,Bad Market,,160.8588,161.5182,153.1669,0.0144,-1.6796,-0.2797,0.0072,0.2738,8.3512,3,0.5
2026-09-09,RPRX,Royalty Pharma plc,医疗健康,生物技术,XLV,60.59,Wait,,64.5659,65.0423,58.4023,0.0262,-0.2636,0.1738,0.2218,0.1635,6.64,3.5,0.3816
2026-09-09,RTX,RTX Corporation,航空国防,航空航天国防,ITA,197.55,Bad Market,,227.4655,228.7407,212.738,0.0215,-3.5222,-0.0737,0.5226,0.1228,16.0027,3,0.4648
2026-09-09,RVTY,"Revvity, Inc.",医疗健康,生命科学工具,XLV,123.85,Wait,,132.1785,133.3551,117.2129,0.0317,0.0506,0.025,0.2191,0.2325,16.1422,3.5,0.3158
2026-09-09,S,"SentinelOne, Inc.",软件,网络安全,IGV,19.44,Wait,,24.0454,24.3535,19.7318,0.0528,-1.8538,0.1046,0.1278,0.1513,4.6218,4,0.2
2026-09-09,SAIL,"SailPoint, Inc.",软件,网络安全,IGV,17.58,Wait,,20.783,21.1174,16.1007,0.0634,-1.2755,0.0975,0.0703,0.1617,5.0167,4,0.2
2026-09-09,SAN,"Banco Santander, S.A. Sponsored",金融地产,银行,XLF,14.68,Wait,,15.1855,15.2668,14.237,0.0185,0.1716,-0.1224,0.0065,0.0956,1.0298,3,0.5
2026-09-09,SANM,Sanmina Corporation,科技硬件,电子元件,XLK,206.15,Wait,,219.0915,222.135,218.0523,0.0492,0.7921,-0.161,0.0295,0.1224,4.0827,3.5,0.2032
2026-09-09,SAP,SAP  SE,软件,软件,IGV,209.14,Wait,,223.6314,225.5051,199.6796,0.0299,-0.754,0.0008,0.0423,0.2883,25.8256,3.5,0.3348
2026-09-09,SARO,"StandardAero, Inc.",航空国防,航空航天国防,ITA,24.22,Bad Market,,29.4322,29.6892,28.0121,0.0354,-1.6789,-0.1028,0.5396,0.1102,1.677,3.5,0.2828
2026-09-09,SBGSY,Schneider Electric SE,工业,电气设备,XLI,67.4,Bad Market,,72.214,72.6717,66.9633,0.0226,-1.0488,-0.098,0.1293,0.0104,5.7083,3,0.4418
2026-09-09,SBLK,Star Bulk Carriers Corp.,航运,海运,SEA,31.16,Wait,,32.7316,33.0153,29.1107,0.0303,0.9286,0.0755,0.2093,0.161,3.9046,3.5,0.3296
2026-09-09,SBS,Companhia de saneamento Basico ,公用电力,污水处理,XLU,5.18,Bad Market,,5.3618,5.4118,5.4769,0.0322,2.125,0.0082,0.0647,0.0513,-0.0652,3.5,0.3109
2026-09-09,SBUX,Starbucks Corporation,消费,餐饮,XLY,100.04,Bad Market,,109.5504,110.2949,101.1046,0.0248,-2.5957,-0.0524,0.1938,0.0016,9.1903,3,0.4031
2026-09-09,SCCO,Southern Copper Corporation,矿业,铜,COPX,209.26,Wait,,221.7926,224.3704,189.6251,0.0411,0.8089,0.0287,0.1209,0.0834,34.7453,3.5,0.2435
2026-09-09,SCHW,Charles Schwab Corporation (The,金融地产,券商,XLF,106.54,Wait,,114.7154,115.3662,107.1424,0.0204,-1.5909,-0.0383,0.0392,0.218,8.2237,3,0.4912
2026-09-09,SEDG,"SolarEdge Technologies, Inc.",公用电力,太阳能,TAN,35.21,Bad Market,,36.9422,37.7106,48.1951,0.0727,1.1373,-0.3157,0.1458,0.1932,-10.4844,4,0.2
2026-09-09,SEZL,Sezzle Inc.,金融地产,消费金融,XLF,117.14,Wait,,131.4131,133.7277,157.6885,0.0659,-0.6385,-0.1503,0.0124,0.1182,-23.9608,4,0.2
2026-09-09,SFL,SFL Corporation Ltd,航运,海运,SEA,12.53,Wait,,12.9853,13.0825,11.7259,0.0259,0.5648,0.0193,0.1299,0.141,1.3566,3.5,0.3867
2026-09-09,SHAZ,"SharonAI Holdings, Inc.",数据中心,数据中心,DTCR,56.75,Bad Market,,78.0849,79.8622,68.2123,0.1044,-0.7632,-0.1355,0.1033,0.1611,11.6499,4,0.2
2026-09-09,SHEL,Shell PLC,油气,综合油气,XLE,95.6,Wait,,96.064,96.5105,90.8558,0.0156,2.3977,-0.0462,0.4298,0.3037,5.6547,3,0.5
2026-09-09,SHIP,Seanergy Maritime Holdings Corp,航运,海运,SEA,18.29,Wait,,19.1029,19.3124,16.4756,0.0382,1.1991,-0.0098,0.1951,0.1512,2.8369,3.5,0.2619
2026-09-09,SHOP,Shopify Inc.,软件,电商软件,IGV,126.79,Wait,,159.8691,161.8778,131.7475,0.0528,-3.2382,0.0363,0.2984,0.0907,30.1303,4,0.2
2026-09-09,SHW,Sherwin-Williams Company (The),基础材料,化工,XLB,320.64,Bad Market,,372.9364,375.2657,346.4367,0.0242,-3.2377,-0.1045,0.5637,0.0127,28.8291,3,0.413
2026-09-09,SIMO,Silicon Motion Technology Corpo,半导体,半导体,SOXX,277.7,Bad Market,,276.3886,281.9216,263.1276,0.0664,1.5068,-0.0731,0.0878,0.0788,18.794,4,0.2
2026-09-09,SIND,Sinda Ltd.,矿业,银,SIL,16.61,Wait,,18.1967,18.6118,,0.0833,0.095,0.0935,0.0661,,,4,0.2
2026-09-09,SITM,SiTime Corporation,半导体,半导体,SOXX,589.87,Bad Market,,757.4127,769.3718,593.6654,0.0676,-0.7704,-0.0885,0.2688,0.1061,175.7064,4,0.2
2026-09-09,SKHY,SK hynix Inc.,半导体,半导体,SOXX,198.63,Bad Market,,187.6746,190.8615,,0.0535,3.4018,,0.4747,,,4,0.2
2026-09-09,SLAB,"Silicon Laboratories, Inc.",半导体,半导体,SOXX,219.82,Bad Market,,221.2704,221.6067,217.3475,0.0051,0.7204,-0.2807,0.0707,0.0019,4.2592,3,0.5
2026-09-09,SLB,SLB Limited,油气,油气设备服务,XLE,57.05,Wait,,60.6705,61.2357,53.5063,0.033,1.0672,0.1061,0.3144,0.1949,7.7294,3.5,0.3028
2026-09-09,SLF,Sun Life Financial Inc.,金融地产,保险,XLF,78.48,Wait,,83.2662,83.6479,80.2529,0.0162,-0.9408,0.0348,0.2038,0.0253,3.395,3,0.5
2026-09-09,SLS,"SELLAS Life Sciences Group, Inc",医疗健康,生物制药,XBI,13.95,Wait,,15.6843,16.0206,10.9749,0.0804,0.4201,0.1052,0.1446,0.1418,5.0457,4,0.2
2026-09-09,SM,SM Energy Company,油气,油气勘探开发,XLE,37.98,Wait,,38.6698,39.0894,33.3946,0.0368,1.441,0.0034,0.5078,0.2451,5.6948,3.5,0.2715
2026-09-09,SMMT,Summit Therapeutics Inc.,医疗健康,生物技术,XBI,17.54,Wait,,17.801,18.0951,13.6844,0.0559,3.375,-0.008,0.2855,0.132,4.4107,4,0.2
2026-09-09,SMR,NuScale Power Corporation,公用电力,核能,NLR,10.81,Bad Market,,11.3186,11.5266,8.4676,0.0641,1.88,-0.2201,0.1052,0.0206,3.059,4,0.2
2026-09-09,SMTC,Semtech Corporation,半导体,半导体,SOXX,163.94,Bad Market,,164.811,168.0974,130.9107,0.0668,2.5655,0.0335,0.1699,0.0287,37.1867,4,0.2
2026-09-09,SNDK,Sandisk Corporation,半导体,存储硬件,SOXX,1764.17,Bad Market,,1811.3559,1848.1147,1844.882,0.0695,1.7088,-0.1006,0.4181,0.0864,3.2327,4,0.2
2026-09-09,SNOW,Snowflake Inc.,软件,软件,IGV,331.48,Wait,,359.8181,364.8403,289.5078,0.0505,0.1908,0.2062,0.0055,0.2949,75.3324,4,0.2
2026-09-09,SNPS,"Synopsys, Inc.",软件,软件,IGV,393.22,Wait,,468.8222,473.7486,407.4151,0.0418,-1.2182,-0.0011,0.1191,0.1624,66.3335,3.5,0.2395
2026-09-09,SNX,TD SYNNEX Corporation,科技硬件,IT,XLK,258.23,Wait,,266.4623,268.697,264.0681,0.0288,0.4049,-0.0667,0.0787,0.1066,4.629,3.5,0.3467
2026-09-09,SO,Southern Company (The),公用电力,电力,XLU,88.34,Bad Market,,93.5103,93.9365,93.7182,0.0161,-1.3216,-0.1142,0.3313,0.1167,0.2183,3,0.5
2026-09-09,SOLV,Solventum Corporation,医疗健康,医疗器械,IHI,90.03,Bad Market,,93.3403,94.0148,85.6949,0.025,0.2515,-0.0327,0.3647,0.244,8.3199,3,0.4004
2026-09-09,SON,Sonoco Products Company,基础材料,包装容器纸制品,XLB,48.39,Bad Market,,59.9639,60.4923,54.3951,0.0364,-4.5114,0.0706,0.5294,0.0394,6.0973,3.5,0.2747
2026-09-09,SONY,Sony Group Corporation,消费,消费电子,XLY,23.44,Bad Market,,25.1944,25.3539,23.3653,0.0227,-1.2031,0.0082,0.003,0.2103,1.9886,3,0.441
2026-09-09,SPCX,Space Exploration Technologies ,航空国防,航空航天国防,ITA,147.55,Bad Market,,155.0338,157.3794,139.5849,0.053,0.7504,-0.2717,0.1652,0.0264,17.7945,4,0.2
2026-09-09,SPG,"Simon Property Group, Inc.",金融地产,零售地产,XLRE,204.53,Bad Market,,225.063,226.1928,225.4018,0.0184,-3.2886,-0.0263,0.4179,0.0848,0.791,3,0.5
2026-09-09,SPOT,Spotify Technology S.A.,通讯服务,流媒体娱乐,XLC,523.0,Bad Market,,565.34,571.2339,491.3481,0.0376,-0.3668,-0.0305,0.1377,0.1194,79.8858,3.5,0.2662
2026-09-09,SQM,Sociedad Quimica y Minera S.A.,基础材料,化工,XLB,75.46,Bad Market,,83.0846,83.8935,72.8925,0.0357,-0.6957,-0.085,0.1132,0.0417,11.001,3.5,0.2799
2026-09-09,SRE,DBA Sempra,公用电力,电力,XLU,85.01,Bad Market,,88.2301,88.8348,89.2829,0.0237,0.004,0.0406,0.0443,0.12,-0.4481,3,0.4217
2026-09-09,SRRK,Scholar Rock Holding Corporatio,医疗健康,生物制药,XBI,54.62,Wait,,60.5862,61.304,51.6661,0.0438,-0.5252,0.0204,0.0673,0.0804,9.6379,3.5,0.2283
2026-09-09,SSNC,"SS&C Technologies Holdings, Inc",软件,软件,IGV,79.34,Wait,,85.4234,86.0028,78.8355,0.0243,-1.4766,-0.0241,0.0056,0.2254,7.1674,3,0.4108
2026-09-09,SSRM,SSR Mining Inc.,矿业,银,SIL,37.6,Wait,,39.586,40.0657,33.614,0.0425,1.0214,-0.0336,0.25,0.1276,6.4516,3.5,0.2352
2026-09-09,ST,Sensata Technologies Holding pl,科技硬件,科技仪器,XLK,42.03,Wait,,47.0903,47.5122,46.7777,0.0335,-0.7807,-0.135,0.3218,0.2158,0.7345,3.5,0.2989
2026-09-09,STM,STMicroelectronics N.V.,半导体,半导体,SOXX,51.55,Bad Market,,56.6155,57.2077,73.0006,0.0383,-0.0079,-0.2845,0.2056,0.261,-15.7928,3.5,0.2611
2026-09-09,STNG,Scorpio Tankers Inc.,航运,海运,SEA,83.06,Wait,,83.1806,83.8786,74.3064,0.028,1.8691,-0.0953,0.2716,0.008,9.5723,3.5,0.357
2026-09-09,STRL,"Sterling Infrastructure, Inc.",工业,建筑工程,XLI,495.15,Bad Market,,610.1591,619.5628,807.3677,0.0633,-0.5241,-0.2581,0.155,0.3121,-187.8048,4,0.2
2026-09-09,STT,State Street Corporation,金融地产,资本市场,XLF,191.89,Wait,,196.1789,197.4077,181.9715,0.0213,0.2988,-0.0002,0.1635,0.1615,15.4362,3,0.4685
2026-09-09,STX,Seagate Technology Holdings PLC,科技硬件,存储硬件,XLK,885.92,Wait,,1005.8592,1022.4631,872.6552,0.0625,0.4952,-0.0524,0.1098,0.1011,149.8078,4,0.2
2026-09-09,SU,Suncor Energy  Inc.,油气,综合油气,XLE,69.02,Wait,,69.6802,70.1759,64.0329,0.0239,1.3892,-0.0169,0.4297,0.2417,6.143,3,0.4177
2026-09-09,SUN,Sunoco LP,油气,炼油,XLE,77.79,Wait,,77.8579,78.4342,71.6474,0.0247,1.1672,0.0118,0.2916,0.2265,6.7868,3,0.405
2026-09-09,SUNB,"Sunbelt Rentals Holdings, Inc.",工业,设备租赁,XLI,73.42,Bad Market,,85.5342,86.5181,73.3207,0.0447,-0.5807,0.0736,0.2089,0.1074,13.1974,3.5,0.2239
2026-09-09,SWK,"Stanley Black & Decker, Inc.",工业,工业机械,XLI,91.68,Bad Market,,104.9168,105.7794,93.9367,0.0314,-2.4946,-0.0332,0.4189,0.057,11.8427,3.5,0.3189
2026-09-09,SWKS,"Skyworks Solutions, Inc.",半导体,半导体,SOXX,76.54,Bad Market,,76.1454,77.0533,65.5873,0.0395,2.5668,-0.0364,0.2446,0.0047,11.4661,3.5,0.2529
2026-09-09,SXI,Standex International Corporati,工业,工业机械,XLI,269.88,Bad Market,,342.8188,345.8378,322.4481,0.0373,-3.4311,-0.1214,0.7889,0.1437,23.3897,3.5,0.2682
2026-09-09,SXT,Sensient Technologies Corporati,基础材料,化工,XLB,133.07,Bad Market,,138.7807,139.8004,125.5539,0.0255,-0.2792,-0.0867,0.1036,0.145,14.2464,3.5,0.3915
2026-09-09,SYNA,Synaptics Incorporated,半导体,半导体,SOXX,93.93,Bad Market,,111.5193,112.7832,129.0447,0.0449,-1.4543,-0.2715,0.2544,0.2673,-16.2615,3.5,0.223
2026-09-09,T,AT&T Inc.,通讯服务,电信,XLC,25.15,Bad Market,,26.4415,26.6041,24.5638,0.0216,-0.4095,-0.0988,0.2437,0.1714,2.0403,3,0.464
2026-09-09,TALO,"Talos Energy, Inc.",油气,油气勘探开发,XLE,17.51,Wait,,17.9251,18.1205,15.4706,0.0372,1.2399,-0.0114,0.4402,0.1781,2.6499,3.5,0.2689
2026-09-09,TDW,Tidewater Inc.,油气,油气设备服务,XLE,93.07,Wait,,101.5407,102.7029,87.0505,0.0416,-0.1558,0.1085,0.2301,0.2466,15.6524,3.5,0.2402
2026-09-09,TE,T1 Energy Inc.,公用电力,太阳能,TAN,4.91,Bad Market,,5.9453,6.0883,8.4939,0.0971,0.4869,-0.3147,0.1822,0.2922,-2.4057,4,0.2
2026-09-09,TECK,Teck Resources Ltd,矿业,铜,COPX,70.34,Wait,,72.6734,73.3524,64.048,0.0322,1.1635,-0.0379,0.1528,0.0891,9.3045,3.5,0.3108
2026-09-09,TEL,TE Connectivity plc,科技硬件,电子元件,XLK,204.68,Wait,,220.7368,222.4947,198.1811,0.0286,-0.4545,-0.1352,0.1789,0.0478,24.3136,3.5,0.3493
2026-09-09,TEM,"Tempus AI, Inc.",软件,AI医疗,IGV,61.28,Wait,,73.5868,74.9321,54.7532,0.0732,-0.1296,0.1198,0.1546,0.1085,20.1789,4,0.2
2026-09-09,TEVA,Teva Pharmaceutical Industries ,医疗健康,制药,XLV,36.85,Wait,,38.4685,38.7945,34.2969,0.0295,-0.0299,0.0131,0.1348,0.1448,4.4976,3.5,0.3391
2026-09-09,TFII,TFI International Inc.,工业,铁路/联运,IYT,132.0,Bad Market,,148.46,149.744,141.6396,0.0324,-1.3703,-0.0355,0.153,0.1062,8.1044,3.5,0.3084
2026-09-09,TFPM,Triple Flag Precious Metals Cor,矿业,金,GDX,33.9,Wait,,36.039,36.3851,31.6618,0.034,0.5044,-0.0681,0.0925,0.1154,4.7233,3.5,0.2938
2026-09-09,TGT,Target Corporation,消费,消费必需品,XLP,157.52,Bad Market,,171.4652,172.7926,154.4033,0.0281,-0.6522,0.0568,0.1399,0.2153,18.3893,3.5,0.356
2026-09-09,TGTX,"TG Therapeutics, Inc.",医疗健康,生物制药,XBI,54.65,Wait,,57.4465,58.1795,50.5089,0.0447,0.594,0.1053,0.2192,0.004,7.6706,3.5,0.2237
2026-09-09,THC,Tenet Healthcare Corporation,医疗健康,医疗服务,XLV,269.08,Wait,,283.4608,286.1781,249.0683,0.0337,0.1472,0.0446,0.0833,0.3303,37.1098,3.5,0.2971
2026-09-09,TJX,"TJX Companies, Inc. (The)",消费,折扣零售,XLY,126.12,Bad Market,,162.6212,163.5041,156.3406,0.0233,-5.0513,-0.0891,0.8479,0.3901,7.1635,3,0.4285
2026-09-09,TK,Teekay Corporation Ltd.,航运,海运,SEA,13.83,Enter,0.4263,13.7683,13.913,11.9415,0.0349,1.9526,0.0326,0.4218,0.1061,1.9715,3.5,0.2867
2026-09-09,TMO,Thermo Fisher Scientific Inc,医疗健康,生命科学工具,XLV,605.69,Wait,,639.7669,644.5204,578.2527,0.0262,-0.4044,0.0225,0.0779,0.338,66.2677,3.5,0.3823
2026-09-09,TMUS,"T-Mobile US, Inc.",通讯服务,电信,XLC,177.34,Bad Market,,189.7934,191.2197,179.0002,0.0268,-0.9305,-0.1075,0.0032,0.0149,12.2194,3.5,0.373
2026-09-09,TNK,Teekay Tankers Ltd.,航运,海运,SEA,96.31,Too High,,94.3331,95.3364,81.665,0.0347,2.3868,0.0792,0.4358,0.1834,13.6714,3.5,0.288
2026-09-09,TPG,TPG Inc.,金融地产,私募股权,XLF,48.91,Wait,,55.6991,56.2542,48.7337,0.0378,-2.0138,0.0008,0.0036,0.1538,7.5205,3.5,0.2643
2026-09-09,TRGP,"Targa Resources, Inc.",油气,油气中游,AMLP,291.38,Wait,,305.1638,307.48,275.2274,0.0265,0.4121,0.0283,0.3381,0.1103,32.2526,3.5,0.3774
2026-09-09,TRMD,TORM plc,航运,海运,SEA,35.46,Wait,,35.5346,35.8307,31.7258,0.0278,3.8367,-0.0121,0.4803,0.1683,4.1048,3.5,0.3593
2026-09-09,TRP,TC Energy Corporation,油气,油气中游,AMLP,63.44,Wait,,64.6544,65.0441,66.6934,0.0205,0.4577,-0.0504,0.0171,0.1284,-1.6494,3,0.4884
2026-09-09,TSEM,Tower Semiconductor Ltd.,半导体,半导体,SOXX,216.57,Bad Market,,268.4357,272.8691,257.737,0.0682,-0.6975,-0.1715,0.2384,0.171,15.1321,4,0.2
2026-09-09,TSM,Taiwan Semiconductor Manufactur,半导体,半导体,SOXX,435.36,Bad Market,,443.3536,446.8015,437.3442,0.0264,1.2527,-0.1896,0.132,0.0708,9.4574,3.5,0.3788
2026-09-09,TTAN,"ServiceTitan, Inc.",软件,软件,IGV,57.12,Wait,,101.9126,103.8216,75.187,0.1114,-5.599,0.2615,0.3449,0.0343,28.6346,4,0.2
2026-09-09,TTE,TotalEnergies SE,油气,综合油气,XLE,91.64,Wait,,91.7553,92.2685,85.7683,0.0187,1.7015,-0.019,0.2863,0.1842,6.5002,3,0.5
2026-09-09,TTMI,"TTM Technologies, Inc.",科技硬件,电子元件,XLK,124.25,Wait,,142.7773,145.4734,185.5229,0.0723,0.1369,-0.1655,0.1309,0.3043,-40.0495,4,0.2
2026-09-09,TVTX,"Travere Therapeutics, Inc.",医疗健康,生物制药,XBI,66.22,Wait,,68.1822,68.8818,59.3578,0.0352,0.5414,-0.0025,0.23,0.202,9.524,3.5,0.284
2026-09-09,TWLO,Twilio Inc.,软件,软件,IGV,227.19,Wait,,258.2219,261.4413,218.3897,0.0472,-0.553,0.0332,0.1048,0.1496,43.0516,3.5,0.2117
2026-09-09,TWST,Twist Bioscience Corporation,医疗健康,生命科学工具,XLV,125.52,Wait,,154.9153,157.6382,116.7945,0.0723,-0.9195,0.2781,0.076,0.1589,40.8436,4,0.2
2026-09-09,TX,Ternium S.A. Ternium S.A.,基础材料,钢铁,XLB,58.11,Bad Market,,58.6811,59.1456,52.6804,0.0266,1.785,0.0177,0.3916,0.3089,6.4652,3.5,0.3753
2026-09-09,TXG,"10x Genomics, Inc.",医疗健康,生命科学工具,XLV,67.29,Enter,0.8698,66.3333,67.4332,50.934,0.0545,1.5793,0.2707,0.3633,0.3751,16.4992,4,0.2
2026-09-09,TXT,Textron Inc.,航空国防,航空航天国防,ITA,79.89,Bad Market,,90.2289,90.8076,90.3433,0.0241,-1.9402,-0.141,0.499,0.1063,0.4643,3,0.4142
2026-09-09,U,Unity Software Inc.,软件,软件,IGV,42.54,Wait,,47.5354,48.0704,40.8688,0.0419,-0.9817,-0.0131,0.029,0.325,7.2015,3.5,0.2386
2026-09-09,UBER,"Uber Technologies, Inc.",工业,铁路/联运,IYT,71.08,Bad Market,,81.0608,81.8243,71.442,0.0358,-2.2643,-0.0013,0.1327,0.0042,10.3824,3.5,0.2793
2026-09-09,UBS,UBS Group AG Registered,金融地产,银行,XLF,54.84,Wait,,56.1438,56.398,53.1775,0.0155,0.7776,-0.0912,0.1241,0.1141,3.2205,3,0.5
2026-09-09,UCTT,"Ultra Clean Holdings, Inc.",半导体,半导体材料,SOXX,75.0,Bad Market,,94.0763,95.8258,119.2633,0.0778,-0.2209,-0.1981,0.1708,0.1596,-23.4375,4,0.2
2026-09-09,UEC,Uranium Energy Corp.,矿业,铀,URA,11.6,Bad Market,,13.7503,13.9458,11.0132,0.0562,-0.4764,-0.1605,0.0426,0.0074,2.9326,4,0.2
2026-09-09,UL,Unilever PLC,消费,消费必需品,XLP,62.49,Bad Market,,65.8035,66.0937,63.9688,0.0155,-1.2274,-0.1177,0.0384,0.1097,2.1249,3,0.5
2026-09-09,UMC,United Microelectronics Corpora,半导体,半导体,SOXX,22.69,Bad Market,,22.0469,22.3531,24.438,0.045,3.1962,-0.0731,0.403,0.1125,-2.0849,3.5,0.2223
2026-09-09,UNH,UnitedHealth Group Incorporated,医疗健康,医疗服务,XLV,393.06,Wait,,412.6706,415.7854,400.0107,0.0264,-0.333,0.0176,0.1451,0.046,15.7747,3.5,0.3786
2026-09-09,UNM,Unum Group,金融地产,保险,XLF,93.07,Wait,,97.5007,98.1611,89.966,0.0237,0.6746,0.0668,0.0883,0.0359,8.1951,3,0.4228
2026-09-09,UNP,Union Pacific Corporation,工业,铁路,IYT,284.74,Bad Market,,313.4674,315.2534,292.7596,0.0209,-2.4282,-0.0033,0.1468,0.1526,22.4938,3,0.4783
2026-09-09,USAC,"USA Compression Partners, LP",油气,油气中游,AMLP,27.68,Wait,,27.8368,28.0079,25.8491,0.0206,1.5123,-0.2127,0.309,0.096,2.1588,3,0.4853
2026-09-09,USB,U.S. Bancorp,金融地产,银行,XLF,62.11,Wait,,65.9543,66.2748,62.2144,0.0172,-1.0042,-0.0749,0.1574,0.1037,4.0604,3,0.5
2026-09-09,UUUU,Energy Fuels Inc,矿业,铀,URA,14.55,Bad Market,,16.1384,16.391,12.7518,0.0579,-0.2589,-0.225,0.0439,0.0647,3.6392,4,0.2
2026-09-09,V,Visa Inc.,金融地产,支付,XLF,367.39,Wait,,387.3049,389.2038,365.1508,0.0172,-0.7429,-0.0872,0.0637,0.1982,24.0531,3,0.5
2026-09-09,VALE,VALE S.A.,矿业,铁矿,XME,15.44,Wait,,15.8844,16.0234,14.1081,0.03,1.5677,0.0728,0.1292,0.0217,1.9153,3.5,0.3332
2026-09-09,VCTR,"Victory Capital Holdings, Inc. ",金融地产,资管,XLF,111.86,Wait,,122.2486,123.3567,108.202,0.033,-1.1448,0.1622,0.0931,0.2441,15.1548,3.5,0.3028
2026-09-09,VECO,Veeco Instruments Inc.,半导体,半导体,SOXX,44.77,Bad Market,,54.9556,55.7889,66.3485,0.062,-1.0033,-0.2171,0.2426,0.2623,-10.5596,4,0.2
2026-09-09,VEEV,Veeva Systems Inc.,软件,软件,IGV,260.8,Wait,,288.298,291.4662,248.7273,0.0405,0.1992,0.1875,0.2118,0.363,42.739,3.5,0.247
2026-09-09,VG,"Venture Global, Inc.",油气,油气中游,XLE,15.29,Enter,0.1352,15.2629,15.4634,12.8211,0.0437,1.6132,-0.1158,0.2374,0.1694,2.6423,3.5,0.2288
2026-09-09,VIAV,Viavi Solutions Inc.,科技硬件,通讯设备,XLK,39.18,Wait,,46.7603,47.5107,42.9341,0.0638,0.2091,-0.1599,0.0012,0.151,4.5766,4,0.2
2026-09-09,VICR,Vicor Corporation,科技硬件,电子元件,XLK,183.87,Wait,,256.4426,260.8565,320.9283,0.08,-1.4326,-0.2561,0.1921,0.27,-60.0718,4,0.2
2026-09-09,VIRT,"Virtu Financial, Inc.",金融地产,资本市场,XLF,62.89,Wait,,68.5589,69.3674,58.4977,0.0429,0.0521,0.1271,0.2428,0.0109,10.8697,3.5,0.2334
2026-09-09,VISN,"Vistance Networks, Inc.",科技硬件,电子元件,XLK,6.405,Wait,,11.8175,11.9938,10.5297,0.0917,-5.4188,-0.0139,0.4687,0.3349,1.4641,4,0.2
2026-09-09,VIST,Vista Energy S.A.B. de C.V.,油气,油气勘探开发,XLE,74.57,Wait,,77.7757,78.677,66.5145,0.0403,1.3064,0.0297,0.2309,0.0747,12.1625,3.5,0.2482
2026-09-09,VLO,Valero Energy Corporation,油气,炼油,XLE,388.95,Enter,0.6828,386.7395,389.9769,345.0799,0.0277,3.5295,0.0666,0.6972,0.4808,44.8971,3.5,0.3604
2026-09-09,VLTO,Veralto Corp,工业,污水处理,XLI,94.72,Bad Market,,101.0472,101.6404,94.168,0.0209,-1.591,-0.0888,0.1938,0.193,7.4724,3,0.479
2026-09-09,VNOM,"Viper Energy, Inc.",油气,油气勘探开发,XLE,45.27,Wait,,45.8427,46.1206,42.6109,0.0205,1.3278,-0.1403,0.341,0.0498,3.5097,3,0.4887
2026-09-09,VRT,"Vertiv Holdings, LLC",工业,电气设备,XLI,262.89,Bad Market,,296.9007,301.4917,296.746,0.0582,-0.5172,-0.0872,0.0565,0.1716,4.7458,4,0.2
2026-09-09,VRTX,Vertex Pharmaceuticals Incorpor,医疗健康,生物技术,XLV,521.12,Wait,,563.1712,567.249,510.3858,0.0261,-1.3174,0.0141,0.1292,0.1337,56.8632,3.5,0.3834
2026-09-09,VSAT,"ViaSat, Inc.",航空国防,通讯设备,ITA,72.36,Bad Market,,88.1296,89.4791,71.8175,0.0622,-0.6428,-0.0827,0.1583,0.0506,17.6615,4,0.2
2026-09-09,VSH,"Vishay Intertechnology, Inc.",半导体,半导体,SOXX,31.69,Bad Market,,35.9749,36.5674,56.3711,0.0623,-0.1279,-0.3092,0.2058,0.3478,-19.8038,4,0.2
2026-09-09,VST,Vistra Corp.,公用电力,电力,XLU,151.1,Bad Market,,153.231,154.8114,150.542,0.0349,1.6669,-0.1741,0.2213,0.0944,4.2694,3.5,0.2868
2026-09-09,VSXY,Victorias Secret & Co.,消费,服饰零售,XLY,75.72,Bad Market,,100.8778,102.2395,81.8139,0.0599,-2.2756,0.105,0.4019,0.0392,20.4256,4,0.2
2026-09-09,VTR,"Ventas, Inc.",金融地产,医疗地产,XLRE,89.38,Bad Market,,94.7238,95.3128,94.6397,0.022,-1.0999,-0.0329,0.1959,0.1002,0.6732,3,0.4552
2026-09-09,VTRS,Viatris Inc.,医疗健康,制药,XLV,16.5,Wait,,17.255,17.3912,16.2715,0.0275,0.0286,-0.0208,0.0199,0.0908,1.1196,3.5,0.3636
2026-09-09,VVX,"V2X, Inc.",航空国防,航空航天国防,ITA,71.91,Bad Market,,85.1291,86.0477,79.5232,0.0426,-2.1996,-0.0549,0.4559,0.0989,6.5244,3.5,0.2349
2026-09-09,VZ,Verizon Communications Inc.,通讯服务,电信,XLC,49.74,Bad Market,,51.0613,51.3441,47.7623,0.019,0.3952,-0.1137,0.308,0.1387,3.5818,3,0.5
2026-09-09,WAB,Westinghouse Air Brake Technolo,工业,工业机械,XLI,280.47,Bad Market,,303.4547,305.3825,286.5116,0.0229,-1.8436,-0.0477,0.185,0.0181,18.8709,3,0.4365
2026-09-09,WAY,Waystar Holding Corp.,软件,软件,IGV,23.86,Wait,,26.4786,26.8064,22.4154,0.0458,-1.0734,-0.0394,0.0378,0.1868,4.391,3.5,0.2183
2026-09-09,WBI,WaterBridge Infrastructure LLC,油气,油气设备服务,XLE,33.02,Wait,,33.0802,33.4267,32.1672,0.035,0.8991,-0.1724,0.1104,0.0792,1.2595,3.5,0.2859
2026-09-09,WCC,"WESCO International, Inc.",工业,工业分销,XLI,355.51,Bad Market,,376.5151,380.1506,331.6855,0.0341,0.575,-0.0651,0.0532,0.0324,48.4651,3.5,0.2934
2026-09-09,WDAY,"Workday, Inc.",软件,软件,IGV,186.05,Wait,,208.8854,211.8335,167.6119,0.0528,-0.9492,0.0988,0.0483,0.2473,44.2216,4,0.2
2026-09-09,WDC,Western Digital Corporation,科技硬件,存储硬件,XLK,482.28,Wait,,542.4242,552.0456,604.3354,0.0665,0.5021,-0.1473,0.1506,0.1794,-52.2899,4,0.2
2026-09-09,WDS,Woodside Energy Group Limited,油气,油气勘探开发,XLE,24.19,Wait,,24.5719,24.7442,22.6073,0.0237,1.3279,0.0185,0.2027,0.1918,2.1369,3,0.4213
2026-09-09,WELL,Welltower Inc.,金融地产,医疗地产,XLRE,235.9,Bad Market,,243.919,245.3806,237.4542,0.0207,-0.2208,-0.0387,0.0212,0.1681,7.9264,3,0.4842
2026-09-09,WEN,Wendy's Company (The),消费,餐饮,XLY,7.54,Bad Market,,9.2025,9.3262,7.4705,0.0547,-2.174,-0.0178,0.0247,0.0875,1.8557,4,0.2
2026-09-09,WES,"Western Midstream Partners, LP",油气,油气中游,AMLP,49.29,Wait,,50.2764,50.5622,46.9417,0.0193,0.6597,-0.0223,0.2727,0.2384,3.6205,3,0.5
2026-09-09,WFC,Wells Fargo & Company,金融地产,银行,XLF,89.67,Wait,,90.8667,91.4253,84.3836,0.0208,1.4889,-0.0427,0.1226,0.108,7.0418,3,0.4815
2026-09-09,WFRD,Weatherford International plc,油气,油气设备服务,XLE,93.06,Wait,,98.7006,99.8043,84.8935,0.0395,0.0183,0.0017,0.1534,0.0125,14.9107,3.5,0.253
2026-09-09,WMB,"Williams Companies, Inc. (The)",油气,油气中游,AMLP,75.15,Wait,,76.5815,77.1987,70.7194,0.0274,0.7512,0.069,0.1985,0.0036,6.4793,3.5,0.3653
2026-09-09,WMT,Walmart Inc.,消费,消费必需品,XLP,105.83,Bad Market,,117.0683,117.7754,112.3493,0.0223,-1.1763,-0.1053,0.1811,0.1435,5.4261,3,0.449
2026-09-09,WOLF,"Wolfspeed, Inc.",半导体,半导体,SOXX,27.28,Bad Market,,35.491,36.2874,42.3504,0.0973,-0.4027,-0.3437,0.1868,0.2485,-6.063,4,0.2
2026-09-09,WPM,Wheaton Precious Metals Corp,矿业,金,GDX,156.76,Wait,,165.2876,167.0325,143.3629,0.0371,1.4651,0.0451,0.2723,0.2082,23.6696,3.5,0.2695
2026-09-09,WT,"WisdomTree, Inc.",金融地产,资管,XLF,23.9,Wait,,25.279,25.5764,21.5709,0.0415,0.2174,0.166,0.2834,0.2089,4.0055,3.5,0.2411
2026-09-09,WTTR,"Select Water Solutions, Inc.",油气,油气设备服务,XLE,20.5,Wait,,21.525,21.7831,19.2483,0.042,0.4248,0.0411,0.0314,0.0749,2.5348,3.5,0.2382
2026-09-09,WULF,TeraWulf Inc.,数据中心,数据中心,DTCR,17.13,Bad Market,,18.1174,18.5036,23.6313,0.0751,0.7517,-0.1972,0.0032,0.2305,-5.1278,4,0.2
2026-09-09,WYFI,"WhiteFiber, Inc.",数据中心,数据中心,DTCR,19.31,Bad Market,,30.8169,31.5172,35.4325,0.1209,-1.1984,-0.2333,0.1868,0.256,-3.9153,4,0.2
2026-09-09,XE,"X-Energy, Inc.",公用电力,核能,NLR,17.26,Bad Market,,23.0683,23.5757,15.9643,0.098,-1.0769,-0.1695,0.261,0.0595,7.6115,4,0.2
2026-09-09,XEL,Xcel Energy Inc.,公用电力,电力,XLU,76.19,Bad Market,,80.1063,80.5242,78.0519,0.0183,-0.9065,-0.0848,0.13,0.0657,2.4722,3,0.5
2026-09-09,XNDU,Xanadu Quantum Technologies Lim,科技硬件,量子计算,QTUM,9.05,Bad Market,,11.6602,11.8555,9.9361,0.0719,-2.1191,-0.586,0.259,0.1641,1.9194,4,0.2
2026-09-09,XOM,ExxonMobil Holdings Corporation,油气,综合油气,XLE,164.23,Wait,,167.7923,168.8556,155.5174,0.0216,0.7797,-0.0322,0.2502,0.253,13.3382,3,0.4634
2026-09-09,XP,XP Inc.,金融地产,资本市场,XLF,19.04,Wait,,20.1904,20.4127,17.4064,0.0389,2.1936,0.0684,0.3398,0.1772,3.0063,3.5,0.2569
2026-09-09,XYZ,"Block, Inc.",金融地产,支付,XLF,79.4,Wait,,85.644,86.5119,74.7243,0.0364,-0.7316,0.0153,0.0116,0.0766,11.7877,3.5,0.2744
2026-09-09,YPF,YPF Sociedad Anonima,油气,综合油气,XLE,54.61,Enter,0.2752,54.4561,55.0154,47.3849,0.0341,1.8988,0.0357,0.2606,0.1012,7.6305,3.5,0.2929
2026-09-09,ZETA,Zeta Global Holdings Corp.,软件,软件,IGV,30.42,Wait,,32.9842,33.4262,27.5238,0.0484,0.5474,0.0704,0.2013,0.2736,5.9024,3.5,0.2065
2026-09-09,ZIM,ZIM Integrated Shipping Service,航运,海运,SEA,29.38,Wait,,30.3738,30.6645,26.6883,0.033,1.7842,0.1217,0.1542,0.1328,3.9762,3.5,0.3032
2026-09-09,ZWS,Zurn Elkay Water Solutions Corp,工业,污水处理,XLI,46.63,Bad Market,,52.2863,52.6035,50.0079,0.0227,-2.1884,-0.1417,0.4481,0.0851,2.5957,3,0.441
2026-09-10,AA,Alcoa Corporation,矿业,铝加工,XME,48.3,Wait,,54.563,55.2342,47.2494,0.0463,-1.0671,-0.1377,0.1089,0.0993,7.9848,3.5,0.2159
2026-09-10,AAOI,"Applied Optoelectronics, Inc.",科技硬件,光通信,XLK,103.29,Wait,,157.0355,160.2538,111.9795,0.1039,-1.4388,-0.2546,0.2093,0.1087,48.2743,4,0.2
2026-09-10,AAPL,Apple Inc.,科技硬件,消费电子,XLK,326.57,Wait,,331.4757,333.8451,316.3858,0.0242,1.584,0.0491,0.2329,0.1263,17.4593,3,0.4135
2026-09-10,ABCL,AbCellera Biologics Inc.,医疗健康,生物制药,XBI,10.46,Wait,,12.6437,12.8593,9.6255,0.0687,-1.3522,0.1731,0.1155,0.2168,3.2338,4,0.2
2026-09-10,ABNB,"Airbnb, Inc.",消费,在线旅游,XLY,167.65,Bad Market,,192.1765,193.8073,171.4738,0.0324,-2.948,0.0798,0.2495,0.1637,22.3335,3.5,0.3084
2026-09-10,ABVX,Abivax SA,医疗健康,生物技术,XLV,115.95,Wait,,128.6595,130.0289,128.6733,0.0394,-0.2439,-0.23,0.2571,0.102,1.3556,3.5,0.254
2026-09-10,ACGL,Arch Capital Group Ltd.,金融地产,保险,XLF,96.2,Wait,,102.085,102.652,100.8099,0.0196,-1.287,-0.0672,0.1132,0.0391,1.8422,3,0.5
2026-09-10,ACLS,"Axcelis Technologies, Inc.",半导体,半导体,SOXX,113.3,Bad Market,,145.4454,147.4485,162.7417,0.0589,-1.654,-0.2131,0.2447,0.1928,-15.2931,4,0.2
2026-09-10,ACMR,"ACM Research, Inc.",半导体,半导体设备,SOXX,72.39,Bad Market,,86.7105,88.3162,105.4801,0.0739,-0.9257,-0.1609,0.1481,0.1156,-17.1639,4,0.2
2026-09-10,ADI,"Analog Devices, Inc.",半导体,半导体,SOXX,361.25,Bad Market,,393.8925,397.0646,380.9219,0.0293,-0.8786,-0.1751,0.278,0.1371,16.1428,3.5,0.3416
2026-09-10,ADM,Archer-Daniels-Midland Company,基础材料,农业,MOO,86.91,Wait,,87.4191,88.2057,78.1433,0.0302,1.9463,0.1116,0.2779,0.1882,10.0624,3.5,0.3315
2026-09-10,AEHR,Aehr Test Systems,半导体,半导体材料,SOXX,93.81,Bad Market,,147.6339,150.6697,105.1321,0.1079,-0.6636,-0.0342,0.0832,0.023,45.5376,4,0.2
2026-09-10,AEM,Agnico Eagle Mines Limited,矿业,金,GDX,196.68,Wait,,226.0768,228.4543,196.3728,0.0403,-0.7393,0.051,0.1397,0.1609,32.0815,3.5,0.2482
2026-09-10,AES,The AES Corporation,公用电力,再生能源,XLU,14.8,Bad Market,,14.8546,14.8694,14.7122,0.0033,0.8828,-0.4559,0.1489,0.0685,0.1572,3,0.5
2026-09-10,AEVA,"Aeva Technologies, Inc.",科技硬件,电子元件,XLK,14.97,Wait,,25.4584,25.9059,22.7526,0.0997,-2.0793,-0.2453,0.4708,0.1206,3.1533,4,0.2
2026-09-10,AG,First Majestic Silver Corp.,矿业,银,SIL,20.15,Wait,,21.9438,22.2494,17.6648,0.0506,-0.3377,-0.0893,0.1035,0.122,4.5846,4,0.2
2026-09-10,AGI,Alamos Gold Inc.,矿业,金,GDX,35.67,Wait,,39.3767,39.7998,34.0833,0.0395,-0.3098,-0.1281,0.1247,0.1158,5.7166,3.5,0.2529
2026-09-10,AGRO,Adecoagro S.A.,基础材料,农业,MOO,12.33,Wait,,12.5833,12.7349,10.6913,0.041,2.9337,-0.0377,0.4101,0.2033,2.0436,3.5,0.244
2026-09-10,AHR,"American Healthcare REIT, Inc.",金融地产,医疗地产,XLRE,54.06,Bad Market,,57.7006,58.076,53.9661,0.0231,-0.9798,-0.0795,0.0985,0.1302,4.1099,3,0.432
2026-09-10,AIR,AAR Corp.,航空国防,航空航天国防,ITA,124.47,Bad Market,,154.9547,156.5061,135.6109,0.0415,-2.1209,-0.0373,0.2389,0.0423,20.8952,3.5,0.2407
2026-09-10,AKAM,"Akamai Technologies, Inc.",软件,软件,IGV,107.13,Wait,,126.3613,127.8644,111.9843,0.0468,-0.8822,-0.1112,0.1887,0.0781,15.8801,3.5,0.2138
2026-09-10,ALAB,"Astera Labs, Inc.",半导体,半导体,SOXX,284.53,Bad Market,,327.5346,334.6666,387.9272,0.0836,-0.5014,-0.1041,0.1477,0.1221,-53.2606,4,0.2
2026-09-10,ALB,Albemarle Corporation,基础材料,锂电池,XLB,122.11,Bad Market,,144.4711,146.2188,129.5896,0.0477,-2.0229,-0.1409,0.1369,0.1845,16.6292,3.5,0.2096
2026-09-10,ALGM,"Allegro MicroSystems, Inc.",半导体,半导体,SOXX,35.27,Bad Market,,44.8159,45.4548,61.1018,0.0604,-1.3364,-0.272,0.3704,0.2066,-15.647,4,0.2
2026-09-10,ALKS,Alkermes plc,医疗健康,生物制药,XBI,46.11,Wait,,50.7411,51.1852,50.0389,0.0321,-1.4112,-0.0642,0.2407,0.0431,1.1463,3.5,0.3115
2026-09-10,ALM,Almonty Industries Inc.,矿业,钨矿,XME,16.57,Wait,,19.3718,19.7496,14.0834,0.076,-0.5804,-0.0498,0.1767,0.0412,5.6662,4,0.2
2026-09-10,ALSN,"Allison Transmission Holdings, ",工业,工业机械,XLI,127.54,Bad Market,,134.5054,135.7243,119.0097,0.0319,-0.0257,0.0168,0.0729,0.0868,16.7146,3.5,0.3139
2026-09-10,AMAT,"Applied Materials, Inc.",半导体,半导体设备,SOXX,454.01,Bad Market,,552.6901,559.3309,645.5247,0.0488,-1.362,-0.203,0.2666,0.1145,-86.1938,3.5,0.2051
2026-09-10,AMBQ,"Ambiq Micro, Inc.",半导体,半导体,SOXX,60.66,Bad Market,,68.6387,69.8067,72.8264,0.0642,0.1256,-0.1548,0.0735,0.1231,-3.0197,4,0.2
2026-09-10,AMD,"Advanced Micro Devices, Inc.",半导体,半导体,SOXX,503.6,Bad Market,,526.136,532.9938,500.9019,0.0454,1.061,-0.1345,0.132,0.017,32.0919,3.5,0.2203
2026-09-10,AMGN,Amgen Inc.,医疗健康,制药,XLV,382.47,Wait,,447.9447,451.4349,403.4009,0.0304,-4.0071,0.1611,0.2398,0.1154,48.034,3.5,0.3288
2026-09-10,AMKR,"Amkor Technology, Inc.",半导体,半导体材料,SOXX,49.53,Bad Market,,61.938,62.895,73.96,0.0644,-0.4934,-0.2705,0.0831,0.2398,-11.065,4,0.2
2026-09-10,AMLX,"Amylyx Pharmaceuticals, Inc.",医疗健康,生物制药,XBI,32.09,Wait,,40.0552,40.6479,31.7568,0.0616,-0.5092,0.295,0.3047,0.3091,8.8911,4,0.2
2026-09-10,AMPX,"Amprius Technologies, Inc.",基础材料,锂电池,XLB,9.55,Bad Market,,12.6357,12.8242,11.6065,0.0658,-1.4681,-0.3943,0.295,0.1784,1.2177,4,0.2
2026-09-10,AMT,American Tower Corporation (REI,金融地产,通信铁塔,XLRE,172.98,Bad Market,,180.2998,181.5504,166.8744,0.0241,-0.5236,-0.076,0.1069,0.0487,14.676,3,0.415
2026-09-10,AMZN,"Amazon.com, Inc.",消费,互联网零售,XLY,251.89,Bad Market,,280.6089,282.488,265.2287,0.0249,-1.3183,-0.1126,0.3533,0.0773,17.2593,3,0.4021
2026-09-10,ANAB,"AnaptysBio, Inc.",医疗健康,生物制药,XBI,55.16,Wait,,60.2416,61.051,60.3674,0.0489,-0.8105,-0.1313,0.0139,0.0445,0.6836,3.5,0.2045
2026-09-10,ANDG,Andersen Group Inc.,金融地产,个性化服务,XLF,53.19,Wait,,57.9819,58.6356,49.8232,0.041,0.4387,-0.0483,0.1408,0.2397,8.8124,3.5,0.2441
2026-09-10,ANET,"Arista Networks, Inc.",科技硬件,硬件,XLK,188.99,Wait,,212.3899,214.7139,183.3869,0.041,-0.7031,-0.0808,0.0246,0.0969,31.327,3.5,0.244
2026-09-10,APA,APA Corporation,油气,油气勘探开发,XLE,44.53,Wait,,45.2853,45.7309,39.6418,0.0334,1.248,0.0263,0.2129,0.2415,6.0891,3.5,0.2998
2026-09-10,APD,"Air Products and Chemicals, Inc",基础材料,化工,XLB,293.65,Bad Market,,312.3965,314.2191,295.9642,0.0207,-1.7389,-0.091,0.2235,0.0552,18.2549,3,0.4834
2026-09-10,APG,APi Group Corporation,工业,工业服务,XLI,37.38,Bad Market,,45.0938,45.5101,39.8634,0.0371,-2.7295,0.0579,0.3585,0.1387,5.6467,3.5,0.2694
2026-09-10,APH,Amphenol Corporation,科技硬件,光通信,XLK,80.25,Wait,,86.2375,87.0444,78.7462,0.0335,-0.2037,-0.1176,0.1121,0.0099,8.2982,3.5,0.2984
2026-09-10,APLD,Applied Digital Corporation,数据中心,数据中心,DTCR,25.78,Bad Market,,31.5883,32.1707,37.5043,0.0753,-1.0013,-0.2722,0.1445,0.274,-5.3336,4,0.2
2026-09-10,APP,Applovin Corporation,软件,广告技术,IGV,314.49,Wait,,342.2899,347.2247,498.8125,0.0523,0.2178,-0.3209,0.1684,0.2168,-151.5878,4,0.2
2026-09-10,APPS,"Digital Turbine, Inc.",软件,软件,IGV,11.8,Wait,,14.5583,14.8108,11.0233,0.0713,0.7087,0.0507,0.2701,0.0852,3.7876,4,0.2
2026-09-10,AR,Antero Resources Corporation,油气,油气勘探生产,XLE,39.17,Wait,,40.2017,40.5136,36.1717,0.0265,0.9182,-0.0796,0.2638,0.1614,4.3419,3.5,0.3768
2026-09-10,ARM,Arm Holdings plc,半导体,半导体,SOXX,254.18,Bad Market,,282.6523,287.4708,302.1438,0.0632,0.0866,-0.2007,0.0998,0.2026,-14.673,4,0.2
2026-09-10,ARMK,Aramark,消费,餐饮服务,XLY,56.76,Bad Market,,62.9557,63.2951,58.9957,0.0199,-1.9007,-0.0353,0.0591,0.0941,4.2994,3,0.5
2026-09-10,AROC,"Archrock, Inc.",油气,油气中游,AMLP,32.36,Wait,,35.0136,35.3603,37.9049,0.0357,-0.1159,-0.0722,0.0692,0.1831,-2.5445,3.5,0.28
2026-09-10,ARQQ,Arqit Quantum Inc.,半导体,半导体,SOXX,20.58,Bad Market,,24.7223,25.2207,23.0743,0.0807,-0.5453,-0.1503,0.1165,0.1351,2.1464,4,0.2
2026-09-10,ARW,"Arrow Electronics, Inc.",科技硬件,电子元器,XLK,213.44,Wait,,222.4944,224.5224,205.3705,0.0317,0.5658,-0.0598,0.1381,0.0536,19.1518,3.5,0.3157
2026-09-10,ARXS,"Arxis, Inc.",航空国防,航空航天国防,ITA,51.98,Bad Market,,58.6298,59.3399,51.706,0.0455,-0.9162,-0.0734,0.3854,0.0959,7.6338,3.5,0.2196
2026-09-10,ASC,Ardmore Shipping Corporation,航运,海运,SEA,18.46,Wait,,18.5846,18.7795,16.1256,0.0352,0.9818,-0.0347,0.3022,0.0267,2.6539,3.5,0.2841
2026-09-10,ASTS,"AST SpaceMobile, Inc.",航空国防,通讯设备,ITA,59.91,Bad Market,,75.2226,76.5914,70.6085,0.0762,-0.9969,-0.2928,0.1643,0.0746,5.9829,4,0.2
2026-09-10,ASX,"ASE Technology Holding Co., Ltd",半导体,半导体,SOXX,39.86,Bad Market,,41.5986,42.1204,39.0326,0.0436,1.1238,-0.0893,0.1208,0.0013,3.0877,3.5,0.2292
2026-09-10,ATRO,Astronics Corporation,航空国防,航空航天国防,ITA,73.49,Bad Market,,94.1849,95.2717,80.7706,0.0493,-1.6841,-0.0478,0.0349,0.0762,14.5011,3.5,0.2029
2026-09-10,AU,AngloGold Ashanti PLC,矿业,金,GDX,103.88,Wait,,124.4288,125.7681,107.7652,0.043,-1.2665,-0.0173,0.1007,0.1472,18.0029,3.5,0.2327
2026-09-10,AUGO,Aura Minerals Inc.,矿业,金,GDX,86.01,Wait,,91.3951,92.7828,71.9675,0.0538,0.5016,0.0202,0.1978,0.1779,20.8153,4,0.2
2026-09-10,AVAH,Aveanna Healthcare Holdings Inc,医疗健康,医疗服务,XLV,13.86,Wait,,14.1586,14.3273,12.0523,0.0406,1.4995,0.1945,0.5486,0.409,2.275,3.5,0.2465
2026-09-10,AVGO,Broadcom Inc.,半导体,半导体,SOXX,360.83,Bad Market,,426.0083,429.7563,384.0331,0.0346,-0.9778,-0.1614,0.4566,0.0484,45.7232,3.5,0.2888
2026-09-10,AVNT,Avient Corporation,基础材料,化工,XLB,41.72,Bad Market,,46.7572,47.158,41.6641,0.032,-1.8237,-0.0052,0.2833,0.1327,5.4939,3.5,0.3123
2026-09-10,AVT,"Avnet, Inc.",科技硬件,电子元器,XLK,92.97,Wait,,99.5597,100.52,87.4264,0.0344,0.5348,0.0266,0.1185,0.0356,13.0936,3.5,0.2904
2026-09-10,AVTR,"Avantor, Inc.",医疗健康,生命科学工具,XLV,14.88,Wait,,15.3988,15.5415,13.585,0.032,1.1152,0.0108,0.2421,0.3597,1.9565,3.5,0.3128
2026-09-10,AXP,American Express Company,金融地产,支付,XLF,320.71,Wait,,347.0029,348.7567,344.0325,0.0182,-2.2478,-0.1759,0.3009,0.0797,4.7241,3,0.5
2026-09-10,AXTI,AXT Inc,半导体,半导体,SOXX,64.7,Bad Market,,97.5074,99.8135,65.2218,0.1188,-0.6029,-0.1791,0.0954,0.0479,34.5917,4,0.2
2026-09-10,B,Barrick Mining Corporation,矿业,金,GDX,43.46,Wait,,49.3046,49.774,43.3936,0.036,-0.8439,-0.0348,0.1105,0.1022,6.3804,3.5,0.2778
2026-09-10,BA,Boeing Company (The),航空国防,航空航天国防,ITA,204.8,Bad Market,,235.288,236.7531,225.5394,0.0238,-2.1836,-0.1884,0.583,0.0648,11.2136,3,0.4194
2026-09-10,BAC,Bank of America Corporation,金融地产,银行,XLF,62.56,Wait,,65.3522,65.6776,61.5566,0.0173,-0.2222,-0.0361,0.1159,0.1544,4.121,3,0.5
2026-09-10,BALL,Ball Corporation,基础材料,包装容器纸制品,XLB,59.74,Bad Market,,65.0174,65.3862,63.2017,0.0206,-2.3751,-0.1257,0.2399,0.0208,2.1846,3,0.4859
2026-09-10,BAM,Brookfield Asset Management Inc,金融地产,资管,XLF,47.24,Wait,,56.3324,56.7337,51.1782,0.0283,-3.3529,-0.0261,0.2831,0.0062,5.5555,3.5,0.3532
2026-09-10,BB,BlackBerry Limited,软件,软件,IGV,7.54,Wait,,9.0695,9.1888,11.22,0.0527,-1.5522,-0.2005,0.2835,0.0748,-2.0312,4,0.2
2026-09-10,BBIO,"BridgeBio Pharma, Inc.",医疗健康,生物科技,XBI,72.5,Wait,,85.395,86.1739,81.0829,0.0358,-2.5621,-0.0959,0.523,0.0525,5.091,3.5,0.2792
2026-09-10,BBVA,Banco Bilbao Vizcaya Argentaria,金融地产,银行,XLF,28.84,Wait,,29.8493,29.9748,28.3845,0.0145,-0.2389,-0.1883,0.1077,0.2402,1.5903,3,0.5
2026-09-10,BBY,"Best Buy Co., Inc.",消费,电子零售,XLY,88.09,Bad Market,,91.1509,92.1468,78.6514,0.0377,0.6383,0.1567,0.1467,0.1556,13.4954,3.5,0.2654
2026-09-10,BCPC,Balchem Corporation,基础材料,化工,XLB,166.67,Bad Market,,182.9467,184.0451,170.2961,0.022,-2.7108,-0.0449,0.2758,0.0065,13.749,3,0.4552
2026-09-10,BCS,Barclays PLC,金融地产,银行,XLF,26.21,Wait,,28.3718,28.5108,27.1695,0.0177,-1.7928,-0.2087,0.3189,0.0372,1.3414,3,0.5
2026-09-10,BDC,Belden Inc,科技硬件,网络基础,XLK,115.16,Wait,,139.1816,140.5277,122.3257,0.039,-1.7823,-0.0455,0.3509,0.0226,18.2019,3.5,0.2567
2026-09-10,BE,Bloom Energy Corporation,公用电力,电力,GRID,258.49,Bad Market,,281.0518,286.7994,249.5549,0.0741,1.7599,-0.1407,0.2587,0.0901,37.2445,4,0.2
2026-09-10,BELFB,Bel Fuse Inc.,科技硬件,电子元件,XLK,243.0,Wait,,300.34,303.843,292.1717,0.0481,-1.4411,-0.1774,0.3385,0.0954,11.6713,3.5,0.2081
2026-09-10,BEPC,Brookfield Renewable Corporatio,公用电力,电力,XLU,30.85,Bad Market,,36.1785,36.4531,34.6968,0.0297,-2.5088,-0.1569,0.1954,0.2602,1.7562,3.5,0.3371
2026-09-10,BG,Bunge Limited,基础材料,农业,MOO,124.59,Wait,,125.1359,126.4386,108.6915,0.0349,1.9825,0.1068,0.2904,0.128,17.7471,3.5,0.2869
2026-09-10,BHE,"Benchmark Electronics, Inc.",科技硬件,解决方案,XLK,73.98,Wait,,84.9098,85.7661,88.6796,0.0386,-0.1654,-0.1798,0.2585,0.1511,-2.9134,3.5,0.2592
2026-09-10,BHP,BHP Group Limited,矿业,金属采矿,XME,87.35,Wait,,99.5635,100.3606,89.3901,0.0304,-2.0464,0.0853,0.1011,0.0649,10.9705,3.5,0.3287
2026-09-10,BKH,Black Hills Corporation,公用电力,天然气/电力,XLU,72.28,Bad Market,,74.9853,75.4025,71.868,0.0192,-0.5659,-0.1121,0.1064,0.039,3.5345,3,0.5
2026-09-10,BKNG,Booking Holdings Inc. Common St,消费,在线旅游,XLY,174.33,Bad Market,,215.5233,217.6384,189.7434,0.0404,-4.0941,0.0476,0.4743,0.025,27.895,3.5,0.2473
2026-09-10,BKR,Baker Hughes Company,油气,油气设备服务,XLE,59.4,Wait,,65.494,66.0555,58.3495,0.0315,-2.1466,0.025,0.2992,0.0151,7.706,3.5,0.3174
2026-09-10,BKV,BKV Corporation,油气,油气勘探开发,XLE,24.96,Wait,,27.0096,27.36,23.2726,0.0468,-0.3472,0.0834,0.0537,0.0186,4.0874,3.5,0.2137
2026-09-10,BLK,"BlackRock, Inc.",金融地产,资管,XLF,1062.4,Wait,,1193.464,1200.3157,1114.3226,0.0215,-3.694,-0.0939,0.2246,0.0562,85.9931,3,0.4652
2026-09-10,BLZE,"Backblaze, Inc.",软件,软件,IGV,12.31,Wait,,20.6588,21.002,15.8537,0.0929,-3.0691,0.0551,0.5337,0.0156,5.1483,4,0.2
2026-09-10,BMY,Bristol-Myers Squibb Company,医疗健康,制药,XLV,63.75,Wait,,68.7275,69.1758,63.6068,0.0234,-1.6612,-0.0121,0.0584,0.1661,5.569,3,0.4266
2026-09-10,BNTX,BioNTech SE,医疗健康,生物技术,XBI,96.4,Wait,,117.534,118.7304,102.6116,0.0414,-1.7374,0.1347,0.0587,0.0574,16.1188,3.5,0.2417
2026-09-10,BOX,"Box, Inc.",软件,软件,IGV,34.12,Wait,,36.3012,36.6457,31.9405,0.0337,0.2199,0.0632,0.0384,0.2711,4.7052,3.5,0.2971
2026-09-10,BP,BP p.l.c.,油气,综合油气,XLE,46.08,Wait,,46.1408,46.4461,42.6268,0.0221,2.4864,-0.0114,0.2619,0.1763,3.8193,3,0.4528
2026-09-10,BRK.B,Berkshire Hathaway Inc. New,金融地产,多元金融,XLF,507.0,Wait,,532.5185,534.3776,510.8289,0.0122,0.5244,-0.087,0.3366,0.0745,23.5487,3,0.5
2026-09-10,BRKR,Bruker Corporation,医疗健康,生命科学工具,XLV,53.56,Wait,,60.4666,61.2865,53.4076,0.051,-1.598,0.0161,0.0979,0.0165,7.879,4,0.2
2026-09-10,BRZE,"Braze, Inc.",软件,软件,IGV,24.265,Wait,,34.9153,35.4933,26.8237,0.0794,-3.4088,0.1768,0.1771,0.0949,8.6696,4,0.2
2026-09-10,BTSG,"BrightSpring Health Services, I",医疗健康,医疗健康,XLV,57.88,Wait,,63.1388,63.9225,63.7674,0.0451,-0.847,0.0466,0.1159,0.1075,0.1551,3.5,0.2216
2026-09-10,BTU,Peabody Energy Corporation,油气,煤矿,XLE,29.03,Wait,,29.9803,30.3469,25.4134,0.0421,1.2031,-0.0627,0.287,0.1543,4.9335,3.5,0.2376
2026-09-10,BUD,Anheuser-Busch Inbev SA Sponsor,消费,消费必需品,XLP,77.65,Bad Market,,83.7995,84.2252,82.2231,0.0183,-0.951,-0.0708,0.2979,0.1027,2.0021,3,0.5
2026-09-10,BVN,Buenaventura Mining Company Inc,矿业,金,GDX,33.85,Wait,,36.6385,37.081,31.138,0.0436,-0.4973,-0.0635,0.0515,0.0718,5.943,3.5,0.2295
2026-09-10,BWLP,BW LPG Limited,航运,海运,SEA,25.0,Wait,,25.11,25.3563,21.9868,0.0328,1.4167,0.1188,0.349,0.2407,3.3695,3.5,0.3045
2026-09-10,BWXT,"BWX Technologies, Inc.",航空国防,航空航天国防,ITA,152.49,Bad Market,,174.7449,176.5334,189.0241,0.0391,-1.2071,-0.1649,0.2153,0.2759,-12.4907,3.5,0.2558
2026-09-10,C,"Citigroup, Inc.",金融地产,银行,XLF,138.5,Wait,,140.715,141.6108,136.0219,0.0216,1.1885,-0.0892,0.1104,0.0671,5.5889,3,0.4638
2026-09-10,CAH,"Cardinal Health, Inc.",医疗健康,医药分销,XLV,236.02,Wait,,250.9702,252.5657,232.6553,0.0225,-0.1668,-0.0187,0.0181,0.0468,19.9104,3,0.4438
2026-09-10,CAKE,The Cheesecake Factory Incorpor,消费,餐饮,XLY,101.16,Bad Market,,118.3016,119.4108,104.3494,0.0365,-2.4081,0.1477,0.194,0.2246,15.0614,3.5,0.2736
2026-09-10,CALM,"Cal-Maine Foods, Inc.",基础材料,农业,MOO,73.71,Wait,,85.3371,86.096,84.6462,0.0343,-2.4972,-0.0471,0.3714,0.0804,1.4498,3.5,0.2914
2026-09-10,CAMT,Camtek Ltd.,半导体,半导体,SOXX,144.25,Bad Market,,175.928,178.5199,139.6407,0.0599,-0.5091,-0.1603,0.124,0.0826,38.8793,4,0.2
2026-09-10,CART,Maplebear Inc.,消费,互联网零售,XLY,47.24,Bad Market,,52.2524,52.771,45.7302,0.0366,-1.6367,-0.0276,0.1697,0.0241,7.0408,3.5,0.2733
2026-09-10,CAT,"Caterpillar, Inc.",工业,工业机械,XLI,805.0,Bad Market,,889.7,897.3306,975.8765,0.0316,-0.6512,-0.1799,0.1272,0.1793,-78.5459,3.5,0.3165
2026-09-10,CB,Chubb Limited,金融地产,保险,XLF,338.67,Wait,,351.2166,352.9665,346.0005,0.0172,-0.5212,-0.0886,0.1545,0.0289,6.9661,3,0.5
2026-09-10,CBRS,Cerebras Systems Inc.,半导体,半导体,SOXX,191.34,Bad Market,,265.4733,270.5933,193.7933,0.0892,-0.6855,-0.2526,0.147,0.0501,76.8001,4,0.2
2026-09-10,CCJ,Cameco Corporation,矿业,铀,URA,97.42,Bad Market,,108.3342,109.4808,95.5129,0.0392,-0.7179,-0.1517,0.0025,0.1045,13.9679,3.5,0.2549
2026-09-10,CDE,"Coeur Mining, Inc.",矿业,银,SIL,20.34,Wait,,22.4172,22.7281,18.065,0.0509,-0.207,-0.0565,0.1742,0.1248,4.6631,4,0.2
2026-09-10,CDNA,"CareDx, Inc.",医疗健康,诊断检测,XLV,50.02,Wait,,52.8602,53.5679,44.1031,0.0472,0.5203,0.2311,0.1567,0.3939,9.4648,3.5,0.212
2026-09-10,CDW,CDW Corporation,科技硬件,IT,XLK,142.6,Wait,,155.346,157.2896,131.3242,0.0454,-0.0063,0.0795,0.0857,0.069,25.9655,3.5,0.2201
2026-09-10,CEG,Constellation Energy Corporatio,公用电力,核电,XLU,285.97,Bad Market,,301.9097,304.8345,264.9275,0.0341,0.5229,-0.0841,0.1539,0.0605,39.907,3.5,0.2933
2026-09-10,CELC,Celcuity Inc.,医疗健康,生物技术,XBI,85.49,Wait,,97.3195,98.6539,97.9291,0.052,-1.5356,-0.2272,0.0917,0.0286,0.7248,4,0.2
2026-09-10,CENX,Century Aluminum Company,基础材料,铝,XLB,44.36,Bad Market,,52.8031,53.5727,42.0285,0.0578,-0.62,-0.1209,0.3267,0.0463,11.5441,4,0.2
2026-09-10,CF,"CF Industries Holdings, Inc.",基础材料,化肥,MOO,135.11,Wait,,140.6211,142.2202,120.6139,0.0395,1.4335,0.0813,0.2479,0.254,21.6063,3.5,0.2535
2026-09-10,CFR,"Cullen/Frost Bankers, Inc.",金融地产,银行,XLF,162.66,Wait,,171.596,172.5056,160.9841,0.0186,-0.4682,-0.0137,0.1176,0.169,11.5215,3,0.5
2026-09-10,CGAU,Centerra Gold Inc.,矿业,金,GDX,22.6,Wait,,24.476,24.746,21.0996,0.0398,-0.2028,0.0292,0.1079,0.2352,3.6464,3.5,0.2511
2026-09-10,CGNX,Cognex Corporation,工业,工业设备,XLI,61.69,Bad Market,,67.2169,67.8846,64.6297,0.0361,0.0755,-0.1618,0.0872,0.0253,3.2549,3.5,0.2772
2026-09-10,CGON,"CG Oncology, Inc.",医疗健康,生物技术,XLV,72.0,Wait,,81.4,82.3146,70.0095,0.0423,-1.4293,-0.0581,0.1525,0.0669,12.3051,3.5,0.2362
2026-09-10,CHRD,Chord Energy Corporation,油气,油气勘探开发,XLE,151.82,Wait,,151.9282,153.2928,134.4903,0.03,1.5344,-0.0425,0.2758,0.1889,18.8025,3.5,0.3338
2026-09-10,CHRN,ChronoScale Holdings Corporatio,数据中心,数据中心,DTCR,17.97,Bad Market,,24.5553,25.2381,20.5248,0.1267,-1.3041,-0.0334,0.0779,0.1024,4.7133,4,0.2
2026-09-10,CHYM,"Chime Financial, Inc.",金融地产,消费金融,XLF,32.67,Wait,,34.8767,35.3425,29.1162,0.0475,-0.049,0.1379,0.1137,0.3817,6.2263,3.5,0.2104
2026-09-10,CIEN,Ciena Corporation,科技硬件,光通信,XLK,334.56,Wait,,450.1725,457.6614,390.709,0.0746,-2.0187,-0.1367,0.1642,0.1475,66.9524,4,0.2
2026-09-10,CIFR,Cipher Digital Inc.,数据中心,数据中心,DTCR,15.94,Bad Market,,18.8618,19.3894,20.6044,0.1103,-0.3538,-0.1459,0.0179,0.161,-1.215,4,0.2
2026-09-10,CL,Colgate-Palmolive Company,消费,消费必需品,XLP,87.9,Bad Market,,93.9724,94.4659,90.1955,0.0187,-1.6725,-0.15,0.3072,0.063,4.2703,3,0.5
2026-09-10,CLBK,"Columbia Financial, Inc.",金融地产,银行,XLF,11.54,Wait,,11.9354,12.0071,11.1033,0.0207,-0.5724,0.0071,0.2819,0.3802,0.9038,3,0.4831
2026-09-10,CLF,Cleveland-Cliffs Inc.,基础材料,钢铁,XLB,11.83,Bad Market,,12.6191,12.7978,10.2675,0.0503,0.0378,-0.0689,0.1126,0.039,2.5303,4,0.2
2026-09-10,CLH,"Clean Harbors, Inc.",工业,环境服务,XLI,320.94,Bad Market,,329.2594,331.2573,306.3609,0.0208,0.5895,-0.0678,0.1575,0.1789,24.8964,3,0.4819
2026-09-10,CLMT,"Calumet, Inc",油气,燃料油,XLE,56.44,Enter,0.2809,56.2544,56.9152,47.9804,0.039,3.0244,0.1842,0.408,0.4057,8.9348,3.5,0.2562
2026-09-10,CLS,"Celestica, Inc.",科技硬件,电子元件,XLK,325.22,Wait,,351.499,357.3026,293.7693,0.0595,0.6488,-0.1398,0.0453,0.0362,63.5333,4,0.2
2026-09-10,CLSK,"CleanSpark, Inc.",数据中心,数据中心,DTCR,12.8,Bad Market,,13.6787,13.9768,13.2154,0.0776,0.6199,-0.1286,0.103,0.1188,0.7614,4,0.2
2026-09-10,CM,Canadian Imperial Bank of Comme,金融地产,银行,XLF,114.47,Wait,,124.8847,125.603,116.5573,0.0209,-1.3044,0.062,0.1407,0.0051,9.0457,3,0.4781
2026-09-10,CMBT,CMB.TECH NV,航运,海运,SEA,19.38,Wait,,19.6838,19.843,17.6328,0.0274,2.4094,0.0237,0.5878,0.2247,2.2102,3.5,0.3652
2026-09-10,CMG,"Chipotle Mexican Grill, Inc.",消费,餐饮,XLY,36.13,Bad Market,,38.8813,39.2285,34.4698,0.032,0.0112,-0.0625,0.3129,0.1165,4.7587,3.5,0.3122
2026-09-10,CNH,CNH Industrial N.V.,工业,工业机械,XLI,13.5,Bad Market,,14.535,14.7054,12.4122,0.0421,2.9263,0.1856,0.3813,0.219,2.2932,3.5,0.2377
2026-09-10,CNP,"CenterPoint Energy, Inc (Holdin",公用电力,电力,XLU,39.12,Bad Market,,41.2212,41.4573,42.6794,0.0201,-0.9055,-0.0463,0.1259,0.1881,-1.2222,3,0.4972
2026-09-10,CNQ,Canadian Natural Resources Limi,油气,油气勘探开发,XLE,50.8,Wait,,52.318,52.7008,47.3437,0.0251,0.6214,0.0307,0.2776,0.2559,5.3571,3.5,0.3981
2026-09-10,COHR,Coherent Corp.,科技硬件,光通信,XLK,293.17,Wait,,360.1991,367.0377,316.0688,0.0778,-0.1594,-0.1487,0.1199,0.1052,50.9688,4,0.2
2026-09-10,COIN,"Coinbase Global, Inc.",金融地产,加密金融,XLF,172.28,Wait,,194.8151,197.9877,150.3984,0.0614,-0.0487,-0.0289,0.1481,0.0412,47.5892,4,0.2
2026-09-10,COP,ConocoPhillips,油气,油气勘探开发,XLE,137.04,Wait,,138.5704,139.5052,127.8515,0.0227,1.6283,-0.0216,0.3871,0.2807,11.6537,3,0.4398
2026-09-10,CORT,Corcept Therapeutics Incorporat,医疗健康,生物制药,XBI,114.92,Wait,,124.7192,126.1129,107.3102,0.0404,-0.2694,0.1276,0.0177,0.2512,18.8027,3.5,0.2474
2026-09-10,CORZ,"Core Scientific, Inc.",数据中心,数据中心,DTCR,17.37,Bad Market,,21.1145,21.4812,24.2703,0.0704,-0.6532,-0.1676,0.1594,0.238,-2.7891,4,0.2
2026-09-10,COST,Costco Wholesale Corporation,消费,消费必需品,XLP,902.38,Bad Market,,979.4455,984.2729,925.7569,0.0178,-2.523,-0.1193,0.2537,0.1094,58.516,3,0.5
2026-09-10,CP,Canadian Pacific Kansas City Li,工业,铁路,IYT,88.84,Bad Market,,97.5784,98.1548,90.926,0.0216,-2.1829,0.011,0.0764,0.0674,7.2288,3,0.4624
2026-09-10,CPAY,"Corpay, Inc.",金融地产,支付,XLF,408.47,Wait,,429.3247,432.1928,396.5589,0.0234,-0.2784,-0.1039,0.0718,0.222,35.6339,3,0.4273
2026-09-10,CRBG,Corebridge Financial Inc.,金融地产,保险,XLF,34.18,Wait,,35.0918,35.3364,32.3039,0.0239,1.338,-0.0741,0.0298,0.1967,3.0325,3,0.4192
2026-09-10,CRC,California Resources Corporatio,油气,油气勘探开发,XLE,56.25,Wait,,57.2625,57.7319,51.2242,0.0278,1.7974,-0.1069,0.1849,0.0839,6.5077,3.5,0.3595
2026-09-10,CRDO,Credo Technology Group Holding ,半导体,半导体,SOXX,160.31,Bad Market,,286.2794,291.4684,213.6326,0.1079,-3.5568,-0.1024,0.3457,0.1705,77.8358,4,0.2
2026-09-10,CRGY,Crescent Energy Company,油气,油气勘探开发,XLE,14.41,Wait,,14.4141,14.5525,12.655,0.032,2.0643,-0.0041,0.3767,0.2769,1.8975,3.5,0.3123
2026-09-10,CRL,Charles River Laboratories Inte,医疗健康,CRO,XLV,273.0,Wait,,301.31,304.0168,267.0,0.0331,-1.7217,0.0038,0.042,0.3268,37.0169,3.5,0.3026
2026-09-10,CRM,"Salesforce, Inc.",软件,软件,IGV,243.0,Wait,,266.86,269.9567,228.3021,0.0425,1.6632,0.1656,0.3545,0.3306,41.6546,3.5,0.2354
2026-09-10,CROX,"Crocs, Inc.",消费,服饰鞋类,XLY,108.83,Bad Market,,139.2783,140.4991,126.9479,0.0374,-3.3738,-0.0964,0.6142,0.0826,13.5512,3.5,0.2674
2026-09-10,CRUS,"Cirrus Logic, Inc.",半导体,半导体,SOXX,116.48,Bad Market,,123.1548,124.3488,143.8495,0.0342,0.5794,-0.1906,0.173,0.3576,-19.5006,3.5,0.2927
2026-09-10,CRWD,"CrowdStrike Holdings, Inc.",软件,软件,IGV,208.86,Wait,,233.3043,236.7607,184.9148,0.0552,-0.0207,0.2081,0.1002,0.1156,51.8459,4,0.2
2026-09-10,CRWV,"CoreWeave, Inc.",数据中心,数据中心,DTCR,89.12,Bad Market,,109.0653,111.0684,81.0232,0.0749,-0.406,-0.1097,0.0113,0.0731,30.0452,4,0.2
2026-09-10,CSCO,"Cisco Systems, Inc.",科技硬件,通讯,XLK,107.44,Wait,,124.9544,125.7364,116.0595,0.0243,-1.4922,-0.1745,0.4392,0.1385,9.677,3,0.4121
2026-09-10,CSTM,Constellium SE,基础材料,铝加工,XLB,25.99,Bad Market,,30.1799,30.5073,29.91,0.042,-1.373,-0.1293,0.293,0.2142,0.5973,3.5,0.2381
2026-09-10,CSX,CSX Corporation,工业,铁路/联运,IYT,49.04,Bad Market,,52.2504,52.554,50.1942,0.0206,-1.2254,0.0315,0.1262,0.1081,2.3598,3,0.4846
2026-09-10,CTVA,"Corteva, Inc.",基础材料,农业,MOO,84.49,Wait,,90.8149,91.5291,82.1781,0.0282,0.9149,0.1129,0.3413,0.077,9.351,3.5,0.3549
2026-09-10,CVE,Cenovus Energy Inc,油气,综合油气,XLE,33.34,Wait,,33.7934,34.0811,30.104,0.0288,1.2969,0.0228,0.3699,0.2613,3.977,3.5,0.3477
2026-09-10,CVX,Chevron Corporation,油气,综合油气,XLE,212.76,Wait,,215.9265,217.1964,201.1109,0.0199,1.8703,0.0062,0.4569,0.2873,16.0855,3,0.5
2026-09-10,CWEN,"Clearway Energy, Inc.",公用电力,电力,XLU,31.59,Bad Market,,34.8159,35.096,33.5923,0.0296,-1.1578,-0.1163,0.1573,0.195,1.5037,3.5,0.3384
2026-09-10,CXW,"CoreCivic, Inc.",工业,工业服务,XLI,34.41,Bad Market,,35.3941,35.7936,30.3895,0.0387,0.7427,0.1076,0.0932,0.1495,5.404,3.5,0.2584
2026-09-10,D,"Dominion Energy, Inc.",公用电力,电力,XLU,65.05,Bad Market,,69.3419,69.6851,68.2585,0.0176,-1.7039,-0.0622,0.2096,0.1143,1.4265,3,0.5
2026-09-10,DAL,"Delta Air Lines, Inc.",工业,航空运输,IYT,78.24,Bad Market,,92.0924,92.7562,85.9158,0.0283,-1.9294,-0.1161,0.3805,0.109,6.8403,3.5,0.3536
2026-09-10,DAR,Darling Ingredients Inc.,基础材料,化工,XLB,66.37,Bad Market,,69.0037,69.8103,58.9294,0.0405,0.2678,0.1632,0.1264,0.2054,10.8809,3.5,0.2468
2026-09-10,DAVE,Dave Inc.,金融地产,消费金融,XLF,358.36,Wait,,395.2018,401.7146,355.6929,0.0606,0.1414,0.002,0.2084,0.0591,46.0217,4,0.2
2026-09-10,DB,Deutsche Bank AG,金融地产,银行,XLF,40.35,Wait,,41.8928,42.0925,39.563,0.0165,1.4316,-0.1584,0.2385,0.1785,2.5296,3,0.5
2026-09-10,DBD,Diebold Nixdorf Incorporated,科技硬件,硬件,XLK,65.27,Wait,,73.7127,74.4419,82.2426,0.0372,-1.3799,-0.1286,0.305,0.222,-7.8006,3.5,0.2685
2026-09-10,DBX,"Dropbox, Inc.",软件,软件,IGV,35.05,Wait,,36.2805,36.6218,31.948,0.0325,0.3687,0.0719,0.0313,0.2464,4.6739,3.5,0.3081
2026-09-10,DDOG,"Datadog, Inc.",软件,软件,IGV,221.72,Wait,,263.3674,267.2486,236.4014,0.0583,-0.7686,0.0315,0.2513,0.0027,30.8471,4,0.2
2026-09-10,DE,Deere & Company,工业,工业机械,XLI,677.94,Bad Market,,705.1494,710.7295,633.2686,0.0274,1.984,0.0384,0.2758,0.1459,77.4609,3.5,0.3645
2026-09-10,DELL,Dell Technologies Inc.,科技硬件,硬件,XLK,506.62,Wait,,541.4923,550.8558,410.404,0.0616,1.025,0.1478,0.1312,0.0825,140.4518,4,0.2
2026-09-10,DEO,Diageo plc,消费,消费必需品,XLP,86.31,Bad Market,,97.9731,98.5261,91.5799,0.0214,-3.2036,-0.0821,0.3814,0.054,6.9462,3,0.4682
2026-09-10,DGII,Digi International Inc.,科技硬件,通讯设备,XLK,68.77,Wait,,85.9277,86.7816,75.2774,0.0414,-2.5008,0.001,0.4501,0.0002,11.5042,3.5,0.2416
2026-09-10,DGX,Quest Diagnostics Incorporated,医疗健康,诊断检测,XLV,231.14,Wait,,247.3114,248.8811,229.3029,0.0226,-1.6264,0.0299,0.1649,0.2671,19.5782,3,0.4418
2026-09-10,DHR,Danaher Corporation,医疗健康,生命科学工具,XLV,200.53,Wait,,220.8553,222.65,197.9123,0.0298,-1.566,0.0001,0.1496,0.1158,24.7376,3.5,0.3352
2026-09-10,DHT,"DHT Holdings, Inc.",航运,海运,SEA,21.43,Enter,0.0783,21.4143,21.6147,18.8618,0.0312,2.5956,-0.0314,0.378,0.0705,2.7529,3.5,0.3208
2026-09-10,DINO,HF Sinclair Corporation,油气,炼油,XLE,107.72,Wait,,109.3872,110.4901,95.443,0.0341,2.5063,0.1522,0.5728,0.4368,15.0471,3.5,0.293
2026-09-10,DIOD,Diodes Incorporated,半导体,半导体,SOXX,91.66,Bad Market,,108.5718,110.0895,94.7339,0.0552,-0.4256,-0.1293,0.1252,0.1002,15.3556,4,0.2
2026-09-10,DIS,Walt Disney Company (The),通讯服务,影视娱乐,XLC,105.82,Bad Market,,112.3082,112.9804,104.5283,0.0212,-0.3977,-0.0223,0.0875,0.0294,8.4521,3,0.4723
2026-09-10,DK,"Delek US Holdings, Inc.",油气,炼油,XLE,74.89,Wait,,76.4746,77.6814,59.5789,0.0537,1.1954,0.2425,0.3099,0.3116,18.1024,4,0.2
2026-09-10,DLR,"Digital Realty Trust, Inc.",金融地产,房地产,XLRE,185.37,Bad Market,,202.0037,203.5305,182.3368,0.0275,-1.1501,0.0117,0.1163,0.0625,21.1938,3.5,0.3642
2026-09-10,DLTR,"Dollar Tree, Inc.",消费,消费必需品,XLP,118.66,Bad Market,,137.9366,139.3627,120.1121,0.0401,-2.3128,0.0599,0.2159,0.0435,19.2506,3.5,0.2496
2026-09-10,DOC,"Healthpeak Properties, Inc.",金融地产,医疗地产,XLRE,20.37,Bad Market,,21.8637,21.9859,21.5977,0.02,-1.4162,-0.0911,0.1328,0.015,0.3882,3,0.5
2026-09-10,DOW,Dow Inc.,基础材料,化工,XLB,29.64,Bad Market,,33.1964,33.5128,29.2081,0.0356,-1.068,-0.1277,0.0872,0.022,4.3047,3.5,0.281
2026-09-10,DSX,Diana Shipping inc.,航运,海运,SEA,2.92,Wait,,3.0392,3.0717,2.6304,0.0371,1.7566,0.0248,0.4737,0.2928,0.4413,3.5,0.2692
2026-09-10,DTM,"DT Midstream, Inc.",油气,油气中游,AMLP,129.51,Wait,,138.1951,139.221,138.7709,0.0264,-0.4835,0.0069,0.1301,0.191,0.4502,3.5,0.3787
2026-09-10,DUK,Duke Energy Corporation (Holdin,公用电力,电力,XLU,119.37,Bad Market,,125.4345,126.0012,124.8529,0.0158,-1.2943,-0.1019,0.0953,0.0896,1.1484,3,0.5
2026-09-10,DVN,Devon Energy Corporation,油气,油气勘探开发,XLE,50.02,Enter,0.5976,49.8002,50.168,45.6216,0.0245,1.8779,-0.0921,0.3426,0.1721,4.5464,3,0.408
2026-09-10,EAT,"Brinker International, Inc.",消费,餐饮,XLY,214.69,Bad Market,,256.0869,258.851,221.6918,0.0429,-2.2531,0.0815,0.1017,0.1895,37.1592,3.5,0.233
2026-09-10,ECO,Okeanis Eco Tankers Corp.,航运,海运,SEA,72.92,Enter,0.7303,72.3992,73.1123,63.3501,0.0326,2.9771,0.0388,0.4108,0.2189,9.7622,3.5,0.3068
2026-09-10,EFXT,Enerflex Ltd,油气,油气设备服务,XLE,22.33,Wait,,22.7933,23.0646,22.0844,0.0405,1.3489,-0.0265,0.182,0.1069,0.9803,3.5,0.2469
2026-09-10,EGO,Eldorado Gold Corporation,矿业,金,GDX,42.79,Wait,,48.5679,49.1533,41.3108,0.0456,-0.316,0.0427,0.1353,0.1876,7.8424,3.5,0.2193
2026-09-10,EIX,Edison International,公用电力,电力,XLU,56.75,Bad Market,,75.4683,76.5007,66.6142,0.0606,-2.9942,0.3905,0.2184,0.1882,9.8865,4,0.2
2026-09-10,EL,"Estee Lauder Companies, Inc. (T",消费,消费必需品,XLP,96.47,Bad Market,,107.1747,108.1972,94.2809,0.0353,-0.4207,0.0224,0.1941,0.1436,13.9163,3.5,0.283
2026-09-10,ELAN,Elanco Animal Health Incorporat,医疗健康,动物制药,XLV,22.86,Wait,,25.3186,25.5726,23.4972,0.037,-1.3307,-0.1051,0.0584,0.0131,2.0754,3.5,0.27
2026-09-10,EMN,Eastman Chemical Company,基础材料,化工,XLB,68.38,Bad Market,,75.8438,76.4076,68.5827,0.0275,-2.1695,-0.0865,0.2167,0.0218,7.8248,3.5,0.3639
2026-09-10,EMR,Emerson Electric Company,工业,工业机械,XLI,148.37,Bad Market,,165.8637,166.9939,151.1942,0.0254,-2.0103,-0.0783,0.2286,0.0422,15.7998,3.5,0.3938
2026-09-10,ENB,Enbridge Inc,油气,油气中游,AMLP,48.22,Wait,,52.0522,52.342,53.9623,0.02,-2.3854,0.0145,0.2977,0.2547,-1.6204,3,0.4992
2026-09-10,ENPH,"Enphase Energy, Inc.",公用电力,太阳能,TAN,36.86,Bad Market,,42.736,43.3899,40.5207,0.0591,-0.5175,-0.2373,0.1849,0.1525,2.8692,4,0.2
2026-09-10,ENS,EnerSys,工业,锂电池,XLI,179.02,Bad Market,,205.1902,207.1965,210.4127,0.0374,-1.5057,-0.164,0.1232,0.1892,-3.2162,3.5,0.2677
2026-09-10,ENTG,"Entegris, Inc.",半导体,半导体材料,SOXX,137.4,Bad Market,,165.2864,167.5009,150.3327,0.0537,-0.908,-0.1534,0.0736,0.0972,17.1683,4,0.2
2026-09-10,EOG,"EOG Resources, Inc.",油气,油气勘探开发,XLE,147.46,Wait,,154.5246,155.5872,142.4239,0.024,0.2393,-0.0405,0.1449,0.1069,13.1633,3,0.4163
2026-09-10,EPD,Enterprise Products Partners L.,油气,油气中游,AMLP,39.33,Wait,,39.6339,39.7982,37.7169,0.0139,1.1311,-0.1389,0.2256,0.1217,2.0813,3,0.5
2026-09-10,EQH,"Equitable Holdings, Inc.",金融地产,保险,XLF,52.6,Wait,,54.066,54.4476,49.7242,0.0242,1.3703,-0.0652,0.0043,0.1766,4.7234,3,0.4135
2026-09-10,EQIX,"Equinix, Inc.",数据中心,数据中心,DTCR,1023.81,Bad Market,,1112.3381,1121.1814,1012.7581,0.0288,-1.2897,0.0579,0.0697,0.1167,108.4233,3.5,0.3473
2026-09-10,EQNR,Equinor ASA,油气,综合油气,XLE,45.11,Wait,,45.6811,46.026,41.206,0.0255,2.465,-0.015,0.3102,0.3115,4.82,3.5,0.3924
2026-09-10,EQT,EQT Corporation,油气,油气勘探开发,XLE,54.96,Wait,,56.2996,56.7192,50.8546,0.0254,0.4029,-0.0429,0.1084,0.1006,5.8646,3.5,0.3929
2026-09-10,EQX,Equinox Gold Corp.,矿业,金,GDX,12.2,Wait,,14.102,14.2746,11.966,0.0472,-0.8307,-0.0797,0.076,0.1432,2.3086,3.5,0.212
2026-09-10,ERAS,"Erasca, Inc.",医疗健康,生物技术,XBI,16.03,Wait,,19.7241,20.0753,16.5779,0.073,-1.3178,0.0064,0.2139,0.033,3.4973,4,0.2
2026-09-10,ERIC,Ericsson,科技硬件,通讯设备,XLK,10.01,Wait,,10.4727,10.5283,11.164,0.0185,-0.6583,-0.3071,0.0164,0.1595,-0.6357,3,0.5
2026-09-10,ERO,Ero Copper Corp.,矿业,铜,COPX,34.98,Wait,,40.8186,41.4466,32.027,0.0598,-0.7636,0.179,0.0531,0.1225,9.4196,4,0.2
2026-09-10,EROC,"ERock, Inc.",公用电力,电气设备,GRID,11.87,Bad Market,,17.6578,18.0446,12.2432,0.1086,-1.2562,-0.0735,0.0671,0.1172,5.8014,4,0.2
2026-09-10,ES,Eversource Energy (D/B/A),公用电力,电力,XLU,68.99,Bad Market,,73.0173,73.4116,71.4464,0.0191,-1.7516,-0.0737,0.173,0.0537,1.9652,3,0.5
2026-09-10,ESE,ESCO Technologies Inc.,航空国防,航空航天国防,ITA,267.26,Bad Market,,310.6826,313.3411,323.8847,0.0332,-1.8711,-0.1605,0.3586,0.2462,-10.5436,3.5,0.3016
2026-09-10,ESI,Element Solutions Inc.,基础材料,化工,XLB,34.17,Bad Market,,39.5617,39.9805,42.8646,0.0408,-1.493,-0.1213,0.2013,0.2293,-2.8841,3.5,0.2448
2026-09-10,ESTC,Elastic N.V.,软件,软件,IGV,83.48,Wait,,100.9084,102.406,79.9419,0.0598,-0.7702,0.2738,0.0944,0.1976,22.4641,4,0.2
2026-09-10,ETN,"Eaton Corporation, PLC",工业,工业机械,XLI,409.15,Bad Market,,464.0515,468.1832,411.7562,0.0337,-0.7718,-0.0837,0.216,0.0078,56.4271,3.5,0.2971
2026-09-10,ETR,Entergy Corporation,公用电力,电力,XLU,105.73,Bad Market,,109.5252,110.1223,110.3589,0.0188,-0.6745,-0.0833,0.004,0.1409,-0.2366,3,0.5
2026-09-10,ETSY,"Etsy, Inc.",消费,互联网零售,XLY,71.59,Bad Market,,87.7459,88.7735,75.0414,0.0478,-2.5771,0.0845,0.2535,0.0328,13.7321,3.5,0.209
2026-09-10,EVRG,"Evergy, Inc.",公用电力,电力,XLU,81.36,Bad Market,,84.7017,85.1047,84.0998,0.0165,-0.5951,-0.053,0.0544,0.0916,1.0049,3,0.5
2026-09-10,EW,Edwards Lifesciences Corporatio,医疗健康,医疗器械,IHI,86.77,Bad Market,,94.5277,95.1462,88.9954,0.0238,-1.7633,-0.0719,0.3131,0.0033,6.1508,3,0.4209
2026-09-10,EXC,Exelon Corporation,公用电力,电力,XLU,43.39,Bad Market,,46.2688,46.5141,45.4271,0.0188,-1.3588,-0.0874,0.149,0.1329,1.087,3,0.5
2026-09-10,EXE,Expand Energy Corporation,油气,油气勘探开发,XLE,96.87,Wait,,100.9487,101.6501,92.9662,0.0241,0.0191,-0.0695,0.0378,0.1306,8.6839,3,0.4143
2026-09-10,EXK,Endeavour Silver Corporation,矿业,银,SIL,10.52,Wait,,11.5899,11.7698,9.0715,0.057,-0.4428,-0.022,0.0346,0.1433,2.6983,4,0.2
2026-09-10,EXPE,"Expedia Group, Inc.",消费,在线旅游,XLY,276.88,Bad Market,,341.8988,345.8718,292.7784,0.0478,-3.0113,0.1201,0.2288,0.0834,53.0934,3.5,0.2091
2026-09-10,EXTR,"Extreme Networks, Inc.",科技硬件,网络,XLK,21.18,Wait,,24.6318,24.8981,30.6037,0.0419,-1.8073,-0.2087,0.281,0.2621,-5.7056,3.5,0.2386
2026-09-10,F,Ford Motor Company,消费,可选消费,XLY,13.88,Bad Market,,14.7588,14.9008,13.6228,0.0341,-0.3569,-0.0008,0.0205,0.0095,1.278,3.5,0.2932
2026-09-10,FANG,"Diamondback Energy, Inc.",油气,油气勘探开发,XLE,205.39,Wait,,213.0739,214.7739,191.1865,0.0276,0.3826,-0.0455,0.1278,0.1,23.5874,3.5,0.3624
2026-09-10,FAST,Fastenal Company,工业,工业分销,XLI,49.01,Bad Market,,52.8701,53.194,49.1411,0.022,-1.2453,-0.0423,0.2819,0.1039,4.0529,3,0.4539
2026-09-10,FCX,"Freeport-McMoRan, Inc.",矿业,铜,COPX,71.21,Wait,,80.6221,81.6222,68.2428,0.0468,-0.628,0.1271,0.0167,0.0741,13.3794,3.5,0.2136
2026-09-10,FDS,FactSet Research Systems Inc.,金融地产,资本市场,XLF,262.93,Wait,,316.1793,319.8184,271.0942,0.0461,-2.7565,0.0491,0.143,0.1163,48.7242,3.5,0.2168
2026-09-10,FDX,FedEx Corporation,工业,快递物流,IYT,311.8,Bad Market,,342.468,344.7605,316.4248,0.0245,-2.0227,-0.0587,0.1469,0.0245,28.3357,3,0.408
2026-09-10,FE,FirstEnergy Corp.,公用电力,电力,XLU,46.25,Bad Market,,47.8081,48.0409,47.5917,0.0168,-0.5257,-0.0835,0.0829,0.0559,0.4492,3,0.5
2026-09-10,FERG,Ferguson Enterprises Inc.,工业,工业分销,XLI,220.97,Bad Market,,265.9897,267.8435,242.1526,0.028,-2.1489,-0.0685,0.5386,0.0669,25.6909,3.5,0.3576
2026-09-10,FIVE,"Five Below, Inc.",消费,折扣零售,XLY,241.28,Bad Market,,265.1328,268.2759,226.0509,0.0434,-0.483,0.1711,0.0525,0.242,42.225,3.5,0.2303
2026-09-10,FIVN,"Five9, Inc.",软件,软件,IGV,30.25,Wait,,34.9059,35.4098,27.8519,0.0555,-1.5455,0.056,0.2188,0.2269,7.5578,4,0.2
2026-09-10,FLEX,Flex Ltd.,科技硬件,电子元件,XLK,108.01,Wait,,131.1066,132.7666,139.9371,0.0512,-1.0735,-0.1912,0.1744,0.1797,-7.1705,4,0.2
2026-09-10,FLNC,"Fluence Energy, Inc.",公用电力,电力,GRID,9.69,Bad Market,,13.3842,13.6304,17.9265,0.0847,-2.0667,-0.4471,0.3627,0.3424,-4.2961,4,0.2
2026-09-10,FLNG,FLEX LNG Ltd.,航运,海运,SEA,31.61,Wait,,32.7961,33.0341,29.7038,0.0251,0.3946,-0.031,0.1237,0.0273,3.3303,3.5,0.3985
2026-09-10,FLOC,Flowco Holdings Inc.,油气,油气设备服务,XLE,20.29,Wait,,23.9329,24.2091,20.5075,0.0454,-1.8529,-0.0459,0.1882,0.0677,3.7017,3.5,0.2204
2026-09-10,FLR,Fluor Corporation,工业,建筑,XLI,53.55,Bad Market,,58.0355,58.6666,50.1366,0.0393,-0.1649,-0.0256,0.0581,0.0026,8.53,3.5,0.2545
2026-09-10,FLS,Flowserve Corporation,工业,工业机械,XLI,72.83,Bad Market,,83.5283,84.2534,74.3401,0.0332,-2.6298,-0.1077,0.2911,0.093,9.9133,3.5,0.3013
2026-09-10,FN,Fabrinet,科技硬件,光通信,XLK,403.95,Wait,,603.8308,611.707,493.5645,0.065,-1.9649,-0.2694,0.3428,0.1768,118.1424,4,0.2
2026-09-10,FNV,Franco-Nevada Corporation,矿业,金,GDX,260.66,Wait,,274.3766,276.8356,243.0819,0.0314,0.4499,0.0008,0.1768,0.1934,33.7536,3.5,0.318
2026-09-10,FORM,"FormFactor, Inc.",半导体,半导体材料,SOXX,112.12,Bad Market,,139.6983,142.0059,129.1632,0.0686,-0.0644,-0.1487,0.0036,0.0917,12.8427,4,0.2
2026-09-10,FOXA,Fox Corporation,通讯服务,影视娱乐,XLC,65.18,Bad Market,,70.9818,71.5574,63.6151,0.0294,-1.1576,-0.0128,0.0685,0.2772,7.9423,3.5,0.3397
2026-09-10,FPS,"Forgent Power Solutions, Inc.",工业,电气设备,XLI,29.2,Bad Market,,40.0711,40.6877,51.8985,0.0704,-1.9605,-0.2786,0.413,0.3776,-11.2108,4,0.2
2026-09-10,FRO,Frontline Plc,航运,海运,SEA,48.4,Too High,,47.694,48.1528,41.8572,0.0316,3.0666,0.0061,0.5273,0.1111,6.2956,3.5,0.3165
2026-09-10,FROG,JFrog Ltd.,软件,软件,IGV,88.65,Wait,,105.175,106.8924,81.1308,0.0646,-0.6523,0.127,0.0083,0.0642,25.7616,4,0.2
2026-09-10,FRSH,Freshworks Inc.,软件,软件,IGV,11.87,Wait,,14.0387,14.1873,12.1863,0.0417,-2.1102,-0.0055,0.0168,0.1672,2.001,3.5,0.2396
2026-09-10,FSLR,"First Solar, Inc.",公用电力,太阳能,TAN,207.17,Bad Market,,242.9817,245.9581,215.3253,0.0479,-0.4496,-0.1325,0.3274,0.1528,30.6328,3.5,0.2088
2026-09-10,FSLY,"Fastly, Inc.",软件,软件,IGV,22.71,Wait,,30.3925,30.9512,22.5704,0.082,-0.7528,0.0178,0.2137,0.1207,8.3808,4,0.2
2026-09-10,FTI,TechnipFMC plc,油气,油气设备服务,XLE,75.58,Wait,,80.8358,81.558,71.6539,0.0319,-0.8322,0.0361,0.0661,0.1379,9.9042,3.5,0.3139
2026-09-10,FTNT,"Fortinet, Inc.",软件,网络安全,IGV,158.85,Wait,,174.3685,176.3911,149.1833,0.0424,0.0228,0.1241,0.063,0.056,27.2077,3.5,0.2356
2026-09-10,FUL,H. B. Fuller Company,基础材料,材料,XLB,51.65,Bad Market,,64.0965,64.6266,58.4156,0.0342,-3.2194,-0.0946,0.424,0.2003,6.211,3.5,0.2923
2026-09-10,GD,General Dynamics Corporation,航空国防,航空航天国防,ITA,354.25,Bad Market,,399.4597,401.5536,375.0315,0.0197,-3.4842,-0.0606,0.5614,0.0204,26.522,3,0.5
2026-09-10,GE,GE Aerospace,航空国防,航空航天国防,ITA,324.15,Bad Market,,378.3315,380.9364,350.8297,0.0268,-2.6686,-0.0878,0.3489,0.1098,30.1066,3.5,0.3733
2026-09-10,GEHC,GE HealthCare Technologies Inc.,医疗健康,医疗器械,IHI,64.24,Bad Market,,75.4624,75.9895,68.6706,0.0274,-4.3202,-0.0955,0.4828,0.0088,7.3189,3.5,0.3656
2026-09-10,GEL,"Genesis Energy, L.P.",油气,油气中游,AMLP,15.86,Wait,,16.7286,16.853,15.1187,0.0261,-0.5233,-0.0935,0.0859,0.1616,1.7343,3.5,0.3825
2026-09-10,GEN,Gen Digital Inc.,软件,网络安全,IGV,29.965,Wait,,31.6296,31.8992,28.1848,0.03,0.5625,0.0079,0.058,0.2565,3.7144,3.5,0.3335
2026-09-10,GENB,"Generate Biomedicines, Inc.",医疗健康,生物制药,XBI,15.39,Wait,,20.6363,21.0206,15.2548,0.0833,-0.6103,0.0828,0.0422,0.0014,5.7658,4,0.2
2026-09-10,GEV,GE Vernova Inc.,公用电力,电气设备,GRID,923.91,Bad Market,,1088.2391,1100.3478,1033.5924,0.0437,-1.0914,-0.1346,0.1511,0.0777,66.7554,3.5,0.2289
2026-09-10,GFI,Gold Fields Limited,矿业,金,GDX,45.68,Wait,,49.3268,49.8576,42.6768,0.0387,0.2786,-0.0507,0.1809,0.2242,7.1808,3.5,0.2582
2026-09-10,GFS,GlobalFoundries Inc.,半导体,半导体,SOXX,45.96,Bad Market,,55.0396,55.6858,78.5813,0.0469,-0.7094,-0.3308,0.1928,0.3858,-22.8956,3.5,0.2134
2026-09-10,GH,"Guardant Health, Inc.",医疗健康,诊断检测,XLV,159.03,Wait,,172.5191,174.9177,138.9383,0.0503,-0.5422,0.0934,0.1188,0.126,35.9794,4,0.2
2026-09-10,GILD,"Gilead Sciences, Inc.",医疗健康,制药,XLV,144.81,Wait,,152.6681,153.7425,140.4758,0.0247,-0.1984,-0.0166,0.285,0.1842,13.2667,3,0.4043
2026-09-10,GKOS,Glaukos Corporation,医疗健康,医疗器械,IHI,170.38,Bad Market,,191.2538,193.2807,165.9035,0.0397,-1.8497,0.0468,0.1655,0.2328,27.3772,3.5,0.2522
2026-09-10,GLNG,Golar LNG Limited,油气,油气中游,AMLP,52.69,Wait,,53.6569,54.0596,48.4318,0.0255,0.6373,-0.0387,0.1654,0.0498,5.6278,3.5,0.3925
2026-09-10,GLW,Corning Incorporated,科技硬件,电子元件,XLK,163.12,Wait,,174.9476,177.554,220.9377,0.0533,0.939,-0.2267,0.0503,0.074,-43.3837,4,0.2
2026-09-10,GM,General Motors Company,消费,汽车,XLY,86.12,Bad Market,,90.2112,90.9028,82.2308,0.0268,0.0529,-0.0249,0.0718,0.1107,8.6721,3.5,0.3735
2026-09-10,GMAB,Genmab A/S,医疗健康,生物制药,XBI,32.23,Wait,,34.7323,34.9752,31.5757,0.0251,-1.2704,-0.0055,0.1206,0.2527,3.3996,3.5,0.398
2026-09-10,GNK,Genco Shipping & Trading Limite,航运,海运,SEA,26.75,Wait,,27.9175,28.1862,24.5155,0.0335,0.3573,0.0456,0.1867,0.0765,3.6707,3.5,0.2987
2026-09-10,GOOGL,Alphabet Inc.,通讯服务,互联网媒体,XLC,332.6,Bad Market,,360.846,363.2408,353.7021,0.024,-1.177,-0.1586,0.3216,0.044,9.5386,3,0.4167
2026-09-10,GPN,Global Payments Inc.,金融地产,支付,XLF,88.55,Wait,,95.7155,96.588,84.6509,0.0328,-1.0999,-0.002,0.0723,0.2521,11.9371,3.5,0.3045
2026-09-10,GRDN,"Guardian Pharmacy Services, Inc",医疗健康,药房,XLV,43.83,Enter,0.0034,43.8283,44.3331,37.9411,0.0384,3.0567,-0.0127,0.1815,0.1037,6.392,3.5,0.2605
2026-09-10,GRMN,Garmin Ltd.,消费,可选消费,XLY,272.2,Bad Market,,315.882,317.8424,293.556,0.024,-2.7379,-0.0795,0.7322,0.1669,24.2864,3,0.4165
2026-09-10,GS,"Goldman Sachs Group, Inc. (The)",金融地产,投行,XLF,1019.77,Wait,,1069.0777,1076.5417,1077.4302,0.0244,-0.53,-0.1309,0.0595,0.0799,-0.8885,3,0.4099
2026-09-10,GSAT,"Globalstar, Inc.",航空国防,卫星通信,ITA,81.97,Bad Market,,84.1985,84.4256,81.9091,0.0092,-0.2596,-0.4384,0.2709,0.0934,2.5165,3,0.5
2026-09-10,GSK,GSK plc,医疗健康,制药,XLV,48.12,Wait,,53.3612,53.6756,50.5656,0.0218,-2.4902,-0.0545,0.2606,0.1035,3.11,3,0.4591
2026-09-10,GTLB,GitLab Inc.,软件,软件,IGV,47.3,Wait,,50.3212,51.058,40.0062,0.0519,1.269,0.1974,0.2298,0.3257,11.0518,4,0.2
2026-09-10,HAE,Haemonetics Corporation,医疗健康,医疗器械,IHI,101.06,Bad Market,,109.8106,110.6752,98.7133,0.0285,-0.4105,0.0083,0.4013,0.3736,11.9619,3.5,0.3507
2026-09-10,HAFN,Hafnia Limited,航运,海运,SEA,9.36,Enter,0.5315,9.3136,9.4009,8.2015,0.0311,3.7338,0.1288,0.4807,0.2086,1.1994,3.5,0.3217
2026-09-10,HAL,Halliburton Company,油气,油气设备服务,XLE,36.07,Wait,,37.9907,38.3208,33.7788,0.0305,0.5135,-0.0077,0.2,0.0306,4.542,3.5,0.3278
2026-09-10,HALO,"Halozyme Therapeutics, Inc.",医疗健康,生物制药,XBI,107.0,Wait,,111.83,112.6707,100.9513,0.0262,0.2011,0.0557,0.1424,0.4315,11.7194,3.5,0.3818
2026-09-10,HBM,Hudbay Minerals Inc.,矿业,铜,COPX,26.65,Wait,,31.0826,31.5215,24.9379,0.0549,-1.1459,0.0444,0.0681,0.0297,6.5836,4,0.2
2026-09-10,HCC,"Warrior Met Coal, Inc.",矿业,焦煤,XME,101.65,Wait,,109.5465,110.8369,93.4752,0.0423,-0.4754,0.0261,0.1363,0.1549,17.3617,3.5,0.2363
2026-09-10,HD,"Home Depot, Inc. (The)",消费,家居零售,XLY,305.69,Bad Market,,357.5369,359.6542,336.7271,0.0231,-3.5302,-0.1284,0.5498,0.0732,22.9271,3,0.4331
2026-09-10,HEI,Heico Corporation,航空国防,航空航天国防,ITA,312.49,Bad Market,,377.7949,380.5223,342.8504,0.0291,-3.6302,-0.055,0.5663,0.0907,37.6719,3.5,0.3437
2026-09-10,HESM,Hess Midstream LP,油气,油气中游,AMLP,40.2,Wait,,41.372,41.6313,38.3767,0.0215,0.3789,0.0332,0.0493,0.1037,3.2546,3,0.465
2026-09-10,HHH,Howard Hughes Holdings Inc.,金融地产,房地产,XLRE,61.63,Bad Market,,68.8163,69.2585,70.3384,0.0239,-2.6274,-0.1038,0.2325,0.1147,-1.0799,3,0.4181
2026-09-10,HIMX,"Himax Technologies, Inc.",半导体,半导体,SOXX,13.78,Bad Market,,15.5478,15.7408,14.5289,0.0467,-0.398,-0.3167,0.152,0.1158,1.2119,3.5,0.2142
2026-09-10,HLN,Haleon plc,消费,消费必需品,XLP,9.22,Bad Market,,10.2722,10.3281,9.7212,0.0202,-3.369,0.0027,0.3333,0.0454,0.6068,3,0.495
2026-09-10,HNGE,"Hinge Health, Inc.",医疗健康,医疗科技,XLV,88.26,Wait,,93.744,95.085,74.9701,0.0506,-0.3104,0.1549,0.0799,0.1649,20.1149,4,0.2
2026-09-10,HOOD,"Robinhood Markets, Inc.",金融地产,券商,XLF,113.33,Wait,,126.0229,127.9771,98.663,0.0575,1.2047,0.073,0.209,0.0497,29.3142,4,0.2
2026-09-10,HP,"Helmerich & Payne, Inc.",油气,油气设备服务,XLE,44.56,Wait,,48.0856,48.6108,41.513,0.0393,0.4276,0.1176,0.1505,0.1864,7.0978,3.5,0.2545
2026-09-10,HPE,Hewlett Packard Enterprise Comp,科技硬件,IT,XLK,55.22,Wait,,60.4686,61.4415,46.8478,0.0587,0.157,0.2056,0.0142,0.0723,14.5938,4,0.2
2026-09-10,HPQ,HP Inc.,科技硬件,硬件,XLK,32.73,Wait,,32.9673,33.4042,27.5427,0.0445,1.5518,0.1886,0.1697,0.247,5.8615,3.5,0.2247
2026-09-10,HRB,"H&R Block, Inc.",消费,消费服务,XLY,44.88,Bad Market,,54.6288,55.1818,47.7283,0.0411,-3.6111,0.0743,0.0401,0.1673,7.4535,3.5,0.2435
2026-09-10,HSBC,"HSBC Holdings, plc.",金融地产,银行,XLF,103.7,Wait,,107.8518,108.2968,103.4094,0.0143,-0.2912,-0.1671,0.0253,0.1408,4.8874,3,0.5
2026-09-10,HSIC,"Henry Schein, Inc.",医疗健康,医药分销,XLV,87.3,Wait,,91.731,92.2536,85.634,0.02,-1.2968,-0.0933,0.051,0.1535,6.6196,3,0.5
2026-09-10,HTFL,"Heartflow, Inc.",医疗健康,医疗科技,XLV,45.49,Wait,,50.9125,51.6362,40.7805,0.053,-0.2313,0.1036,0.5183,0.1724,10.8556,4,0.2
2026-09-10,HUM,Humana Inc.,医疗健康,健康保险,XLV,400.73,Wait,,410.5273,414.8866,358.5612,0.0363,0.7295,0.1019,0.1377,0.1191,56.3255,3.5,0.2758
2026-09-10,HUN,Huntsman Corporation,基础材料,化工,XLB,9.53,Bad Market,,10.5353,10.657,11.8,0.0426,-0.7148,-0.2709,0.2365,0.1239,-1.143,3.5,0.2349
2026-09-10,HUT,Hut 8 Corp.,数据中心,数据中心,DTCR,90.6,Bad Market,,101.088,103.485,91.0599,0.0882,0.6375,-0.081,0.0542,0.1057,12.4251,4,0.2
2026-09-10,HWKN,"Hawkins, Inc.",基础材料,化工,XLB,122.63,Bad Market,,132.7963,134.1704,149.4785,0.0374,-0.3212,-0.16,0.1998,0.3104,-15.3081,3.5,0.2677
2026-09-10,HWM,Howmet Aerospace Inc.,航空国防,航空航天国防,ITA,227.91,Bad Market,,294.9291,297.996,256.8697,0.0449,-3.7752,0.1221,0.4368,0.1953,41.1263,3.5,0.2229
2026-09-10,IAG,Iamgold Corporation,矿业,金,GDX,20.09,Wait,,22.3709,22.6355,19.0834,0.0439,-0.0323,-0.0229,0.1271,0.1435,3.5521,3.5,0.2278
2026-09-10,IBKR,"Interactive Brokers Group, Inc.",金融地产,券商,XLF,89.42,Wait,,99.0842,99.9973,87.5377,0.034,-1.1526,-0.0486,0.0312,0.0501,12.4596,3.5,0.2938
2026-09-10,IBM,International Business Machines,科技硬件,IT,XLK,234.02,Wait,,242.2802,244.3942,281.4666,0.0301,-0.0225,-0.2271,0.03,0.1024,-37.0724,3.5,0.3321
2026-09-10,ICE,Intercontinental Exchange Inc.,金融地产,资本市场,XLF,155.81,Wait,,166.1481,167.1782,154.2888,0.022,-0.8913,-0.0693,0.1408,0.2199,12.8894,3,0.4538
2026-09-10,IFF,International Flavors & Fragran,基础材料,化工,XLB,84.05,Bad Market,,88.7905,89.3741,82.2341,0.0231,-0.5552,-0.1362,0.0561,0.1355,7.14,3,0.4321
2026-09-10,ILMN,"Illumina, Inc.",医疗健康,生命科学工具,XLV,201.27,Wait,,229.7027,232.2928,197.4723,0.0429,-1.0215,0.1457,0.0899,0.1472,34.8205,3.5,0.2331
2026-09-10,IMAX,Imax Corporation,通讯服务,影视娱乐,XLC,51.35,Bad Market,,55.3035,55.8491,48.4245,0.0354,-0.5001,0.0354,0.0067,0.1137,7.4246,3.5,0.2823
2026-09-10,IMNM,"Immunome, Inc.",医疗健康,生物制药,XBI,24.97,Wait,,30.0747,30.4489,25.4593,0.05,-2.1981,0.0087,0.0433,0.1678,4.9896,3.5,0.2002
2026-09-10,IMOS,ChipMOS TECHNOLOGIES INC.,半导体,半导体,SOXX,55.99,Bad Market,,59.8399,60.6187,66.704,0.0464,-0.0377,-0.205,0.0855,0.0682,-6.0853,3.5,0.2157
2026-09-10,INCY,Incyte Corporation,医疗健康,生物制药,XBI,123.28,Wait,,130.9528,132.0125,117.5669,0.0287,-0.6578,0.0054,0.0503,0.1842,14.4456,3.5,0.349
2026-09-10,INFQ,"Infleqtion, Inc.",科技硬件,量子计算,QTUM,12.96,Bad Market,,14.5059,14.7847,12.2424,0.0717,-0.1108,-0.1894,0.1107,0.0978,2.5423,4,0.2
2026-09-10,INGM,Ingram Micro Holding Corporatio,科技硬件,IT,XLK,26.37,Wait,,29.5537,29.8639,26.7807,0.0392,-1.6725,0.011,0.1315,0.0686,3.0833,3.5,0.255
2026-09-10,INSW,"International Seaways, Inc.",航运,海运,SEA,102.14,Wait,,105.6414,106.6976,92.2982,0.0345,0.8095,0.027,0.333,0.1167,14.3993,3.5,0.2901
2026-09-10,INTC,Intel Corporation,半导体,半导体,SOXX,100.32,Bad Market,,107.3373,108.9833,117.6836,0.0547,1.0203,-0.1573,0.0487,0.1601,-8.7003,4,0.2
2026-09-10,IONQ,"IonQ, Inc.",科技硬件,量子计算,QTUM,36.84,Bad Market,,47.3703,48.1656,47.2449,0.072,-1.8299,-0.2162,0.1667,0.2166,0.9207,4,0.2
2026-09-10,IPGP,IPG Photonics Corporation,科技硬件,光电,XLK,78.33,Wait,,88.893,90.0825,101.46,0.0506,0.0424,-0.3047,0.1527,0.1757,-11.3775,4,0.2
2026-09-10,IRDM,Iridium Communications Inc,航空国防,卫星通信,ITA,47.03,Bad Market,,50.6703,51.0308,51.5144,0.0255,-0.8231,-0.349,0.2503,0.0567,-0.4836,3.5,0.3914
2026-09-10,IREN,IREN LIMITED,数据中心,数据中心,DTCR,43.64,Bad Market,,47.6056,48.6191,41.2074,0.0774,0.5379,-0.1597,0.1202,0.0914,7.4117,4,0.2
2026-09-10,ITT,ITT Inc.,工业,工业机械,XLI,196.23,Bad Market,,221.7723,223.4979,199.6778,0.0293,-2.0056,-0.0404,0.2482,0.0103,23.8202,3.5,0.3411
2026-09-10,JBL,Jabil Inc.,科技硬件,电子元件,XLK,302.8,Wait,,373.388,376.9551,343.8633,0.0393,-1.6269,-0.1651,0.2069,0.1549,33.0918,3.5,0.2547
2026-09-10,JCI,Johnson Controls International ,工业,暖通楼宇,XLI,142.81,Bad Market,,156.1881,157.2105,144.5355,0.0239,-0.6245,-0.1615,0.1868,0.014,12.675,3,0.419
2026-09-10,JEF,Jefferies Financial Group Inc.,金融地产,投行,XLF,53.93,Wait,,56.3993,56.8929,54.7617,0.0305,0.1617,-0.1238,0.0921,0.1173,2.1311,3.5,0.3278
2026-09-10,JHX,James Hardie Industries plc.,工业,建筑,XLI,28.19,Bad Market,,31.3619,31.6472,27.7518,0.0337,-1.8556,0.009,0.204,0.1307,3.8954,3.5,0.2965
2026-09-10,JNJ,Johnson & Johnson,医疗健康,制药,XLV,266.35,Wait,,281.0935,282.7606,261.7592,0.0209,-0.4759,0.0382,0.0674,0.1482,21.0014,3,0.4793
2026-09-10,JPM,JP Morgan Chase & Co.,金融地产,银行,XLF,353.56,Wait,,368.115,369.8761,347.5697,0.0166,-0.699,-0.0911,0.1127,0.1164,22.3063,3,0.5
2026-09-10,KALU,Kaiser Aluminum Corporation,基础材料,铝加工,XLB,158.42,Bad Market,,194.9742,197.3249,168.2051,0.0495,-0.7297,-0.02,0.3143,0.0759,29.1198,3.5,0.2022
2026-09-10,KEYS,Keysight Technologies Inc.,科技硬件,科技仪器,XLK,325.65,Wait,,364.4065,367.5648,324.3029,0.0323,-0.3973,-0.1274,0.0771,0.07,43.2619,3.5,0.3093
2026-09-10,KGS,"Kodiak Gas Services, Inc.",油气,油气中游,AMLP,62.5,Wait,,66.745,67.5482,66.8991,0.0428,0.3823,-0.0008,0.0358,0.1031,0.6492,3.5,0.2334
2026-09-10,KHC,The Kraft Heinz Company,消费,消费必需品,XLP,24.39,Bad Market,,26.5039,26.7086,25.2322,0.028,-1.3346,-0.0011,0.0705,0.0811,1.4763,3.5,0.3575
2026-09-10,KKR,KKR & Co. Inc.,金融地产,私募股权,XLF,100.87,Wait,,116.3087,117.3782,102.8222,0.0353,-2.1887,-0.0395,0.0613,0.0684,14.556,3.5,0.2829
2026-09-10,KLAC,KLA Corporation,半导体,半导体,SOXX,177.18,Bad Market,,211.1892,213.918,265.326,0.0513,-1.0581,-0.183,0.1662,0.1588,-51.408,4,0.2
2026-09-10,KLIC,"Kulicke and Soffa Industries, I",半导体,半导体,SOXX,82.97,Bad Market,,102.6395,103.9438,116.4193,0.0524,-0.7429,-0.2324,0.0709,0.2247,-12.4755,4,0.2
2026-09-10,KMI,"Kinder Morgan, Inc.",油气,油气中游,AMLP,30.95,Wait,,33.1795,33.4134,30.4608,0.0252,-1.1067,0.0612,0.0481,0.0802,2.9526,3.5,0.3969
2026-09-10,KMX,CarMax Inc,消费,汽车零售,XLY,60.52,Bad Market,,64.8252,65.3825,57.7181,0.0307,-0.3364,-0.0765,0.0841,0.168,7.6645,3.5,0.3258
2026-09-10,KNOP,KNOT Offshore Partners LP,航运,海运,SEA,11.32,Wait,,11.6532,11.7691,10.1874,0.0341,1.2252,0.1117,0.2605,0.1348,1.5817,3.5,0.2929
2026-09-10,KNSA,Kiniksa Pharmaceuticals Interna,医疗健康,制药,XLV,76.48,Wait,,81.5648,82.3646,71.5885,0.0349,-0.9007,0.0215,0.002,0.1832,10.7761,3.5,0.2869
2026-09-10,KNTK,Kinetik Holdings Inc.,油气,油气中游,AMLP,54.2,Wait,,55.642,56.1088,49.6534,0.0287,0.0655,0.0201,0.2502,0.1447,6.4554,3.5,0.3483
2026-09-10,KO,Coca-Cola Company (The),消费,消费必需品,XLP,87.83,Bad Market,,92.6824,93.0978,87.8357,0.0158,-0.8348,-0.0749,0.062,0.1552,5.2622,3,0.5
2026-09-10,KOD,Kodiak Sciences Inc,医疗健康,生物技术,XBI,32.87,Wait,,43.8571,44.5279,36.4572,0.068,-2.5169,-0.1496,0.496,0.0643,8.0707,4,0.2
2026-09-10,LAES,SEALSQ Corp,半导体,半导体,SOXX,2.38,Bad Market,,3.0352,3.073,2.8362,0.0529,-1.4648,-0.3753,0.1023,0.2341,0.2368,4,0.2
2026-09-10,LBRT,Liberty Energy Inc.,油气,油气设备服务,XLE,20.76,Wait,,22.4534,22.7734,22.9827,0.0514,0.4785,-0.1481,0.0319,0.1647,-0.2093,4,0.2
2026-09-10,LFST,"LifeStance Health Group, Inc.",医疗健康,医疗服务,XLV,13.0,Wait,,13.02,13.1612,11.2431,0.0362,1.0881,0.1367,0.2402,0.2703,1.9181,3.5,0.2763
2026-09-10,LH,Labcorp Holdings Inc.,医疗健康,诊断检测,XLV,306.96,Wait,,342.4096,344.8098,311.3374,0.0261,-2.8171,0.0756,0.1961,0.2369,33.4725,3.5,0.3837
2026-09-10,LHX,"L3Harris Technologies, Inc.",航空国防,航空航天国防,ITA,248.37,Bad Market,,294.3037,296.2459,282.5412,0.0261,-3.1236,-0.1496,0.5774,0.2164,13.7046,3.5,0.3836
2026-09-10,LIN,Linde plc,基础材料,化工气体,XLB,461.62,Bad Market,,496.6181,499.113,521.6914,0.018,-2.4771,-0.1274,0.3528,0.1822,-22.5784,3,0.5
2026-09-10,LITE,Lumentum Holdings Inc.,科技硬件,光通信,XLK,935.7,Wait,,1002.6552,1023.168,715.476,0.0731,0.514,-0.0463,0.1255,0.0461,307.6919,4,0.2
2026-09-10,LLY,Eli Lilly and Company,医疗健康,制药,XLV,1123.0,Wait,,1291.57,1301.4262,1165.3507,0.0293,-2.1201,-0.0703,0.312,0.015,136.0754,3.5,0.3418
2026-09-10,LMT,Lockheed Martin Corporation,航空国防,航空航天国防,ITA,530.12,Bad Market,,613.9812,618.0984,560.6461,0.0259,-2.5804,-0.0433,0.3748,0.0561,57.4522,3.5,0.3863
2026-09-10,LNG,"Cheniere Energy, Inc.",油气,油气中游,XLE,277.84,Wait,,298.6384,301.0128,268.1586,0.0285,-0.2805,0.0242,0.1495,0.1852,32.8542,3.5,0.351
2026-09-10,LNT,Alliant Energy Corporation,公用电力,天然气/电力,XLU,67.25,Bad Market,,71.1934,71.5495,74.4693,0.0176,-1.3413,-0.0645,0.0937,0.1953,-2.9198,3,0.5
2026-09-10,LOGI,Logitech International S.A. - R,科技硬件,硬件,XLK,99.77,Wait,,105.8677,106.7084,101.8516,0.0281,0.0774,-0.0986,0.152,0.0444,4.8569,3.5,0.356
2026-09-10,LPG,Dorian LPG Ltd.,航运,海运,SEA,54.41,Wait,,55.7441,56.305,48.6559,0.0344,2.2704,0.0495,0.4317,0.2292,7.6492,3.5,0.291
2026-09-10,LQDA,Liquidia Corporation,医疗健康,生物制药,XBI,67.85,Wait,,91.7345,92.7912,76.9407,0.0519,-0.9079,-0.0939,0.4519,0.0492,15.8504,4,0.2
2026-09-10,LRCX,Lam Research Corporation,半导体,半导体设备,SOXX,298.01,Bad Market,,347.0303,351.8157,369.5242,0.0535,-0.9827,-0.1385,0.044,0.1056,-17.7085,4,0.2
2026-09-10,LSCC,Lattice Semiconductor Corporati,半导体,半导体,SOXX,114.14,Bad Market,,133.8114,135.4476,133.8712,0.0478,-0.9443,-0.2018,0.2538,0.1464,1.5764,3.5,0.2093
2026-09-10,LTH,"Life Time Group Holdings, Inc.",消费,消费服务,XLY,41.48,Bad Market,,46.1448,46.5113,41.4542,0.0295,-2.0395,-0.0311,0.0747,0.102,5.0571,3.5,0.3395
2026-09-10,LUMN,"Lumen Technologies, Inc.",通讯服务,电信,XLC,6.81,Bad Market,,6.9812,7.0881,6.8955,0.0523,1.3479,-0.1668,0.0458,0.0973,0.1925,4,0.2
2026-09-10,LUNR,"Intuitive Machines, Inc.",航空国防,航空航天国防,ITA,14.62,Bad Market,,20.6047,20.9417,16.8966,0.0768,-1.8503,-0.3857,0.0858,0.1698,4.0451,4,0.2
2026-09-10,LWLG,"Lightwave Logic, Inc.",科技硬件,电光聚合物材料,XLK,5.16,Wait,,8.1009,8.2372,7.6427,0.088,-1.9975,-0.4133,0.443,0.1973,0.5944,4,0.2
2026-09-10,LYB,LyondellBasell Industries NV,基础材料,化工,XLB,64.3,Bad Market,,68.743,69.3941,60.5034,0.0338,-0.1384,-0.0763,0.073,0.1122,8.8907,3.5,0.2963
2026-09-10,MA,Mastercard Incorporated,金融地产,支付,XLF,565.37,Wait,,604.5584,607.3775,571.6693,0.0166,-1.5964,-0.1301,0.0192,0.2304,35.7082,3,0.5
2026-09-10,MANE,"Veradermics, Incorporated",医疗健康,生物制药,XBI,98.14,Wait,,113.8633,115.5932,106.6748,0.0588,-0.9222,-0.1597,0.2521,0.0257,8.9184,4,0.2
2026-09-10,MANH,"Manhattan Associates, Inc.",软件,软件,IGV,205.02,Wait,,225.8102,228.1027,197.0142,0.0373,-0.7372,0.0044,0.1211,0.3168,31.0885,3.5,0.2683
2026-09-10,MARA,"MARA Holdings, Inc.",数据中心,数据中心,DTCR,11.43,Bad Market,,12.0981,12.3651,11.1388,0.0779,0.8374,-0.0913,0.1736,0.1107,1.2263,4,0.2
2026-09-10,MCD,McDonald's Corporation,消费,餐饮,XLY,253.05,Bad Market,,277.9146,279.2434,268.9224,0.0175,-2.7394,-0.1374,0.414,0.1158,10.321,3,0.5
2026-09-10,MCHP,Microchip Technology Incorporat,半导体,半导体,SOXX,71.58,Bad Market,,82.1058,82.9466,84.3102,0.0392,-1.3128,-0.2382,0.3769,0.1838,-1.3635,3.5,0.2554
2026-09-10,MDA,MDA Space Ltd.,航空国防,航空航天国防,ITA,28.88,Bad Market,,35.9236,36.364,36.2377,0.0508,-1.4543,-0.2307,0.2819,0.1663,0.1263,4,0.2
2026-09-10,MDB,"MongoDB, Inc.",软件,软件,IGV,373.87,Wait,,476.7199,483.3647,383.6922,0.0592,-2.0081,0.0597,0.1242,0.076,99.6725,4,0.2
2026-09-10,MDLN,Medline Inc.,医疗健康,医疗用品,XLV,32.39,Wait,,36.9139,37.3568,38.0224,0.0456,-1.7603,-0.1077,0.0892,0.0531,-0.6656,3.5,0.2194
2026-09-10,MDT,Medtronic plc.,医疗健康,医疗器械,IHI,91.62,Bad Market,,95.0862,95.7596,87.4359,0.0245,-0.1417,0.0618,0.0989,0.1831,8.3238,3,0.4082
2026-09-10,MEOH,Methanex Corporation,基础材料,甲醇,XLB,62.72,Bad Market,,62.8972,63.5308,54.8782,0.0337,2.1421,-0.0632,0.3197,0.1667,8.6526,3.5,0.297
2026-09-10,MET,"MetLife, Inc.",金融地产,保险,XLF,96.78,Wait,,100.1408,100.6873,94.4851,0.0188,0.3316,-0.0109,0.0114,0.1509,6.2022,3,0.5
2026-09-10,META,"Meta Platforms, Inc.",通讯服务,互联网媒体,XLC,644.38,Bad Market,,660.1338,666.5789,606.1175,0.0333,2.9717,0.0147,0.2064,0.1157,60.4614,3.5,0.2999
2026-09-10,MFC,Manulife Financial Corporation,金融地产,保险,XLF,43.48,Wait,,44.9818,45.2169,42.419,0.018,0.1633,0.0448,0.0703,0.1584,2.798,3,0.5
2026-09-10,MGA,"Magna International, Inc.",消费,汽车零部件,XLY,65.14,Bad Market,,73.7014,74.2935,66.142,0.0303,-1.4592,0.0107,0.181,0.0101,8.1515,3.5,0.33
2026-09-10,MGNI,"Magnite, Inc.",软件,广告技术,IGV,23.55,Wait,,25.1155,25.4048,21.5047,0.041,-0.3769,0.0735,0.0813,0.202,3.9001,3.5,0.2442
2026-09-10,MGY,Magnolia Oil & Gas Corporation,油气,油气勘探开发,XLE,27.7,Wait,,28.497,28.7429,25.3513,0.0296,0.8473,-0.0487,0.188,0.0321,3.3915,3.5,0.338
2026-09-10,MHK,"Mohawk Industries, Inc.",消费,家居用品,XLY,124.24,Bad Market,,141.3424,142.56,125.8952,0.0327,-2.0897,-0.034,0.2382,0.1093,16.6648,3.5,0.3061
2026-09-10,MKSI,MKS Inc.,半导体,半导体设备,SOXX,261.84,Bad Market,,323.5316,327.719,388.9679,0.0533,-1.0253,-0.221,0.2149,0.1923,-61.2489,4,0.2
2026-09-10,MLI,"Mueller Industries, Inc.",工业,工业金属,XLI,60.16,Bad Market,,69.5016,70.0638,62.9007,0.0312,-1.9249,-0.0232,0.3615,0.131,7.1631,3.5,0.321
2026-09-10,MMM,3M Company,工业,工业制造,XLI,162.86,Bad Market,,185.4086,186.4259,173.6068,0.0208,-3.8616,-0.1138,0.6744,0.0099,12.8192,3,0.4803
2026-09-10,MNR,Mach Natural Resources LP,油气,油气勘探开发,XLE,12.57,Wait,,13.3057,13.3836,12.8612,0.0207,-0.364,-0.171,0.3333,0.0017,0.5224,3,0.4842
2026-09-10,MNST,Monster Beverage Corporation,消费,消费必需品,XLP,43.09,Bad Market,,49.3509,49.6642,46.8366,0.0242,-2.9455,0.0043,0.2047,0.1145,2.8276,3,0.4126
2026-09-10,MOG.A,Moog Inc.,航空国防,航空航天国防,ITA,366.72,Bad Market,,449.0472,452.9497,399.851,0.0355,-1.947,-0.0711,0.2677,0.0848,53.0986,3.5,0.2819
2026-09-10,MOS,Mosaic Company (The),基础材料,化肥,MOO,25.4,Wait,,26.784,27.1084,22.7459,0.0426,1.4383,0.0484,0.1665,0.1607,4.3625,3.5,0.2349
2026-09-10,MPC,Marathon Petroleum Corporation,油气,炼油,XLE,392.42,Wait,,403.3642,406.6526,361.0757,0.0279,2.0759,0.1202,0.6045,0.4792,45.5768,3.5,0.358
2026-09-10,MPLX,MPLX LP,油气,油气中游,AMLP,59.63,Wait,,60.6936,60.9718,57.7284,0.0155,0.4853,-0.0868,0.1119,0.0691,3.2434,3,0.5
2026-09-10,MRCY,Mercury Systems Inc,航空国防,航空航天国防,ITA,80.43,Bad Market,,114.2898,115.6845,107.6137,0.0578,-2.7887,-0.1219,0.5306,0.166,8.0708,4,0.2
2026-09-10,MRNA,"Moderna, Inc.",医疗健康,生物制药,XBI,136.62,Wait,,176.8763,180.6207,124.4543,0.0914,0.8717,0.5381,0.3023,0.2262,56.1664,4,0.2
2026-09-10,MRVL,"Marvell Technology, Inc.",半导体,半导体,SOXX,226.96,Bad Market,,254.0061,258.5002,237.9683,0.066,0.027,-0.0849,0.0957,0.0949,20.5319,4,0.2
2026-09-10,MRX,Marex Group Limited,金融地产,资本市场,XLF,74.09,Wait,,79.0109,80.0058,66.6624,0.0448,0.4568,0.1133,0.3444,0.0796,13.3434,3.5,0.2234
2026-09-10,MS,Morgan Stanley,金融地产,投行,XLF,212.66,Wait,,220.5066,221.9445,214.1714,0.0225,-0.5114,-0.103,0.0596,0.0846,7.773,3,0.4437
2026-09-10,MSFT,Microsoft Corporation,软件,软件,IGV,492.44,Wait,,518.4544,521.7486,480.5887,0.0223,-0.1872,-0.0757,0.1104,0.2894,41.1599,3,0.4485
2026-09-10,MSGE,Madison Square Garden Entertain,通讯服务,影视娱乐,XLC,75.75,Bad Market,,89.1775,89.8297,80.8114,0.0287,-2.0309,-0.0628,0.0763,0.0112,9.0183,3.5,0.3485
2026-09-10,MSGS,Madison Square Garden Sports Co,通讯服务,体育娱乐,XLC,392.11,Bad Market,,418.0411,420.9594,384.9367,0.0248,-0.6252,-0.0767,0.0022,0.0809,36.0228,3,0.4031
2026-09-10,MT,Arcelor Mittal NY Registry Shar,基础材料,钢铁,XLB,75.06,Bad Market,,79.4906,80.1071,71.5477,0.0274,0.3501,-0.034,0.0472,0.1817,8.5594,3.5,0.3653
2026-09-10,MTCH,"Match Group, Inc.",通讯服务,互联网媒体,XLC,41.82,Bad Market,,42.8582,43.22,38.2189,0.0288,1.1239,0.0383,0.3813,0.1715,5.0011,3.5,0.3468
2026-09-10,MTDR,Matador Resources Company,油气,油气勘探开发,XLE,61.62,Enter,0.6105,61.2962,61.8266,54.4924,0.0287,2.5191,-0.0823,0.4788,0.2083,7.3342,3.5,0.3485
2026-09-10,MTRN,Materion Corporation,工业,工业金属,XLI,251.67,Bad Market,,290.3555,294.2038,246.08,0.051,0.1514,0.0116,0.2301,0.0287,48.1238,4,0.2
2026-09-10,MTZ,"MasTec, Inc.",工业,建筑,XLI,232.2,Bad Market,,305.2111,309.3077,374.4684,0.0588,-1.9255,-0.1725,0.2562,0.2585,-65.1607,4,0.2
2026-09-10,MU,"Micron Technology, Inc.",半导体,半导体,SOXX,977.41,Bad Market,,1038.5268,1054.662,998.424,0.055,0.3566,-0.1174,0.1978,0.0356,56.238,4,0.2
2026-09-10,MUFG,"Mitsubishi UFJ Financial Group,",金融地产,银行,XLF,23.29,Wait,,24.3598,24.4977,22.7513,0.0197,1.0923,0.0262,0.1542,0.1757,1.7464,3,0.5
2026-09-10,MWH,"SOLV Energy, Inc.",公用电力,太阳能,TAN,24.5,Bad Market,,33.0324,33.4859,30.7928,0.0617,-2.2519,-0.1867,0.259,0.1482,2.6931,4,0.2
2026-09-10,MXL,"MaxLinear, Inc",半导体,半导体,SOXX,69.34,Bad Market,,85.9803,87.6906,105.2248,0.0822,0.3524,-0.2148,0.0126,0.0669,-17.5341,4,0.2
2026-09-10,NAT,Nordic American Tankers Limited,航运,海运,SEA,7.21,Wait,,7.3421,7.4207,6.3532,0.0363,1.1816,0.0282,0.3647,0.1064,1.0675,3.5,0.2753
2026-09-10,NBIS,Nebius Group N.V.,数据中心,数据中心,DTCR,228.11,Bad Market,,281.3258,286.7945,204.7637,0.0799,-0.0434,-0.0871,0.1621,0.063,82.0309,4,0.2
2026-09-10,NBIX,"Neurocrine Biosciences, Inc.",医疗健康,生物科技,XBI,156.57,Wait,,166.4857,167.8767,169.2718,0.0296,0.386,-0.0171,0.2205,0.0354,-1.3951,3.5,0.3377
2026-09-10,NDAQ,"Nasdaq, Inc.",金融地产,资本市场,XLF,92.01,Wait,,100.3901,101.0272,93.099,0.0231,-2.5416,-0.0613,0.1707,0.1388,7.9282,3,0.4333
2026-09-10,NDSN,Nordson Corporation,工业,工业机械,XLI,307.45,Bad Market,,337.7745,339.7807,314.6379,0.0218,-1.8597,0.015,0.0149,0.0871,25.1428,3,0.4597
2026-09-10,NE,Noble Corporation plc A,油气,油气设备服务,XLE,45.74,Wait,,48.5374,48.9967,42.7216,0.0335,-0.0588,-0.0243,0.1526,0.0807,6.2751,3.5,0.2988
2026-09-10,NEE,"NextEra Energy, Inc.",公用电力,电力,XLU,82.44,Bad Market,,86.892,87.2952,85.7581,0.0163,-1.3542,-0.1723,0.1935,0.1128,1.537,3,0.5
2026-09-10,NEM,Newmont Corporation,矿业,金,GDX,126.14,Wait,,136.4014,137.7336,119.5976,0.0352,0.0606,0.0172,0.1405,0.2085,18.136,3.5,0.2841
2026-09-10,NESR,National Energy Services Reunit,油气,油气设备服务,XLE,33.82,Wait,,36.6482,37.0927,31.1238,0.0438,-0.4625,0.0222,0.1524,0.1951,5.9689,3.5,0.2282
2026-09-10,NET,"Cloudflare, Inc.",软件,网络安全,IGV,311.17,Wait,,334.1642,339.1656,264.1455,0.0536,0.9504,0.1183,0.0024,0.1925,75.0201,4,0.2
2026-09-10,NFLX,"Netflix, Inc.",通讯服务,流媒体娱乐,XLC,76.01,Bad Market,,83.4901,84.1538,74.9871,0.0291,-1.5306,-0.0843,0.0095,0.0457,9.1667,3.5,0.3436
2026-09-10,NGL,NGL ENERGY PARTNERS LP,油气,油气中游,AMLP,17.67,Wait,,19.1467,19.3902,16.1292,0.0459,0.0622,0.0322,0.0556,0.057,3.261,3.5,0.2177
2026-09-10,NHC,National HealthCare Corporation,医疗健康,医疗服务,XLV,224.92,Wait,,238.9992,241.217,210.8754,0.0329,0.0154,0.0208,0.0536,0.1254,30.3416,3.5,0.3042
2026-09-10,NI,NiSource Inc,公用电力,天然气/电力,XLU,41.42,Bad Market,,42.8764,43.1022,46.8219,0.0182,-0.0226,-0.109,0.0559,0.2364,-3.7197,3,0.5
2026-09-10,NJR,NewJersey Resources Corporation,公用电力,天然气,XLU,53.34,Bad Market,,56.1154,56.4247,56.9575,0.0193,-0.9085,-0.0959,0.0337,0.0884,-0.5328,3,0.5
2026-09-10,NKE,"Nike, Inc.",消费,运动服饰,XLY,36.62,Bad Market,,42.4762,42.7962,40.8367,0.0291,-2.6316,-0.1739,0.3526,0.1472,1.9595,3.5,0.3433
2026-09-10,NMM,Navios Maritime Partners LP,航运,海运,SEA,91.53,Wait,,93.0753,93.7872,83.8543,0.0259,1.8961,0.0046,0.4097,0.2658,9.9329,3.5,0.3857
2026-09-10,NN,NextNav Inc.,科技硬件,软件基础设施,XLK,14.83,Wait,,20.1127,20.4392,15.5417,0.0734,-1.8127,-0.1477,0.0457,0.0777,4.8975,4,0.2
2026-09-10,NOG,"Northern Oil and Gas, Inc.",油气,油气勘探开发,XLE,26.31,Wait,,27.6031,27.8625,24.3142,0.0329,0.5003,-0.046,0.3256,0.24,3.5482,3.5,0.3043
2026-09-10,NOK,Nokia Corporation Sponsored,科技硬件,通讯设备,XLK,10.62,Wait,,10.8862,11.0267,12.3411,0.0441,0.6898,-0.2144,0.286,0.1678,-1.3144,3.5,0.2268
2026-09-10,NOV,NOV Inc.,油气,油气设备服务,XLE,21.32,Wait,,21.9232,22.1211,19.4007,0.0309,0.5994,0.0011,0.0969,0.1461,2.7204,3.5,0.3231
2026-09-10,NRG,"NRG Energy, Inc.",公用电力,电力,XLU,111.65,Bad Market,,127.3565,128.8514,131.9193,0.0446,-0.8457,-0.1383,0.1157,0.1408,-3.0679,3.5,0.2241
2026-09-10,NTAP,"NetApp, Inc.",科技硬件,硬件,XLK,183.6,Wait,,208.916,211.3331,178.8806,0.0439,-1.0578,0.1484,0.236,0.1355,32.4525,3.5,0.2279
2026-09-10,NTNX,"Nutanix, Inc.",软件,软件,IGV,65.42,Wait,,70.4942,71.1723,61.9292,0.0345,-0.7051,0.0275,0.0422,0.3184,9.243,3.5,0.2894
2026-09-10,NTR,Nutrien Ltd.,基础材料,化肥,MOO,78.74,Wait,,81.5174,82.1804,72.9945,0.0281,2.1019,0.0963,0.4958,0.2929,9.186,3.5,0.3563
2026-09-10,NU,Nu Holdings Ltd.,金融地产,银行,XLF,15.02,Wait,,15.8302,16.0079,13.6072,0.0394,0.4348,0.0711,0.1526,0.1567,2.4007,3.5,0.2536
2026-09-10,NVDA,NVIDIA Corporation,半导体,半导体,SOXX,218.36,Bad Market,,232.5436,234.6729,205.5183,0.0325,-0.3437,0.0053,0.0087,0.0792,29.1546,3.5,0.3077
2026-09-10,NVGS,Navigator Holdings Ltd.,航运,海运,SEA,22.99,Wait,,23.1899,23.3703,20.8549,0.0262,1.7615,-0.0603,0.4249,0.0306,2.5154,3.5,0.3822
2026-09-10,NVO,Novo Nordisk A/S,医疗健康,制药,XLV,44.01,Wait,,49.1001,49.4925,47.0316,0.0297,-1.6986,-0.0719,0.2138,0.0766,2.4609,3.5,0.3364
2026-09-10,NVTS,Navitas Semiconductor Corporati,半导体,半导体,SOXX,11.15,Bad Market,,14.7575,15.0238,17.85,0.0796,-1.529,-0.3745,0.2225,0.2885,-2.8262,4,0.2
2026-09-10,NWE,"NorthWestern Energy Group, Inc.",公用电力,天然气/电力,XLU,70.01,Bad Market,,72.4966,72.9086,69.3002,0.0196,-0.4588,-0.103,0.0883,0.0233,3.6085,3,0.5
2026-09-10,NXE,Nexgen Energy Ltd.,矿业,铀,URA,10.21,Bad Market,,11.3121,11.4505,9.5958,0.0452,-0.8597,-0.1052,0.0153,0.0109,1.8547,3.5,0.2214
2026-09-10,NXPI,NXP Semiconductors N.V.,半导体,半导体,SOXX,226.465,Bad Market,,238.6447,240.8394,274.3345,0.0323,-0.013,-0.272,0.1161,0.2587,-33.4951,3.5,0.3096
2026-09-10,NXT,Nextpower Inc.,公用电力,太阳能,TAN,81.35,Bad Market,,105.7803,107.1308,102.6334,0.0553,-1.7143,-0.3156,0.4607,0.223,4.4974,4,0.2
2026-09-10,NYT,New York Times Company (The),通讯服务,媒体出版,XLC,66.57,Bad Market,,69.2757,69.7992,71.582,0.0262,-0.0327,-0.1284,0.1415,0.0978,-1.7827,3.5,0.3815
2026-09-10,OGE,OGE Energy Corp,公用电力,电力,XLU,46.59,Bad Market,,47.9006,48.1409,47.5465,0.0172,0.0169,-0.0584,0.0536,0.0752,0.5945,3,0.5
2026-09-10,OGN,Organon & Co.,医疗健康,制药,XLV,13.63,Wait,,13.8014,13.8142,13.6519,0.0031,-2.5167,-0.6351,0.0244,0.1636,0.1623,3,0.5
2026-09-10,OKE,"ONEOK, Inc.",油气,油气中游,AMLP,95.72,Wait,,98.4672,99.2158,88.7767,0.0261,0.3336,0.0252,0.2461,0.1194,10.4391,3.5,0.3836
2026-09-10,OKLO,Oklo Inc.,公用电力,核能,NLR,39.88,Bad Market,,47.579,48.4326,45.8091,0.0713,-0.7755,-0.3,0.1221,0.1715,2.6236,4,0.2
2026-09-10,OKTA,"Okta, Inc.",软件,网络安全,IGV,171.11,Wait,,174.7636,177.3491,138.5669,0.0504,2.0638,0.2013,0.1671,0.2277,38.7823,4,0.2
2026-09-10,OMC,Omnicom Group Inc.,通讯服务,广告传媒,XLC,79.45,Bad Market,,89.7345,90.511,79.8805,0.0326,-2.5037,0.0146,0.1722,0.0774,10.6305,3.5,0.3069
2026-09-10,ON,ON Semiconductor Corporation,半导体,半导体,SOXX,70.17,Bad Market,,84.0817,85.0403,107.5559,0.0455,-1.6692,-0.3222,0.2902,0.3116,-22.5155,3.5,0.2196
2026-09-10,ONDS,Ondas Inc,科技硬件,通讯设备,XLK,7.25,Wait,,9.8743,10.0307,7.6847,0.0719,-1.9935,-0.2651,0.3093,0.0708,2.3459,4,0.2
2026-09-10,OR,OR Royalties Inc.,矿业,金,GDX,35.84,Wait,,39.2784,39.6723,34.3249,0.0366,-0.1634,-0.067,0.1211,0.1073,5.3474,3.5,0.273
2026-09-10,ORA,"Ormat Technologies, Inc.",公用电力,再生能源,XLU,96.65,Bad Market,,115.7265,116.8922,110.5802,0.0402,-2.7375,0.0115,0.3169,0.2131,6.312,3.5,0.2487
2026-09-10,ORCL,Oracle Corporation,软件,软件,IGV,152.94,Wait,,164.0494,166.187,140.2216,0.0466,0.4558,-0.1167,0.0206,0.054,25.9654,3.5,0.2146
2026-09-10,OSCR,"Oscar Health, Inc.",医疗健康,健康保险,XLV,32.58,Wait,,33.37,33.91,25.8102,0.0552,0.7175,0.1161,0.2772,0.0567,8.0998,4,0.2
2026-09-10,OVV,Ovintiv Inc. (DE),油气,油气勘探开发,XLE,64.0,Wait,,67.55,68.0967,60.5313,0.0285,-0.5314,-0.0005,0.0287,0.1726,7.5654,3.5,0.3512
2026-09-10,OXY,Occidental Petroleum Corporatio,油气,油气勘探开发,XLE,61.16,Wait,,62.1316,62.5813,57.0227,0.0245,0.8935,-0.0878,0.1833,0.1848,5.5586,3,0.408
2026-09-10,P,"Everpure, Inc.",工业,污水处理,XLI,94.1,Bad Market,,119.288,120.98,95.6004,0.0599,-1.8555,0.1217,0.0483,0.13,25.3796,4,0.2
2026-09-10,PAA,"Plains All American Pipeline, L",油气,油气中游,AMLP,25.715,Wait,,26.2012,26.3399,24.583,0.018,1.7325,-0.0284,0.4576,0.2544,1.7569,3,0.5
2026-09-10,PAAS,Pan American Silver Corp.,矿业,银,SIL,50.65,Wait,,55.3965,56.0455,47.3186,0.0427,-0.315,-0.0695,0.0352,0.067,8.7269,3.5,0.2341
2026-09-10,PACS,"PACS Group, Inc.",医疗健康,医疗服务,XLV,44.85,Wait,,48.8985,49.4359,42.1806,0.0399,0.5845,-0.0762,0.25,0.1692,7.2553,3.5,0.2504
2026-09-10,PANW,"Palo Alto Networks, Inc.",软件,网络安全,IGV,338.49,Wait,,399.4957,404.7393,326.0854,0.0516,-1.1703,0.1879,0.2121,0.0885,78.6539,4,0.2
2026-09-10,PARR,"Par Pacific Holdings, Inc. Comm",油气,炼油,XLE,83.59,Wait,,84.0071,85.3227,68.4881,0.0525,1.0482,0.1232,0.2561,0.27,16.8347,4,0.2
2026-09-10,PATH,"UiPath, Inc.",软件,软件,IGV,13.87,Wait,,18.8712,19.1731,14.6455,0.0725,-2.6075,0.2165,0.1385,0.1509,4.5275,4,0.2
2026-09-10,PAY,"Paymentus Holdings, Inc.",软件,软件,IGV,36.28,Wait,,42.5528,43.0845,38.3968,0.0489,-1.0421,0.088,0.1255,0.2501,4.6877,3.5,0.2047
2026-09-10,PAYC,"Paycom Software, Inc.",软件,软件,IGV,216.04,Wait,,242.6804,245.1016,212.2722,0.0374,-1.422,0.0829,0.0318,0.3698,32.8294,3.5,0.2677
2026-09-10,PBA,Pembina Pipeline Corp.,油气,油气中游,AMLP,48.34,Wait,,49.7875,50.0441,48.8048,0.0177,-0.4871,-0.0299,0.0504,0.0399,1.2393,3,0.5
2026-09-10,PBF,PBF Energy Inc.,油气,炼油,XLE,77.08,Wait,,77.5408,78.6816,63.4605,0.0493,1.1275,0.1188,0.2335,0.3107,15.2211,3.5,0.2027
2026-09-10,PBR,Petroleo Brasileiro S.A. Petrob,油气,综合油气,XLE,21.38,Too High,,21.1438,21.3354,18.6952,0.0299,3.6819,0.1329,0.3542,0.2332,2.6402,3.5,0.3348
2026-09-10,PCG,Pacific Gas & Electric Co.,公用电力,电力,XLU,14.03,Bad Market,,18.5331,18.7928,14.8973,0.0617,-2.7597,0.4318,0.2519,0.1412,3.8955,4,0.2
2026-09-10,PENG,"Penguin Solutions, Inc.",数据中心,数据中心,DTCR,48.62,Bad Market,,64.528,65.6199,66.8308,0.0749,-1.251,-0.2144,0.1672,0.1023,-1.211,4,0.2
2026-09-10,PEP,"Pepsico, Inc.",消费,消费必需品,XLP,136.65,Bad Market,,145.8136,146.4998,138.1182,0.0167,-1.6828,-0.1843,0.0402,0.0625,8.3817,3,0.5
2026-09-10,PFE,"Pfizer, Inc.",医疗健康,生物技术,XLV,27.65,Wait,,29.2965,29.4682,27.3029,0.0207,-0.4193,0.0194,0.0838,0.1716,2.1653,3,0.4831
2026-09-10,PFG,Principal Financial Group Inc,金融地产,保险,XLF,114.96,Wait,,119.6596,120.4134,110.9721,0.0219,0.8583,0.0657,0.0424,0.0372,9.4413,3,0.4575
2026-09-10,PG,Procter & Gamble Company (The),消费,消费必需品,XLP,142.97,Bad Market,,148.8591,149.5906,145.4354,0.0171,-0.7497,-0.1315,0.1455,0.1017,4.1551,3,0.5
2026-09-10,PGR,Progressive Corporation (The),金融地产,保险,XLF,216.19,Wait,,226.0819,227.415,221.149,0.0206,-0.0904,-0.1194,0.0364,0.0027,6.266,3,0.4865
2026-09-10,PH,Parker-Hannifin Corporation,工业,工业机械,XLI,934.34,Bad Market,,1078.8634,1085.7942,1004.5624,0.0247,-3.0468,-0.048,0.4983,0.0192,81.2317,3,0.4044
2026-09-10,PK,Park Hotels & Resorts Inc.,金融地产,酒店地产,XLRE,15.32,Bad Market,,16.3232,16.4491,14.7013,0.0274,-0.3241,0.0255,0.165,0.0788,1.7478,3.5,0.3651
2026-09-10,PL,Planet Labs PBC,航空国防,航空航天国防,ITA,16.69,Bad Market,,25.022,25.4301,27.6896,0.0815,-3.3446,-0.3538,0.5618,0.2685,-2.2595,4,0.2
2026-09-10,PLAB,"Photronics, Inc.",半导体,半导体材料,SOXX,28.38,Bad Market,,33.9104,34.3761,27.3913,0.0547,-1.1629,-0.1908,0.2673,0.0734,6.9848,4,0.2
2026-09-10,PLD,"Prologis, Inc.",金融地产,工业地产,XLRE,134.41,Bad Market,,144.512,145.2032,143.1479,0.0171,-2.5399,-0.1567,0.1894,0.1314,2.0553,3,0.5
2026-09-10,PLTR,Palantir Technologies Inc.,软件,软件,IGV,165.86,Wait,,188.0386,190.3653,159.235,0.0468,-1.3594,0.0371,0.0956,0.1962,31.1303,3.5,0.2139
2026-09-10,PM,Philip Morris International Inc,消费,消费必需品,XLP,189.77,Bad Market,,195.9977,197.4215,183.5585,0.025,0.2603,-0.018,0.0759,0.0772,13.8631,3.5,0.3998
2026-09-10,PNR,Pentair plc.,工业,污水处理,XLI,56.73,Bad Market,,67.7573,68.3064,70.3137,0.0323,-3.1453,-0.1751,0.5005,0.2528,-2.0073,3.5,0.3099
2026-09-10,PNW,Pinnacle West Capital Corporati,公用电力,电力,XLU,96.59,Bad Market,,102.2769,102.755,104.5889,0.0165,-1.2722,-0.1167,0.2164,0.1557,-1.8339,3,0.5
2026-09-10,POET,POET Technologies Inc.,半导体,半导体,SOXX,7.6,Bad Market,,9.6921,9.8601,8.4889,0.0737,-1.0004,-0.3868,0.1524,0.1423,1.3713,4,0.2
2026-09-10,POR,Portland General Electric Co,公用电力,电力,XLU,48.56,Bad Market,,51.3054,51.5667,50.4673,0.0179,-1.2648,-0.0804,0.0494,0.0909,1.0994,3,0.5
2026-09-10,POWI,"Power Integrations, Inc.",半导体,半导体,SOXX,49.69,Bad Market,,64.3852,65.2029,73.9068,0.0549,-1.9031,-0.2486,0.5252,0.2761,-8.7039,4,0.2
2026-09-10,PPC,Pilgrim's Pride Corporation,基础材料,农业,MOO,29.93,Wait,,32.7293,33.0557,28.6214,0.0364,-0.4094,-0.0208,0.2923,0.0736,4.4343,3.5,0.2751
2026-09-10,PPL,PPL Corporation,公用电力,电力,XLU,34.21,Bad Market,,36.3167,36.4947,35.24,0.0173,-1.3719,-0.0999,0.1262,0.114,1.2547,3,0.5
2026-09-10,PR,Permian Resources Corporation,油气,油气勘探开发,XLE,23.7,Wait,,24.107,24.2976,21.6464,0.0268,1.0931,0.0048,0.3351,0.2311,2.6512,3.5,0.373
2026-09-10,PRM,"Perimeter Solutions, SA",基础材料,化工,XLB,30.54,Bad Market,,34.8654,35.2846,32.4594,0.0458,-0.8377,-0.1025,0.3012,0.0999,2.8252,3.5,0.2186
2026-09-10,PRU,"Prudential Financial, Inc.",金融地产,保险,XLF,118.48,Wait,,126.3148,127.0808,117.4698,0.0216,-1.0979,0.0484,0.1289,0.1379,9.611,3,0.464
2026-09-10,PSX,Phillips 66,油气,炼油,XLE,258.51,Wait,,263.3651,265.4145,236.8705,0.0264,2.0489,0.0872,0.5798,0.4821,28.5439,3.5,0.3784
2026-09-10,PTEN,"Patterson-UTI Energy, Inc.",油气,油气勘探开发,XLE,12.9,Wait,,13.279,13.447,11.1904,0.0434,1.3235,0.053,0.3345,0.1692,2.2566,3.5,0.2304
2026-09-10,PWR,"Quanta Services, Inc.",工业,建筑工程,XLI,618.73,Bad Market,,728.4973,735.5652,639.851,0.0381,-0.9789,-0.0892,0.1476,0.1032,95.7142,3.5,0.2626
2026-09-10,Q,"Qnity Electronics, Inc.",半导体,半导体材料,SOXX,123.32,Bad Market,,143.8232,145.5107,147.8023,0.0456,-0.7939,-0.1803,0.1741,0.1975,-2.2916,3.5,0.2192
2026-09-10,QBTS,D-Wave Quantum Inc.,科技硬件,量子计算,QTUM,16.66,Bad Market,,21.3943,21.7308,20.5434,0.0673,-1.6658,-0.2957,0.2512,0.1762,1.1875,4,0.2
2026-09-10,QCOM,QUALCOMM Incorporated,半导体,半导体,SOXX,176.88,Bad Market,,178.1688,180.2777,180.2956,0.0397,1.6469,-0.2066,0.3314,0.131,-0.0179,3.5,0.2516
2026-09-10,QLYS,"Qualys, Inc.",软件,软件,IGV,161.57,Wait,,197.5877,200.1494,161.7251,0.0528,-2.2663,0.1282,0.2741,0.1886,38.4242,4,0.2
2026-09-10,QMCO,Quantum Corporation,科技硬件,硬件,XLK,23.03,Wait,,26.4889,27.0574,18.5312,0.0823,-0.1871,0.2304,0.3412,0.1936,8.5262,4,0.2
2026-09-10,QNT,Quantinuum Inc.,科技硬件,量子计算,QTUM,48.67,Bad Market,,72.5215,73.6937,67.5405,0.0803,-1.6645,-0.3328,0.1352,0.176,6.1532,4,0.2
2026-09-10,QRVO,"Qorvo, Inc.",半导体,半导体,SOXX,112.36,Bad Market,,106.3636,107.3896,93.2705,0.0304,4.2486,0.0498,0.5153,0.1549,14.1191,3.5,0.3286
2026-09-10,QSR,Restaurant Brands International,消费,餐饮,XLY,76.49,Bad Market,,82.3349,82.8449,76.4698,0.0222,-1.1752,-0.0293,0.1721,0.0901,6.3752,3,0.4499
2026-09-10,QUBT,Quantum Computing Inc.,科技硬件,量子计算,QTUM,7.82,Bad Market,,9.1364,9.2659,8.7628,0.0552,-1.3374,-0.3302,0.2252,0.1549,0.5031,4,0.2
2026-09-10,RBLX,Roblox Corporation,通讯服务,游戏,XLC,44.88,Bad Market,,45.2688,45.9185,50.3707,0.0483,2.4276,-0.2282,0.4456,0.0286,-4.4523,3.5,0.2072
2026-09-10,RBRK,"Rubrik, Inc.",软件,软件,IGV,88.91,Wait,,108.1276,109.7889,84.8688,0.0623,-1.3234,0.16,0.1237,0.0929,24.9201,4,0.2
2026-09-10,RCAT,"Red Cat Holdings, Inc.",航空国防,航空航天国防,ITA,8.08,Bad Market,,11.2544,11.4411,8.6413,0.077,-1.8797,-0.2929,0.2497,0.0969,2.7997,4,0.2
2026-09-10,RCL,Royal Caribbean Cruises Ltd.,消费,旅游,XLY,259.01,Bad Market,,312.4701,314.8375,299.8009,0.0305,-3.2897,-0.2472,0.7386,0.206,15.0366,3.5,0.3282
2026-09-10,RDDT,"Reddit, Inc.",通讯服务,互联网媒体,XLC,155.34,Bad Market,,179.8885,182.5862,167.3008,0.0579,0.0267,-0.1356,0.0275,0.0303,15.2854,4,0.2
2026-09-10,RDW,Redwire Corporation,航空国防,航空航天国防,ITA,10.87,Bad Market,,13.7298,13.9545,10.5936,0.0689,-1.0546,-0.2943,0.3323,0.0556,3.3609,4,0.2
2026-09-10,RGEN,Repligen Corporation,医疗健康,生命科学工具,XLV,164.68,Wait,,183.6768,185.8067,157.1809,0.0431,-1.2397,0.0333,0.0239,0.2047,28.6259,3.5,0.232
2026-09-10,RGTI,"Rigetti Computing, Inc.",科技硬件,量子计算,QTUM,15.16,Bad Market,,19.018,19.3151,17.3196,0.0653,-1.4264,-0.2876,0.1964,0.1632,1.9955,4,0.2
2026-09-10,RIO,Rio Tinto Plc,矿业,金属采矿,XME,99.39,Wait,,107.8039,108.5122,99.7267,0.0238,-1.1497,-0.013,0.0803,0.0492,8.7855,3,0.4209
2026-09-10,RIOT,"Riot Platforms, Inc.",数据中心,数据中心,DTCR,20.95,Bad Market,,22.5926,23.0915,22.0381,0.0794,0.5065,-0.0593,0.082,0.1418,1.0534,4,0.2
2026-09-10,RJF,"Raymond James Financial, Inc.",金融地产,券商,XLF,173.53,Wait,,182.9153,184.0303,170.0295,0.0214,-1.0657,-0.0314,0.1262,0.1425,14.0008,3,0.4669
2026-09-10,RKLB,Rocket Lab Corporation,航空国防,航空航天国防,ITA,61.96,Bad Market,,82.8796,84.079,85.6583,0.0645,-2.0608,-0.3482,0.5362,0.2083,-1.5794,4,0.2
2026-09-10,RMBS,"Rambus, Inc.",半导体,半导体,SOXX,85.35,Bad Market,,101.9198,103.2846,114.5431,0.0533,-1.1731,-0.3708,0.2416,0.2277,-11.2585,4,0.2
2026-09-10,RNG,"Ringcentral, Inc.",软件,软件,IGV,69.04,Wait,,77.0504,77.9601,65.7472,0.0439,0.3075,0.1007,0.1492,0.3761,12.2129,3.5,0.2277
2026-09-10,ROIV,Roivant Sciences Ltd.,医疗健康,生物技术,XLV,40.94,Wait,,42.2194,42.7117,36.0664,0.0401,2.6864,0.2813,0.3014,0.2334,6.6454,3.5,0.2495
2026-09-10,ROK,"Rockwell Automation, Inc.",工业,工业机械,XLI,421.37,Bad Market,,455.6037,458.6932,464.1855,0.0244,-1.1568,-0.1606,0.132,0.0943,-5.4923,3,0.4092
2026-09-10,ROKU,"Roku, Inc.",通讯服务,流媒体娱乐,XLC,154.12,Bad Market,,160.8678,161.5325,153.1133,0.0144,-1.1603,-0.271,0.0778,0.2901,8.4192,3,0.5
2026-09-10,RPRX,Royalty Pharma plc,医疗健康,生物技术,XLV,58.75,Wait,,64.5475,65.034,58.2842,0.0276,-1.4791,0.1864,0.0437,0.0791,6.7498,3.5,0.3623
2026-09-10,RTX,RTX Corporation,航空国防,航空航天国防,ITA,198.12,Bad Market,,227.4712,228.697,213.2321,0.0206,-3.2027,-0.0992,0.539,0.0946,15.4649,3,0.4849
2026-09-10,RVTY,"Revvity, Inc.",医疗健康,生命科学工具,XLV,120.94,Wait,,132.1494,133.3053,117.4547,0.0319,-0.8091,0.0115,0.1131,0.1935,15.8506,3.5,0.3139
2026-09-10,S,"SentinelOne, Inc.",软件,网络安全,IGV,19.81,Wait,,24.0445,24.3513,19.7495,0.0516,-1.3524,0.099,0.1626,0.1508,4.6018,4,0.2
2026-09-10,SAIL,"SailPoint, Inc.",软件,网络安全,IGV,17.64,Wait,,20.7883,21.1307,15.9941,0.0647,-1.1284,0.1133,0.1207,0.1564,5.1367,4,0.2
2026-09-10,SAN,"Banco Santander, S.A. Sponsored",金融地产,银行,XLF,14.63,Wait,,15.1806,15.259,14.2661,0.0179,-0.0077,-0.1442,0.0191,0.1021,0.9929,3,0.5
2026-09-10,SANM,Sanmina Corporation,科技硬件,电子元件,XLK,203.31,Wait,,219.0917,222.1843,212.3255,0.0507,0.4876,-0.1479,0.0361,0.1142,9.8588,4,0.2
2026-09-10,SAP,SAP  SE,软件,软件,IGV,205.95,Wait,,223.5995,225.4555,199.8867,0.03,-1.2725,-0.0061,0.0365,0.255,25.5688,3.5,0.3329
2026-09-10,SARO,"StandardAero, Inc.",航空国防,航空航天国防,ITA,23.65,Bad Market,,28.5665,28.8219,28.03,0.036,-2.1247,-0.1051,0.5247,0.1154,0.7919,3.5,0.2778
2026-09-10,SBGSY,Schneider Electric SE,工业,电气设备,XLI,66.65,Bad Market,,72.2065,72.6544,67.0613,0.0224,-1.476,-0.1105,0.1478,0.0547,5.5931,3,0.4464
2026-09-10,SBLK,Star Bulk Carriers Corp.,航运,海运,SEA,30.74,Wait,,32.7274,33.007,29.1584,0.0303,0.3042,0.063,0.216,0.1306,3.8486,3.5,0.3299
2026-09-10,SBS,Companhia de saneamento Basico ,公用电力,污水处理,XLU,5.32,Bad Market,,5.3232,5.3738,5.4699,0.0317,2.8853,0.0168,0.0537,0.0336,-0.0961,3.5,0.3155
2026-09-10,SBUX,Starbucks Corporation,消费,餐饮,XLY,99.22,Bad Market,,109.5422,110.2955,99.7617,0.0253,-2.7603,-0.0433,0.1907,0.0273,10.5338,3.5,0.3951
2026-09-10,SCCO,Southern Copper Corporation,矿业,铜,COPX,194.14,Wait,,221.6414,224.3963,187.5595,0.0473,-0.9701,0.0774,0.0305,0.0673,36.8368,3.5,0.2114
2026-09-10,SCHW,Charles Schwab Corporation (The,金融地产,券商,XLF,107.33,Wait,,114.6971,115.3254,107.3674,0.0195,-1.243,-0.062,0.0241,0.2138,7.9579,3,0.5
2026-09-10,SEDG,"SolarEdge Technologies, Inc.",公用电力,太阳能,TAN,36.75,Bad Market,,37.0147,37.8916,46.7469,0.0795,1.4908,-0.2349,0.1834,0.1394,-8.8552,4,0.2
2026-09-10,SEZL,Sezzle Inc.,金融地产,消费金融,XLF,118.41,Wait,,131.3748,133.6321,158.4529,0.0635,-0.412,-0.1638,0.0057,0.1009,-24.8208,4,0.2
2026-09-10,SFL,SFL Corporation Ltd,航运,海运,SEA,12.68,Wait,,12.9868,13.0836,11.7308,0.0254,0.8802,0.0157,0.2251,0.1324,1.3528,3.5,0.393
2026-09-10,SHAZ,"SharonAI Holdings, Inc.",数据中心,数据中心,DTCR,56.57,Bad Market,,78.0889,79.8724,60.8811,0.1051,-0.7923,-0.1309,0.0598,0.1318,18.9913,4,0.2
2026-09-10,SHEL,Shell PLC,油气,综合油气,XLE,95.96,Wait,,96.3404,96.7846,91.1579,0.0154,2.4806,-0.0488,0.3895,0.3122,5.6267,3,0.5
2026-09-10,SHIP,Seanergy Maritime Holdings Corp,航运,海运,SEA,18.24,Wait,,19.1024,19.3051,16.5552,0.037,0.9901,-0.0331,0.3273,0.1444,2.7499,3.5,0.27
2026-09-10,SHOP,Shopify Inc.,软件,电商软件,IGV,126.6,Wait,,159.8443,161.8158,132.2434,0.0519,-3.1318,0.0219,0.359,0.0913,29.5724,4,0.2
2026-09-10,SHW,Sherwin-Williams Company (The),基础材料,化工,XLB,317.44,Bad Market,,367.5944,369.8692,346.982,0.0239,-3.4487,-0.1185,0.5437,0.0187,22.8872,3,0.4186
2026-09-10,SIMO,Silicon Motion Technology Corpo,半导体,半导体,SOXX,265.25,Bad Market,,281.3556,286.839,260.2184,0.0689,0.6924,-0.0779,0.1488,0.072,26.6206,4,0.2
2026-09-10,SIND,Sinda Ltd.,矿业,银,SIL,15.99,Wait,,18.1951,18.6078,,0.086,-0.3657,0.087,0.0181,,,4,0.2
2026-09-10,SITM,SiTime Corporation,半导体,半导体,SOXX,602.27,Bad Market,,757.6551,769.9778,585.1379,0.0682,-0.3517,-0.0664,0.1824,0.0696,184.8399,4,0.2
2026-09-10,SKHY,SK hynix Inc.,半导体,半导体,SOXX,188.3,Bad Market,,200.7666,203.9716,,0.0567,2.149,,0.3908,,,4,0.2
2026-09-10,SLAB,"Silicon Laboratories, Inc.",半导体,半导体,SOXX,219.15,Bad Market,,221.3364,221.7122,216.9519,0.0057,0.0746,-0.2104,0.0845,0.0203,4.7603,3,0.5
2026-09-10,SLB,SLB Limited,油气,油气设备服务,XLE,56.01,Wait,,60.6601,61.2306,53.4447,0.0339,0.4218,0.1108,0.147,0.1728,7.7859,3.5,0.2946
2026-09-10,SLF,Sun Life Financial Inc.,金融地产,保险,XLF,79.56,Wait,,83.2633,83.6433,80.27,0.0159,-0.0087,0.0308,0.1786,0.0503,3.3733,3,0.5
2026-09-10,SLS,"SELLAS Life Sciences Group, Inc",医疗健康,生物制药,XBI,13.49,Wait,,15.6765,16.0013,11.1296,0.0803,-0.1238,0.0763,0.1898,0.1159,4.8717,4,0.2
2026-09-10,SM,SM Energy Company,油气,油气勘探开发,XLE,38.18,Wait,,38.6718,39.0891,33.4211,0.0364,1.396,-0.0006,0.4213,0.253,5.668,3.5,0.2745
2026-09-10,SMMT,Summit Therapeutics Inc.,医疗健康,生物技术,XBI,17.0,Wait,,17.7988,18.0894,13.7298,0.057,2.732,-0.0158,0.175,0.1091,4.3596,4,0.2
2026-09-10,SMR,NuScale Power Corporation,公用电力,核能,NLR,10.21,Bad Market,,11.3189,11.5272,8.4028,0.068,0.9463,-0.2154,0.1099,0.0308,3.1244,4,0.2
2026-09-10,SMTC,Semtech Corporation,半导体,半导体,SOXX,159.13,Bad Market,,166.1108,169.3669,120.5249,0.0682,1.9953,0.026,0.1976,0.0112,48.842,4,0.2
2026-09-10,SNDK,Sandisk Corporation,半导体,存储硬件,SOXX,1692.59,Bad Market,,1810.8965,1846.9663,1854.0692,0.071,0.941,-0.1115,0.3328,0.0479,-7.1029,4,0.2
2026-09-10,SNOW,Snowflake Inc.,软件,软件,IGV,329.72,Wait,,359.8149,364.8324,289.5712,0.0507,0.0937,0.2005,0.0283,0.2808,75.2612,4,0.2
2026-09-10,SNPS,"Synopsys, Inc.",软件,软件,IGV,397.17,Wait,,468.8617,473.6712,408.7793,0.0404,-0.9463,-0.0182,0.076,0.1461,64.8919,3.5,0.2477
2026-09-10,SNX,TD SYNNEX Corporation,科技硬件,IT,XLK,255.54,Wait,,266.4354,268.6122,264.7439,0.0284,0.0158,-0.0835,0.0239,0.1501,3.8683,3.5,0.3522
2026-09-10,SO,Southern Company (The),公用电力,电力,XLU,87.75,Bad Market,,93.5087,93.9339,93.7279,0.0162,-1.6146,-0.1137,0.2902,0.1681,0.2059,3,0.5
2026-09-10,SOLV,Solventum Corporation,医疗健康,医疗器械,IHI,87.65,Bad Market,,93.3165,93.9954,84.519,0.0258,-0.9328,-0.0274,0.1253,0.1967,9.4765,3.5,0.3873
2026-09-10,SON,Sonoco Products Company,基础材料,包装容器纸制品,XLB,48.43,Bad Market,,59.9643,60.4816,54.5253,0.0356,-4.3127,0.0532,0.5221,0.0451,5.9562,3.5,0.2809
2026-09-10,SONY,Sony Group Corporation,消费,消费电子,XLY,23.52,Bad Market,,25.1952,25.3492,23.4204,0.0218,-1.0736,-0.0173,0.0466,0.2082,1.9288,3,0.4583
2026-09-10,SPCX,Space Exploration Technologies ,航空国防,航空航天国防,ITA,148.18,Bad Market,,155.0622,157.4505,139.0159,0.0537,0.7265,-0.2572,0.1145,0.0298,18.4346,4,0.2
2026-09-10,SPG,"Simon Property Group, Inc.",金融地产,零售地产,XLRE,204.67,Bad Market,,225.0115,226.1103,225.7112,0.0179,-3.1382,-0.0454,0.3803,0.1037,0.3991,3,0.5
2026-09-10,SPOT,Spotify Technology S.A.,通讯服务,流媒体娱乐,XLC,521.73,Bad Market,,565.3273,571.2865,490.5856,0.0381,-0.4821,-0.0222,0.043,0.1248,80.7009,3.5,0.2626
2026-09-10,SQM,Sociedad Quimica y Minera S.A.,基础材料,化工,XLB,72.49,Bad Market,,83.0549,83.8913,72.5717,0.0385,-1.7962,-0.0605,0.0106,0.0519,11.3196,3.5,0.26
2026-09-10,SRE,DBA Sempra,公用电力,电力,XLU,84.0,Bad Market,,88.22,88.824,89.2895,0.024,-0.486,0.039,0.0119,0.1496,-0.4654,3,0.4172
2026-09-10,SRRK,Scholar Rock Holding Corporatio,医疗健康,生物制药,XBI,55.67,Wait,,60.5967,61.3243,51.5508,0.0436,-0.1377,0.03,0.1495,0.0662,9.7735,3.5,0.2295
2026-09-10,SSNC,"SS&C Technologies Holdings, Inc",软件,软件,IGV,78.92,Wait,,85.4192,85.9727,79.0952,0.0234,-1.7597,-0.0558,0.0434,0.2042,6.8775,3,0.4278
2026-09-10,SSRM,SSR Mining Inc.,矿业,银,SIL,36.21,Wait,,39.5721,40.0572,33.5503,0.0447,-0.0238,-0.0249,0.198,0.1291,6.5069,3.5,0.2239
2026-09-10,ST,Sensata Technologies Holding pl,科技硬件,科技仪器,XLK,42.19,Wait,,46.6519,47.0692,44.3119,0.033,-0.5234,-0.1399,0.2628,0.1573,2.7573,3.5,0.3033
2026-09-10,STM,STMicroelectronics N.V.,半导体,半导体,SOXX,50.74,Bad Market,,56.2974,56.8812,68.0792,0.0384,-0.3345,-0.2886,0.1704,0.2127,-11.198,3.5,0.2607
2026-09-10,STNG,Scorpio Tankers Inc.,航运,海运,SEA,84.51,Enter,0.8783,83.9051,84.5938,75.0252,0.0272,2.3329,-0.1026,0.3012,0.0366,9.5686,3.5,0.3681
2026-09-10,STRL,"Sterling Infrastructure, Inc.",工业,建筑工程,XLI,484.86,Bad Market,,610.0183,619.2108,769.6834,0.0632,-0.8106,-0.2675,0.1337,0.297,-150.4726,4,0.2
2026-09-10,STT,State Street Corporation,金融地产,资本市场,XLF,191.3,Wait,,196.173,197.3585,182.4053,0.0207,0.1014,-0.0259,0.1082,0.1553,14.9532,3,0.4841
2026-09-10,STX,Seagate Technology Holdings PLC,科技硬件,存储硬件,XLK,862.33,Wait,,1005.607,1021.8325,822.25,0.0627,0.0101,-0.0674,0.0904,0.087,199.5825,4,0.2
2026-09-10,SU,Suncor Energy  Inc.,油气,综合油气,XLE,68.93,Wait,,69.7093,70.2142,63.9712,0.0244,1.14,-0.0035,0.3403,0.2357,6.2429,3,0.4096
2026-09-10,SUN,Sunoco LP,油气,炼油,XLE,76.34,Wait,,78.5534,79.1306,71.0559,0.0252,0.296,0.0128,0.1798,0.1697,8.0747,3.5,0.3968
2026-09-10,SUNB,"Sunbelt Rentals Holdings, Inc.",工业,设备租赁,XLI,73.18,Bad Market,,85.5318,86.4999,73.5059,0.0441,-0.5541,0.0599,0.1638,0.0266,12.994,3.5,0.2268
2026-09-10,SWK,"Stanley Black & Decker, Inc.",工业,工业机械,XLI,89.23,Bad Market,,104.8923,105.7737,93.7172,0.0329,-3.0656,-0.0173,0.4418,0.0576,12.0565,3.5,0.3037
2026-09-10,SWKS,"Skyworks Solutions, Inc.",半导体,半导体,SOXX,84.03,Bad Market,,77.3803,78.4613,63.9289,0.0429,4.1208,0.0918,0.5104,0.129,14.5324,3.5,0.2332
2026-09-10,SXI,Standex International Corporati,工业,工业机械,XLI,266.87,Bad Market,,333.8487,336.8293,322.8965,0.0372,-3.4882,-0.1277,0.7652,0.14,13.9328,3.5,0.2686
2026-09-10,SXT,Sensient Technologies Corporati,基础材料,化工,XLB,131.06,Bad Market,,138.7606,139.7754,125.6112,0.0258,-0.8921,-0.0885,0.0525,0.1254,14.1642,3.5,0.3875
2026-09-10,SYNA,Synaptics Incorporated,半导体,半导体,SOXX,93.47,Bad Market,,111.5147,112.749,120.0103,0.044,-1.4432,-0.2812,0.2382,0.2305,-7.2614,3.5,0.2272
2026-09-10,T,AT&T Inc.,通讯服务,电信,XLC,25.55,Bad Market,,26.4455,26.6097,24.5481,0.0214,0.2658,-0.0905,0.2622,0.1568,2.0616,3,0.4668
2026-09-10,TALO,"Talos Energy, Inc.",油气,油气勘探开发,XLE,17.54,Wait,,17.9254,18.1225,15.4509,0.0375,1.1273,-0.0049,0.3288,0.1855,2.6716,3.5,0.267
2026-09-10,TDW,Tidewater Inc.,油气,油气设备服务,XLE,91.99,Wait,,101.5299,102.6821,87.1678,0.0418,-0.4627,0.0994,0.0609,0.2339,15.5143,3.5,0.2395
2026-09-10,TE,T1 Energy Inc.,公用电力,太阳能,TAN,4.58,Bad Market,,5.5634,5.7036,7.6115,0.102,-0.1499,-0.3214,0.1475,0.2595,-1.9079,4,0.2
2026-09-10,TECK,Teck Resources Ltd,矿业,铜,COPX,65.9,Wait,,72.629,73.3856,63.1427,0.0383,-0.7995,0.0408,0.033,0.0817,10.243,3.5,0.2613
2026-09-10,TEL,TE Connectivity plc,科技硬件,电子元件,XLK,204.63,Wait,,220.7363,222.4686,198.4804,0.0282,-0.3485,-0.1425,0.1529,0.01,23.9882,3.5,0.3544
2026-09-10,TEM,"Tempus AI, Inc.",软件,AI医疗,IGV,58.74,Wait,,73.5694,74.8884,55.103,0.0749,-0.7734,0.1019,0.0621,0.0806,19.7854,4,0.2
2026-09-10,TEVA,Teva Pharmaceutical Industries ,医疗健康,制药,XLV,36.35,Wait,,38.4635,38.7836,34.3649,0.0294,-0.5163,-0.0003,0.0195,0.0994,4.4187,3.5,0.3406
2026-09-10,TFII,TFI International Inc.,工业,铁路/联运,IYT,131.13,Bad Market,,148.4513,149.7033,142.0133,0.0318,-1.495,-0.0526,0.1407,0.0944,7.69,3.5,0.3142
2026-09-10,TFPM,Triple Flag Precious Metals Cor,矿业,金,GDX,32.96,Wait,,36.0296,36.3775,31.6408,0.0352,-0.3915,-0.0632,0.0678,0.1193,4.7367,3.5,0.2842
2026-09-10,TGT,Target Corporation,消费,消费必需品,XLP,155.73,Bad Market,,171.4473,172.7618,154.5545,0.0281,-1.1269,0.0484,0.067,0.1709,18.2072,3.5,0.3554
2026-09-10,TGTX,"TG Therapeutics, Inc.",医疗健康,生物制药,XBI,55.39,Wait,,57.4539,58.1645,50.7697,0.0428,0.8248,0.0795,0.2775,0.0232,7.3949,3.5,0.2338
2026-09-10,THC,Tenet Healthcare Corporation,医疗健康,医疗服务,XLV,263.46,Wait,,283.4046,286.0942,249.3914,0.034,-0.5319,0.0361,0.0406,0.2982,36.7027,3.5,0.2939
2026-09-10,TJX,"TJX Companies, Inc. (The)",消费,折扣零售,XLY,126.42,Bad Market,,160.0842,160.9368,156.6436,0.0225,-4.6041,-0.1109,0.824,0.3884,4.2933,3,0.4448
2026-09-10,TK,Teekay Corporation Ltd.,航运,海运,SEA,14.1,Enter,0.9092,13.971,14.1129,12.1746,0.0335,2.2951,0.0175,0.4803,0.1148,1.9383,3.5,0.2981
2026-09-10,TMO,Thermo Fisher Scientific Inc,医疗健康,生命科学工具,XLV,603.18,Wait,,639.7418,644.4088,579.2614,0.0258,-0.5754,0.0086,0.0237,0.3214,65.1474,3.5,0.3877
2026-09-10,TMUS,"T-Mobile US, Inc.",通讯服务,电信,XLC,177.16,Bad Market,,189.7916,191.2142,179.0434,0.0268,-0.9578,-0.1074,0.0226,0.0415,12.1707,3.5,0.3736
2026-09-10,TNK,Teekay Tankers Ltd.,航运,海运,SEA,98.25,Enter,0.9633,97.2925,98.2865,84.7136,0.0337,2.7103,0.0704,0.4937,0.1859,13.5729,3.5,0.2965
2026-09-10,TPG,TPG Inc.,金融地产,私募股权,XLF,46.93,Wait,,55.6793,56.2385,48.6863,0.0397,-3.0161,0.0061,0.103,0.1454,7.5522,3.5,0.2518
2026-09-10,TRGP,"Targa Resources, Inc.",油气,油气中游,AMLP,291.91,Wait,,305.1691,307.46,275.5231,0.0262,0.3163,0.0197,0.2756,0.0967,31.9368,3.5,0.3823
2026-09-10,TRMD,TORM plc,航运,海运,SEA,34.6,Wait,,35.806,36.1276,31.7076,0.031,2.4111,0.0483,0.4165,0.1787,4.4201,3.5,0.3227
2026-09-10,TRP,TC Energy Corporation,油气,油气中游,AMLP,61.91,Wait,,64.6391,65.0432,66.5485,0.0218,-0.687,-0.0237,0.1035,0.1903,-1.5052,3,0.4596
2026-09-10,TSEM,Tower Semiconductor Ltd.,半导体,半导体,SOXX,208.07,Bad Market,,268.353,272.6626,225.1892,0.069,-1.1944,-0.1866,0.2795,0.133,47.4734,4,0.2
2026-09-10,TSM,Taiwan Semiconductor Manufactur,半导体,半导体,SOXX,428.03,Bad Market,,443.2803,446.7243,437.3899,0.0268,0.5577,-0.1872,0.0785,0.0193,9.3344,3.5,0.3728
2026-09-10,TTAN,"ServiceTitan, Inc.",软件,软件,IGV,56.01,Wait,,101.8457,103.6544,76.525,0.1076,-5.8344,0.2113,0.3708,0.0517,27.1293,4,0.2
2026-09-10,TTE,TotalEnergies SE,油气,综合油气,XLE,91.23,Wait,,92.4692,92.9667,86.6649,0.0182,1.3966,-0.0406,0.1761,0.1832,6.3018,3,0.5
2026-09-10,TTMI,"TTM Technologies, Inc.",科技硬件,电子元件,XLK,122.34,Wait,,142.7321,145.3602,178.1283,0.0716,-0.0406,-0.179,0.0826,0.2901,-32.7681,4,0.2
2026-09-10,TVTX,"Travere Therapeutics, Inc.",医疗健康,生物制药,XBI,67.51,Wait,,68.1951,68.9335,58.9049,0.0365,0.9149,0.0368,0.2987,0.2084,10.0286,3.5,0.2743
2026-09-10,TWLO,Twilio Inc.,软件,软件,IGV,231.13,Wait,,258.2613,261.5014,218.1488,0.0467,-0.0515,0.0373,0.1461,0.1598,43.3526,3.5,0.214
2026-09-10,TWST,Twist Bioscience Corporation,医疗健康,生命科学工具,XLV,126.85,Wait,,154.9154,157.6385,116.7921,0.0716,-0.7862,0.2711,0.0162,0.164,40.8464,4,0.2
2026-09-10,TX,Ternium S.A. Ternium S.A.,基础材料,钢铁,XLB,57.61,Bad Market,,58.6861,59.1461,52.743,0.0266,1.3649,0.0102,0.2715,0.3366,6.4031,3.5,0.3757
2026-09-10,TXG,"10x Genomics, Inc.",医疗健康,生命科学工具,XLV,66.38,Wait,,68.0234,69.1236,52.6216,0.0552,1.2108,0.264,0.2147,0.3775,16.5019,4,0.2
2026-09-10,TXT,Textron Inc.,航空国防,航空航天国防,ITA,79.2,Bad Market,,89.992,90.5678,90.3723,0.0242,-2.0928,-0.1419,0.5107,0.1083,0.1954,3,0.4127
2026-09-10,U,Unity Software Inc.,软件,软件,IGV,42.07,Wait,,47.5307,48.0678,40.8439,0.0426,-1.2031,-0.0099,0.0634,0.3052,7.2239,3.5,0.235
2026-09-10,UBER,"Uber Technologies, Inc.",工业,铁路/联运,IYT,72.56,Bad Market,,81.0756,81.8755,71.0182,0.0367,-1.4665,0.0325,0.1942,0.0345,10.8572,3.5,0.2721
2026-09-10,UBS,UBS Group AG Registered,金融地产,银行,XLF,54.01,Wait,,56.153,56.4127,53.1223,0.016,-0.2639,-0.0749,0.0054,0.1148,3.2904,3,0.5
2026-09-10,UCTT,"Ultra Clean Holdings, Inc.",半导体,半导体材料,SOXX,71.13,Bad Market,,94.0546,95.7715,119.6983,0.0805,-0.8047,-0.2066,0.1578,0.1377,-23.9268,4,0.2
2026-09-10,UEC,Uranium Energy Corp.,矿业,铀,URA,11.02,Bad Market,,13.7503,13.9458,11.0136,0.0591,-1.3774,-0.1578,0.0427,0.0177,2.9322,4,0.2
2026-09-10,UL,Unilever PLC,消费,消费必需品,XLP,61.63,Bad Market,,65.8036,66.0938,63.9682,0.0157,-2.1224,-0.1155,0.0945,0.0554,2.1257,3,0.5
2026-09-10,UMC,United Microelectronics Corpora,半导体,半导体,SOXX,22.12,Bad Market,,22.9112,23.2138,24.4794,0.0456,2.4828,-0.0797,0.3217,0.0971,-1.2656,3.5,0.2193
2026-09-10,UNH,UnitedHealth Group Incorporated,医疗健康,医疗服务,XLV,388.28,Wait,,412.6228,415.7649,399.6926,0.027,-0.7429,0.0235,0.2052,0.0703,16.0723,3.5,0.3707
2026-09-10,UNM,Unum Group,金融地产,保险,XLF,94.31,Wait,,97.5131,98.1653,90.0484,0.0231,1.1795,0.0559,0.1013,0.0425,8.1168,3,0.4338
2026-09-10,UNP,Union Pacific Corporation,工业,铁路,IYT,285.78,Bad Market,,313.4778,315.2387,293.0105,0.0205,-2.2163,-0.0134,0.1127,0.1672,22.2283,3,0.4869
2026-09-10,USAC,"USA Compression Partners, LP",油气,油气中游,AMLP,27.77,Wait,,27.9577,28.1268,25.9887,0.0203,1.5264,-0.2164,0.2949,0.0703,2.1381,3,0.4926
2026-09-10,USB,U.S. Bancorp,金融地产,银行,XLF,62.41,Wait,,65.9414,66.2543,62.2915,0.0167,-0.6367,-0.0901,0.1524,0.0738,3.9628,3,0.5
2026-09-10,UUUU,Energy Fuels Inc,矿业,铀,URA,13.63,Bad Market,,16.1399,16.3947,12.5724,0.0623,-1.3262,-0.2162,0.0652,0.075,3.8223,4,0.2
2026-09-10,V,Visa Inc.,金融地产,支付,XLF,367.21,Wait,,387.1667,388.9827,365.98,0.0165,-0.8443,-0.1157,0.0777,0.1898,23.0027,3,0.5
2026-09-10,VALE,VALE S.A.,矿业,铁矿,XME,15.28,Wait,,15.8828,16.0222,14.1039,0.0304,1.0988,0.0732,0.0693,0.0025,1.9182,3.5,0.3289
2026-09-10,VCTR,"Victory Capital Holdings, Inc. ",金融地产,资管,XLF,111.06,Wait,,122.2406,123.3212,108.5229,0.0324,-1.3712,0.1389,0.0102,0.2459,14.7983,3.5,0.3083
2026-09-10,VECO,Veeco Instruments Inc.,半导体,半导体,SOXX,43.9,Bad Market,,54.937,55.7426,65.0593,0.0612,-1.2616,-0.2343,0.1785,0.2518,-9.3167,4,0.2
2026-09-10,VEEV,Veeva Systems Inc.,软件,软件,IGV,260.98,Wait,,288.2998,291.3895,249.6435,0.0395,0.1042,0.1632,0.1889,0.349,41.746,3.5,0.2534
2026-09-10,VG,"Venture Global, Inc.",油气,油气中游,XLE,15.5,Enter,0.2724,15.445,15.6469,12.9346,0.0434,1.7601,-0.109,0.1598,0.1791,2.7123,3.5,0.2303
2026-09-10,VIAV,Viavi Solutions Inc.,科技硬件,通讯设备,XLK,37.4,Wait,,46.7528,47.4919,40.5849,0.0659,-0.526,-0.1669,0.006,0.1397,6.9069,4,0.2
2026-09-10,VICR,Vicor Corporation,科技硬件,电子元件,XLK,178.05,Wait,,256.3735,260.6837,322.3107,0.0807,-1.7781,-0.2662,0.1638,0.2435,-61.627,4,0.2
2026-09-10,VIRT,"Virtu Financial, Inc.",金融地产,资本市场,XLF,61.57,Wait,,68.5457,69.3335,58.739,0.0427,-0.5979,0.1044,0.1958,0.0257,10.5945,3.5,0.2345
2026-09-10,VISN,"Vistance Networks, Inc.",科技硬件,电子元件,XLK,6.4,Wait,,11.8109,11.9773,10.6618,0.0866,-5.2733,-0.0545,0.5457,0.3217,1.3154,4,0.2
2026-09-10,VIST,Vista Energy S.A.B. de C.V.,油气,油气勘探开发,XLE,78.95,Too High,,77.8195,78.7668,65.9781,0.04,2.4965,0.0659,0.2697,0.1381,12.7887,3.5,0.25
2026-09-10,VLO,Valero Energy Corporation,油气,炼油,XLE,385.43,Wait,,392.8043,396.0503,351.0797,0.0281,2.8943,0.0672,0.603,0.4642,44.9707,3.5,0.3562
2026-09-10,VLTO,Veralto Corp,工业,污水处理,XLI,93.45,Bad Market,,101.0345,101.6239,94.206,0.021,-2.165,-0.0916,0.1955,0.1461,7.4179,3,0.4757
2026-09-10,VNOM,"Viper Energy, Inc.",油气,油气勘探开发,XLE,44.84,Wait,,45.8384,46.1292,42.4815,0.0216,0.7019,-0.1078,0.207,0.0335,3.6477,3,0.4625
2026-09-10,VRT,"Vertiv Holdings, LLC",工业,电气设备,XLI,248.13,Bad Market,,296.9409,301.5923,272.8013,0.0625,-1.4014,-0.0767,0.1214,0.1327,28.791,4,0.2
2026-09-10,VRTX,Vertex Pharmaceuticals Incorpor,医疗健康,生物技术,XLV,514.56,Wait,,563.1056,567.0696,511.7139,0.0257,-1.8195,-0.0067,0.0542,0.1122,55.3556,3.5,0.3894
2026-09-10,VSAT,"ViaSat, Inc.",航空国防,通讯设备,ITA,74.18,Bad Market,,88.1487,89.5268,71.4357,0.0619,-0.1009,-0.0668,0.2217,0.0635,18.0911,4,0.2
2026-09-10,VSH,"Vishay Intertechnology, Inc.",半导体,半导体,SOXX,31.29,Bad Market,,35.9643,36.5407,52.2247,0.0614,-0.298,-0.3201,0.1141,0.3117,-15.684,4,0.2
2026-09-10,VST,Vistra Corp.,公用电力,电力,XLU,147.05,Bad Market,,153.1905,154.7812,150.4215,0.0361,0.834,-0.167,0.0849,0.0901,4.3597,3.5,0.2773
2026-09-10,VSXY,Victorias Secret & Co.,消费,服饰零售,XLY,73.39,Bad Market,,100.8698,102.2195,81.9744,0.0613,-2.6089,0.0959,0.4608,0.0432,20.2451,4,0.2
2026-09-10,VTR,"Ventas, Inc.",金融地产,医疗地产,XLRE,90.44,Bad Market,,94.7344,95.318,94.694,0.0215,-0.6274,-0.0387,0.0756,0.0818,0.624,3,0.4649
2026-09-10,VTRS,Viatris Inc.,医疗健康,制药,XLV,16.38,Wait,,17.2538,17.3879,16.295,0.0273,-0.2639,-0.031,0.0287,0.0521,1.0929,3.5,0.3663
2026-09-10,VVX,"V2X, Inc.",航空国防,航空航天国防,ITA,72.56,Bad Market,,83.7256,84.6527,79.4237,0.0426,-1.8294,-0.0474,0.3898,0.1059,5.229,3.5,0.2348
2026-09-10,VZ,Verizon Communications Inc.,通讯服务,电信,XLC,49.97,Bad Market,,51.0585,51.3396,47.7789,0.0188,0.5112,-0.1156,0.3303,0.1064,3.5607,3,0.5
2026-09-10,WAB,Westinghouse Air Brake Technolo,工业,工业机械,XLI,280.27,Bad Market,,303.4527,305.3717,286.5995,0.0228,-1.746,-0.05,0.2348,0.0503,18.7722,3,0.4381
2026-09-10,WAY,Waystar Holding Corp.,软件,软件,IGV,23.06,Wait,,26.4706,26.7995,22.4023,0.0475,-1.7793,-0.0363,0.1621,0.1337,4.3972,3.5,0.2103
2026-09-10,WBI,WaterBridge Infrastructure LLC,油气,油气设备服务,XLE,32.72,Wait,,33.3472,33.6922,32.1852,0.0351,0.6109,-0.1724,0.0557,0.1108,1.507,3.5,0.2845
2026-09-10,WCC,"WESCO International, Inc.",工业,工业分销,XLI,344.0,Bad Market,,376.4,380.0522,331.4913,0.0354,-0.3293,-0.0608,0.138,0.021,48.5608,3.5,0.2826
2026-09-10,WDAY,"Workday, Inc.",软件,软件,IGV,185.09,Wait,,208.8069,211.6372,169.1825,0.051,-1.1158,0.0658,0.007,0.2379,42.4546,4,0.2
2026-09-10,WDC,Western Digital Corporation,科技硬件,存储硬件,XLK,460.93,Wait,,542.3308,551.812,548.9744,0.0686,-0.2362,-0.1543,0.0673,0.1548,2.8376,4,0.2
2026-09-10,WDS,Woodside Energy Group Limited,油气,油气勘探开发,XLE,23.89,Wait,,24.5689,24.7438,22.5814,0.0244,0.7172,0.029,0.0979,0.2035,2.1623,3,0.4099
2026-09-10,WELL,Welltower Inc.,金融地产,医疗地产,XLRE,235.71,Bad Market,,243.9171,245.3853,237.3882,0.0208,-0.3596,-0.0348,0.0144,0.1294,7.9971,3,0.4816
2026-09-10,WEN,Wendy's Company (The),消费,餐饮,XLY,7.44,Bad Market,,9.1997,9.3191,7.5269,0.0535,-2.5008,-0.042,0.0242,0.0754,1.7923,4,0.2
2026-09-10,WES,"Western Midstream Partners, LP",油气,油气中游,AMLP,48.19,Wait,,50.2819,50.5791,46.8284,0.0206,-0.5351,0.006,0.0781,0.1731,3.7507,3,0.4865
2026-09-10,WFC,Wells Fargo & Company,金融地产,银行,XLF,89.45,Wait,,90.8645,91.4121,84.4944,0.0204,1.3376,-0.0558,0.098,0.0987,6.9177,3,0.4901
2026-09-10,WFRD,Weatherford International plc,油气,油气设备服务,XLE,89.92,Wait,,98.6692,99.7888,84.708,0.0415,-0.805,0.0119,0.0789,0.0051,15.0808,3.5,0.2409
2026-09-10,WMB,"Williams Companies, Inc. (The)",油气,油气中游,AMLP,72.82,Wait,,76.5582,77.1891,70.5599,0.0289,-0.4406,0.084,0.0391,0.0525,6.6292,3.5,0.3463
2026-09-10,WMT,Walmart Inc.,消费,消费必需品,XLP,105.73,Bad Market,,117.0673,117.7575,112.518,0.0218,-1.0871,-0.1196,0.213,0.178,5.2395,3,0.4596
2026-09-10,WOLF,"Wolfspeed, Inc.",半导体,半导体,SOXX,25.17,Bad Market,,35.4864,36.276,38.3816,0.1046,-1.1535,-0.3438,0.1451,0.234,-2.1056,4,0.2
2026-09-10,WPM,Wheaton Precious Metals Corp,矿业,金,GDX,150.98,Wait,,165.2298,166.9877,143.2107,0.0388,0.2771,0.0497,0.2003,0.2045,23.777,3.5,0.2577
2026-09-10,WT,"WisdomTree, Inc.",金融地产,资管,XLF,24.26,Wait,,25.2826,25.5812,21.5563,0.041,0.4827,0.1654,0.236,0.2362,4.0249,3.5,0.2437
2026-09-10,WTTR,"Select Water Solutions, Inc.",油气,油气设备服务,XLE,20.36,Wait,,21.5236,21.7748,19.3297,0.0411,0.3058,0.0201,0.0657,0.0669,2.4451,3.5,0.2432
2026-09-10,WULF,TeraWulf Inc.,数据中心,数据中心,DTCR,16.14,Bad Market,,18.1136,18.494,23.7077,0.0786,-0.0327,-0.2033,0.0038,0.2579,-5.2136,4,0.2
2026-09-10,WYFI,"WhiteFiber, Inc.",数据中心,数据中心,DTCR,18.53,Bad Market,,30.7994,31.4735,35.7724,0.1213,-1.4829,-0.2526,0.1802,0.2617,-4.2989,4,0.2
2026-09-10,XE,"X-Energy, Inc.",公用电力,核能,NLR,15.835,Bad Market,,23.0664,23.571,16.0018,0.1062,-1.8317,-0.1702,0.2395,0.1066,7.5692,4,0.2
2026-09-10,XEL,Xcel Energy Inc.,公用电力,电力,XLU,75.41,Bad Market,,80.1055,80.5229,78.0568,0.0184,-1.4155,-0.084,0.104,0.1258,2.4661,3,0.5
2026-09-10,XNDU,Xanadu Quantum Technologies Lim,科技硬件,量子计算,QTUM,8.98,Bad Market,,11.6567,11.8467,9.6963,0.0705,-2.1866,-0.5911,0.2196,0.1545,2.1504,4,0.2
2026-09-10,XOM,ExxonMobil Holdings Corporation,油气,综合油气,XLE,165.23,Wait,,167.8023,168.8794,155.379,0.0217,0.9865,-0.0224,0.1396,0.2511,13.5004,3,0.4602
2026-09-10,XP,XP Inc.,金融地产,资本市场,XLF,19.97,Wait,,20.1997,20.4351,17.2542,0.0393,3.0324,0.1101,0.4129,0.2378,3.1809,3.5,0.2546
2026-09-10,XYZ,"Block, Inc.",金融地产,支付,XLF,79.07,Wait,,85.6407,86.4948,74.885,0.036,-0.8651,0.0035,0.0026,0.0814,11.6098,3.5,0.2777
2026-09-10,YPF,YPF Sociedad Anonima,油气,综合油气,XLE,56.06,Too High,,55.1706,55.7399,47.9685,0.0338,2.4858,0.048,0.2488,0.1579,7.7714,3.5,0.2954
2026-09-10,ZETA,Zeta Global Holdings Corp.,软件,软件,IGV,30.56,Wait,,32.9856,33.4286,27.5121,0.0483,0.598,0.0706,0.1676,0.2584,5.9165,3.5,0.207
2026-09-10,ZIM,ZIM Integrated Shipping Service,航运,海运,SEA,29.47,Wait,,30.3747,30.6618,26.7306,0.0325,1.6474,0.1093,0.2942,0.1308,3.9312,3.5,0.308
2026-09-10,ZWS,Zurn Elkay Water Solutions Corp,工业,污水处理,XLI,45.52,Bad Market,,52.2752,52.5999,49.9331,0.0238,-2.9238,-0.1241,0.4843,0.0781,2.6668,3,0.4206
