date,ticker,name,major,sub,benchmark,close,signal,entry_pct,minentry,maxentry,stop,atrpct,dev,selfvol,er22,er55,r0,mult,buf
2026-10-01,A,"Agilent Technologies, Inc.",医疗健康,生命科学工具,XLV,166.68,Wait,,176.8768,178.3646,157.8526,0.0298,1.7488,0.1391,0.2187,0.2592,20.5119,3.5,0.3361
2026-10-01,AA,Alcoa Corporation,矿业,铝加工,XME,42.06,Bad Market,,52.1606,52.657,48.2884,0.0393,-2.6031,-0.2763,0.4892,0.107,4.3687,3.5,0.2542
2026-10-01,AAOI,"Applied Optoelectronics, Inc.",科技硬件,光通信,XLK,107.32,Wait,,113.2073,115.6932,121.7441,0.0772,0.6173,-0.3336,0.0047,0.0052,-6.0509,4,0.2
2026-10-01,AAPL,Apple Inc.,科技硬件,消费电子,XLK,330.32,Wait,,344.3732,346.5487,319.3155,0.022,-0.1425,-0.0112,0.1659,0.0131,27.2332,3,0.4555
2026-10-01,ABBV,AbbVie Inc.,医疗健康,制药,XLV,259.93,Wait,,268.8173,270.3397,251.056,0.0195,-0.2196,-0.0967,0.0778,0.1062,19.2837,3,0.5
2026-10-01,ABCL,AbCellera Biologics Inc.,医疗健康,生物制药,XBI,13.91,Wait,,14.978,15.2151,11.6592,0.0568,2.157,0.1911,0.3119,0.3153,3.5559,4,0.2
2026-10-01,ABNB,"Airbnb, Inc.",消费,在线旅游,XLY,160.47,Bad Market,,186.8547,188.4685,171.6723,0.0335,-1.1383,0.0569,0.3736,0.0694,16.7962,3.5,0.2983
2026-10-01,ABVX,Abivax SA,医疗健康,生物技术,XLV,95.1,Wait,,120.411,121.8347,121.1598,0.0499,-2.3345,-0.1613,0.239,0.286,0.6749,3.5,0.2004
2026-10-01,ACGL,Arch Capital Group Ltd.,金融地产,保险,XLF,94.26,Bad Market,,100.7726,101.3396,100.8104,0.02,-1.0202,-0.0485,0.2076,0.0801,0.5291,3,0.4988
2026-10-01,ACLS,"Axcelis Technologies, Inc.",半导体,半导体,SOXX,136.71,Too High,,132.5471,134.3037,124.5163,0.0428,3.7406,-0.2373,0.3128,0.037,9.7873,3.5,0.2335
2026-10-01,ACMR,"ACM Research, Inc.",半导体,半导体设备,SOXX,83.58,Too High,,81.9195,83.4189,75.2792,0.0598,2.1571,-0.1614,0.1926,0.0492,8.1397,4,0.2
2026-10-01,ADI,"Analog Devices, Inc.",半导体,半导体,SOXX,404.6,Enter,0.7165,402.266,405.5236,360.215,0.0268,2.7687,-0.1274,0.3556,0.0448,45.3086,3.5,0.3726
2026-10-01,ADM,Archer-Daniels-Midland Company,基础材料,农业,MOO,79.52,Bad Market,,88.8852,89.5479,80.3584,0.0278,-2.0371,-0.0376,0.0803,0.0452,9.1895,3.5,0.36
2026-10-01,ADP,"Automatic Data Processing, Inc.",工业,商业服务,XLI,263.96,Bad Market,,288.7996,290.5259,270.2174,0.0218,-0.9853,-0.0697,0.3542,0.0877,20.3085,3,0.4587
2026-10-01,AEHR,Aehr Test Systems,半导体,半导体材料,SOXX,101.6,Wait,,106.0987,108.6616,111.4368,0.0841,1.0858,-0.1263,0.2599,0.0413,-2.7752,4,0.2
2026-10-01,AEM,Agnico Eagle Mines Limited,矿业,金,GDX,180.59,Bad Market,,208.9359,210.9821,200.2375,0.0378,-2.399,-0.0586,0.2589,0.161,10.7446,3.5,0.2648
2026-10-01,AEVA,"Aeva Technologies, Inc.",科技硬件,电子元件,XLK,14.29,Wait,,16.4735,16.8088,22.1493,0.0782,-0.6778,-0.3433,0.1344,0.0845,-5.3405,4,0.2
2026-10-01,AG,First Majestic Silver Corp.,矿业,银,SIL,17.66,Bad Market,,21.5769,21.8573,18.0017,0.0529,-1.9939,-0.1282,0.2316,0.0264,3.8556,4,0.2
2026-10-01,AGI,Alamos Gold Inc.,矿业,金,GDX,31.89,Bad Market,,38.0089,38.3969,34.4938,0.0406,-2.6083,-0.1524,0.2631,0.0672,3.903,3.5,0.2466
2026-10-01,AGRO,Adecoagro S.A.,基础材料,农业,MOO,9.93,Bad Market,,12.5593,12.6905,10.9294,0.044,-3.1728,-0.1191,0.2772,0.0215,1.7611,3.5,0.2271
2026-10-01,AHR,"American Healthcare REIT, Inc.",金融地产,医疗地产,XLRE,50.69,Bad Market,,57.0469,57.3574,54.6154,0.0204,-2.3718,-0.1741,0.4622,0.0999,2.742,3,0.4898
2026-10-01,AIR,AAR Corp.,航空国防,航空航天国防,ITA,99.9,Bad Market,,131.8984,133.6511,130.341,0.0585,-3.2087,0.056,0.4547,0.1921,3.3101,4,0.2
2026-10-01,AKAM,"Akamai Technologies, Inc.",软件,软件,IGV,106.93,Wait,,119.7149,121.6272,99.7925,0.0596,-0.297,0.0694,0.0297,0.0828,21.8347,4,0.2
2026-10-01,ALAB,"Astera Labs, Inc.",半导体,半导体,SOXX,356.42,Wait,,369.0102,375.5954,276.8166,0.0616,1.9713,-0.1284,0.2022,0.0077,98.7788,4,0.2
2026-10-01,ALB,Albemarle Corporation,基础材料,锂电池,XLB,105.03,Bad Market,,138.8003,140.2003,126.9162,0.0444,-2.5346,-0.2372,0.4375,0.1315,13.2841,3.5,0.2251
2026-10-01,ALGM,"Allegro MicroSystems, Inc.",半导体,半导体,SOXX,36.38,Wait,,37.3038,37.8134,44.1242,0.0467,0.6131,-0.3364,0.0101,0.2607,-6.3108,3.5,0.2142
2026-10-01,ALKS,Alkermes plc,医疗健康,生物制药,XBI,40.54,Wait,,48.1254,48.5619,47.8773,0.0359,-2.5295,-0.0634,0.4565,0.3009,0.6846,3.5,0.2786
2026-10-01,ALL,Allstate Corporation (The),金融地产,保险,XLF,224.41,Bad Market,,265.3541,267.0189,258.4622,0.0247,-3.6632,-0.0265,0.5013,0.0766,8.5567,3,0.4044
2026-10-01,ALM,Almonty Industries Inc.,矿业,钨矿,XME,13.18,Bad Market,,19.3418,19.6744,14.6849,0.0841,-1.691,-0.1204,0.3355,0.0225,4.9895,4,0.2
2026-10-01,ALSN,"Allison Transmission Holdings, ",工业,工业机械,XLI,116.28,Bad Market,,132.4028,133.5738,119.5689,0.0336,-1.1621,-0.0147,0.2298,0.0179,14.0049,3.5,0.2979
2026-10-01,AMAT,"Applied Materials, Inc.",半导体,半导体设备,SOXX,529.3,Too High,,517.303,523.1985,510.6495,0.0371,3.5661,-0.2264,0.299,0.0618,12.549,3.5,0.2693
2026-10-01,AMBQ,"Ambiq Micro, Inc.",半导体,半导体,SOXX,69.15,Wait,,71.8744,73.051,66.5322,0.0567,1.3363,-0.1139,0.2279,0.096,6.5187,4,0.2
2026-10-01,AMD,"Advanced Micro Devices, Inc.",半导体,半导体,SOXX,615.73,Wait,,636.7873,643.9218,547.3938,0.0386,2.7778,-0.087,0.4546,0.1003,96.528,3.5,0.2589
2026-10-01,AMG,"Affiliated Managers Group, Inc.",金融地产,资管,XLF,371.95,Bad Market,,377.4095,380.69,345.1481,0.0294,1.0578,-0.0101,0.033,0.0256,35.5419,3.5,0.3402
2026-10-01,AMGN,Amgen Inc.,医疗健康,制药,XLV,407.27,Wait,,448.1927,451.3437,407.358,0.0258,0.4027,0.0571,0.1381,0.1435,43.9858,3.5,0.3877
2026-10-01,AMKR,"Amkor Technology, Inc.",半导体,半导体材料,SOXX,52.9,Wait,,55.119,55.9106,58.4045,0.0499,0.922,-0.3177,0.1754,0.1278,-2.4939,3.5,0.2005
2026-10-01,AMLX,"Amylyx Pharmaceuticals, Inc.",医疗健康,生物制药,XBI,28.08,Wait,,34.8184,35.311,33.0921,0.0585,-2.4533,0.0777,0.3537,0.182,2.2189,4,0.2
2026-10-01,AMPX,"Amprius Technologies, Inc.",基础材料,锂电池,XLB,9.61,Bad Market,,10.5117,10.6942,10.0764,0.0633,-0.0107,-0.3376,0.0621,0.0873,0.6178,4,0.2
2026-10-01,AMRX,"Amneal Pharmaceuticals, Inc.",医疗健康,制药,XLV,20.07,Wait,,20.7007,20.9419,17.686,0.0401,1.9593,0.2396,0.2854,0.1463,3.2559,3.5,0.2496
2026-10-01,AMT,American Tower Corporation (REI,金融地产,通信铁塔,XLRE,161.06,Bad Market,,179.4606,180.6187,167.679,0.024,-3.1587,-0.1043,0.3461,0.0653,12.9397,3,0.4172
2026-10-01,AMZN,"Amazon.com, Inc.",消费,互联网零售,XLY,248.23,Bad Market,,262.2523,263.9497,267.0456,0.0228,-0.7279,-0.1464,0.189,0.0295,-3.0959,3,0.4387
2026-10-01,ANAB,"AnaptysBio, Inc.",医疗健康,生物制药,XBI,48.63,Wait,,57.9463,58.6688,51.2604,0.0495,-2.1991,-0.1658,0.4661,0.1076,7.4084,3.5,0.2019
2026-10-01,ANDG,Andersen Group Inc.,金融地产,个性化服务,XLF,57.36,Bad Market,,58.0236,58.7346,49.1554,0.0413,1.1817,0.0268,0.0666,0.2336,9.5791,3.5,0.242
2026-10-01,ANET,"Arista Networks, Inc.",科技硬件,硬件,XLK,204.49,Wait,,208.5949,210.7152,185.7638,0.0346,0.8999,-0.1262,0.1173,0.139,24.9514,3.5,0.2893
2026-10-01,APA,APA Corporation,油气,油气勘探开发,XLE,43.34,Wait,,47.8434,48.3045,42.03,0.0355,-0.4017,0.0371,0.0092,0.1885,6.2745,3.5,0.282
2026-10-01,APD,"Air Products and Chemicals, Inc",基础材料,化工,XLB,273.33,Bad Market,,312.1933,313.932,292.0727,0.0212,-2.7447,-0.0952,0.5242,0.1283,21.8593,3,0.4716
2026-10-01,APG,APi Group Corporation,工业,工业服务,XLI,40.01,Bad Market,,40.6001,40.9408,40.7451,0.0284,1.6307,-0.0789,0.081,0.0414,0.1957,3.5,0.3523
2026-10-01,APH,Amphenol Corporation,科技硬件,光通信,XLK,85.67,Enter,0.2298,85.4767,86.318,76.3051,0.0327,1.5277,-0.0693,0.2033,0.0843,10.0129,3.5,0.3055
2026-10-01,APLD,Applied Digital Corporation,数据中心,数据中心,DTCR,24.16,Bad Market,,28.8684,29.361,24.7018,0.068,-1.2213,-0.3066,0.0554,0.0754,4.6592,4,0.2
2026-10-01,APP,Applovin Corporation,软件,广告技术,IGV,281.31,Wait,,337.3857,342.1043,389.8154,0.0559,-2.2447,-0.2849,0.1899,0.3324,-47.711,4,0.2
2026-10-01,APPS,"Digital Turbine, Inc.",软件,软件,IGV,11.55,Wait,,12.36,12.6151,10.9893,0.0736,0.3734,0.0484,0.0804,0.0686,1.6258,4,0.2
2026-10-01,AR,Antero Resources Corporation,油气,油气勘探生产,XLE,34.03,Wait,,40.1503,40.4916,35.8285,0.0334,-2.3458,-0.015,0.3071,0.0138,4.6631,3.5,0.2991
2026-10-01,ARCC,Ares Capital Corporation,金融地产,私募信贷,XLF,19.16,Bad Market,,20.2077,20.2903,19.3639,0.0144,-1.2911,-0.092,0.3216,0.0286,0.9263,3,0.5
2026-10-01,ARGX,argenx SE,医疗健康,生物制药,XBI,936.0,Wait,,1064.73,1072.1231,972.6473,0.0263,-2.1551,-0.0785,0.3785,0.0798,99.4758,3.5,0.3798
2026-10-01,ARM,Arm Holdings plc,半导体,半导体,SOXX,292.34,Wait,,336.8967,342.4418,259.2655,0.0632,0.9068,-0.0789,0.2001,0.0274,83.1763,4,0.2
2026-10-01,ARMK,Aramark,消费,餐饮服务,XLY,54.59,Bad Market,,59.0959,59.4625,58.7243,0.0224,-1.5091,0.008,0.1346,0.0726,0.7381,3,0.4468
2026-10-01,AROC,"Archrock, Inc.",油气,油气中游,AMLP,30.42,Bad Market,,33.6642,33.9579,34.9631,0.0322,-0.9912,-0.1593,0.1132,0.2515,-1.0051,3.5,0.3107
2026-10-01,ARQQ,Arqit Quantum Inc.,半导体,半导体,SOXX,23.95,Wait,,24.9871,25.5077,17.6982,0.0725,1.4043,-0.1,0.1851,0.1065,7.8095,4,0.2
2026-10-01,ARQT,"Arcutis Biotherapeutics, Inc.",医疗健康,生物制药,XBI,25.29,Wait,,28.0338,28.4144,23.4146,0.0502,-0.027,0.0736,0.0884,0.0775,4.9998,4,0.2
2026-10-01,ARW,"Arrow Electronics, Inc.",科技硬件,电子元器,XLK,231.63,Wait,,235.1163,237.3245,207.0382,0.0318,1.6002,-0.0077,0.3393,0.1139,30.2862,3.5,0.3147
2026-10-01,ARXS,"Arxis, Inc.",航空国防,航空航天国防,ITA,47.52,Bad Market,,54.0986,54.8166,50.417,0.0504,-1.4545,-0.0539,0.2259,0.0912,4.3996,4,0.2
2026-10-01,ASC,Ardmore Shipping Corporation,航运,海运,SEA,19.25,Wait,,19.2525,19.4437,16.8292,0.0331,1.4026,-0.0301,0.3483,0.1954,2.6145,3.5,0.302
2026-10-01,ASTS,"AST SpaceMobile, Inc.",航空国防,通讯设备,ITA,57.04,Bad Market,,66.9405,68.1711,57.901,0.0719,-0.991,-0.2885,0.0454,0.0654,10.2702,4,0.2
2026-10-01,ASX,"ASE Technology Holding Co., Ltd",半导体,半导体,SOXX,44.73,Wait,,45.7573,46.2639,39.3992,0.0378,2.1986,-0.0883,0.3403,0.0642,6.8648,3.5,0.2649
2026-10-01,ATRC,"AtriCure, Inc.",医疗健康,医疗器械,IHI,53.59,Bad Market,,61.3059,62.0068,52.5926,0.0436,-1.1625,0.2435,0.2065,0.3455,9.4142,3.5,0.2294
2026-10-01,ATRO,Astronics Corporation,航空国防,航空航天国防,ITA,68.38,Bad Market,,76.9438,77.8909,82.4011,0.0462,-0.6117,-0.1286,0.2167,0.0284,-4.5102,3.5,0.2166
2026-10-01,AU,AngloGold Ashanti PLC,矿业,金,GDX,94.2,Bad Market,,113.262,114.3672,110.4959,0.0391,-2.1709,-0.1322,0.3898,0.1067,3.8713,3.5,0.2557
2026-10-01,AUGO,Aura Minerals Inc.,矿业,金,GDX,78.85,Bad Market,,93.6347,94.9318,75.4757,0.0548,-1.4917,-0.0316,0.1012,0.2013,19.4561,4,0.2
2026-10-01,AVAH,Aveanna Healthcare Holdings Inc,医疗健康,医疗服务,XLV,12.43,Wait,,14.5043,14.6597,12.5673,0.0417,-1.9453,0.081,0.2102,0.194,2.0923,3.5,0.24
2026-10-01,AVGO,Broadcom Inc.,半导体,半导体,SOXX,343.64,Wait,,373.7764,376.9738,390.4568,0.031,-1.1019,-0.2164,0.2257,0.1398,-13.483,3.5,0.3224
2026-10-01,AVNT,Avient Corporation,基础材料,化工,XLB,40.54,Bad Market,,44.4654,44.7958,42.4852,0.0272,-0.8022,-0.116,0.3599,0.1182,2.3106,3.5,0.3681
2026-10-01,AVT,"Avnet, Inc.",科技硬件,电子元器,XLK,102.24,Wait,,104.1024,105.2519,89.6689,0.0375,1.637,0.1249,0.3245,0.1585,15.583,3.5,0.2668
2026-10-01,AVTR,"Avantor, Inc.",医疗健康,生命科学工具,XLV,15.03,Wait,,16.0103,16.1458,14.2796,0.03,-0.2912,-0.0239,0.0896,0.2688,1.8661,3.5,0.3329
2026-10-01,AXP,American Express Company,金融地产,支付,XLF,302.09,Bad Market,,333.1352,334.9143,343.7791,0.0196,-2.3256,-0.1333,0.3873,0.2874,-8.8649,3,0.5
2026-10-01,AXTI,AXT Inc,半导体,半导体,SOXX,81.81,Enter,0.2143,81.3527,83.4867,67.5162,0.087,1.8404,-0.1785,0.256,0.1064,15.9706,4,0.2
2026-10-01,B,Barrick Mining Corporation,矿业,金,GDX,40.1,Bad Market,,46.161,46.5584,44.2331,0.033,-2.2807,-0.1281,0.2615,0.0816,2.3253,3.5,0.3027
2026-10-01,BA,Boeing Company (The),航空国防,航空航天国防,ITA,192.28,Bad Market,,214.1728,216.1064,217.631,0.0335,-1.4533,0.0262,0.2087,0.1351,-1.5246,3.5,0.2983
2026-10-01,BAC,Bank of America Corporation,金融地产,银行,XLF,53.73,Bad Market,,63.5773,63.9328,61.2553,0.0221,-4.413,0.0103,0.5971,0.2478,2.6775,3,0.4535
2026-10-01,BALL,Ball Corporation,基础材料,包装容器纸制品,XLB,56.5,Bad Market,,63.865,64.2462,63.0778,0.0225,-2.5784,-0.0725,0.4988,0.1246,1.1685,3,0.4446
2026-10-01,BAM,Brookfield Asset Management Inc,金融地产,资管,XLF,44.56,Bad Market,,51.9456,52.2911,51.8293,0.0258,-1.7493,-0.1114,0.5832,0.1119,0.4618,3.5,0.3869
2026-10-01,BAND,Bandwidth Inc.,软件,软件,IGV,62.44,Wait,,63.1565,64.4713,54.2797,0.0702,2.0679,0.0377,0.2705,0.0627,10.1915,4,0.2
2026-10-01,BB,BlackBerry Limited,软件,软件,IGV,9.18,Enter,0.2301,9.1441,9.3002,8.5585,0.0567,2.0764,0.0156,0.2159,0.1128,0.7416,4,0.2
2026-10-01,BBIO,"BridgeBio Pharma, Inc.",医疗健康,生物科技,XBI,66.91,Wait,,77.2591,78.0101,76.7882,0.0374,-1.1798,-0.0995,0.4198,0.2674,1.2219,3.5,0.2673
2026-10-01,BBVA,Banco Bilbao Vizcaya Argentaria,金融地产,银行,XLF,26.87,Bad Market,,29.9087,30.0873,27.8537,0.0222,-3.2925,0.0675,0.217,0.0655,2.2336,3,0.4513
2026-10-01,BBY,"Best Buy Co., Inc.",消费,电子零售,XLY,87.7,Bad Market,,95.707,96.6173,84.2099,0.0346,-1.0248,0.0513,0.2166,0.0269,12.4074,3.5,0.289
2026-10-01,BCPC,Balchem Corporation,基础材料,化工,XLB,163.69,Bad Market,,177.5269,178.524,171.3088,0.0203,-1.3237,-0.0957,0.3695,0.0102,7.2152,3,0.4925
2026-10-01,BCS,Barclays PLC,金融地产,银行,XLF,23.64,Bad Market,,27.2364,27.4031,26.8928,0.0235,-3.3982,-0.0653,0.3667,0.2257,0.5103,3,0.4254
2026-10-01,BDC,Belden Inc,科技硬件,网络基础,XLK,108.28,Wait,,123.3628,124.6216,123.3441,0.0388,-1.3904,-0.0842,0.1137,0.0464,1.2775,3.5,0.2581
2026-10-01,BE,Bloom Energy Corporation,公用电力,电力,GRID,277.58,Bad Market,,295.4488,301.747,207.2739,0.0756,0.527,-0.0471,0.2579,0.0611,94.4731,4,0.2
2026-10-01,BEAM,Beam Therapeutics Inc.,医疗健康,生物制药,XBI,24.39,Wait,,29.9369,30.3523,25.4918,0.0568,-0.6762,-0.1857,0.3761,0.1546,4.8605,4,0.2
2026-10-01,BELFB,Bel Fuse Inc.,科技硬件,电子元件,XLK,252.09,Wait,,256.6009,259.6531,265.0311,0.0404,0.8103,-0.2154,0.0298,0.0649,-5.378,3.5,0.2478
2026-10-01,BEPC,Brookfield Renewable Corporatio,公用电力,电力,XLU,28.49,Bad Market,,32.8449,33.0886,33.0271,0.0285,-1.7673,-0.1908,0.4004,0.2422,0.0615,3.5,0.3508
2026-10-01,BG,Bunge Limited,基础材料,农业,MOO,106.61,Bad Market,,125.6561,126.7679,111.6185,0.0348,-2.6488,-0.0347,0.2185,0.0865,15.1495,3.5,0.2877
2026-10-01,BHE,"Benchmark Electronics, Inc.",科技硬件,解决方案,XLK,84.62,Enter,0.2683,84.3762,85.285,74.8072,0.0358,2.521,-0.1071,0.4874,0.0321,10.4778,3.5,0.2793
2026-10-01,BHP,BHP Group Limited,矿业,金属采矿,XME,84.65,Bad Market,,94.7665,95.4332,90.9123,0.0263,-1.1689,-0.0515,0.3973,0.0118,4.5208,3.5,0.3809
2026-10-01,BIIB,Biogen Inc.,医疗健康,生物制药,XBI,222.82,Wait,,230.9182,232.586,212.0121,0.0249,0.3681,-0.0868,0.1049,0.1546,20.5739,3,0.4008
2026-10-01,BIO,"Bio-Rad Laboratories, Inc.",医疗健康,生命科学工具,XLV,355.57,Wait,,392.0657,395.3276,352.2842,0.0306,-2.1611,0.0414,0.2999,0.233,43.0434,3.5,0.327
2026-10-01,BKH,Black Hills Corporation,公用电力,天然气/电力,XLU,70.14,Bad Market,,74.8914,75.3482,71.2424,0.0217,-0.8029,-0.0311,0.1045,0.1089,4.1058,3,0.4607
2026-10-01,BKNG,Booking Holdings Inc. Common St,消费,在线旅游,XLY,160.28,Bad Market,,201.2028,203.0547,192.815,0.0385,-1.9441,-0.0482,0.555,0.1181,10.2397,3.5,0.2597
2026-10-01,BKR,Baker Hughes Company,油气,油气设备服务,XLE,55.62,Wait,,65.1862,65.674,59.2093,0.0292,-2.0053,-0.0742,0.4403,0.036,6.4646,3.5,0.3421
2026-10-01,BKV,BKV Corporation,油气,油气勘探开发,XLE,21.54,Wait,,26.9754,27.2637,23.3969,0.0446,-2.2027,-0.0629,0.2057,0.1377,3.8668,3.5,0.2242
2026-10-01,BLK,"BlackRock, Inc.",金融地产,资管,XLF,1064.36,Bad Market,,1166.2536,1173.0417,1114.9593,0.0213,-0.5261,-0.0861,0.2741,0.0378,58.0824,3,0.4704
2026-10-01,BLZE,"Backblaze, Inc.",软件,软件,IGV,14.18,Wait,,14.4764,14.7409,16.9027,0.0622,0.9271,-0.1148,0.0056,0.0225,-2.1618,4,0.2
2026-10-01,BMO,Bank Of Montreal,金融地产,银行,XLF,166.3,Bad Market,,178.7345,179.6611,176.5432,0.0186,-2.2252,0.001,0.1037,0.1924,3.1179,3,0.5
2026-10-01,BMY,Bristol-Myers Squibb Company,医疗健康,制药,XLV,61.46,Wait,,68.7046,69.1311,63.825,0.0231,-1.6428,-0.0322,0.3632,0.067,5.3061,3,0.4323
2026-10-01,BNTX,BioNTech SE,医疗健康,生物技术,XBI,96.85,Wait,,104.7785,105.7816,104.8667,0.0345,-0.606,-0.0192,0.1407,0.0475,0.915,3.5,0.2896
2026-10-01,BOX,"Box, Inc.",软件,软件,IGV,34.6,Wait,,36.306,36.647,31.9813,0.0329,0.72,0.046,0.0904,0.1183,4.6658,3.5,0.3044
2026-10-01,BP,BP p.l.c.,油气,综合油气,XLE,44.5,Wait,,47.405,47.7274,43.7359,0.0242,-0.1666,0.0232,0.116,0.0855,3.9915,3,0.4141
2026-10-01,BRK.B,Berkshire Hathaway Inc. New,金融地产,多元金融,XLF,500.5,Bad Market,,522.7211,524.4737,511.8934,0.0117,-1.1684,-0.1072,0.0586,0.0686,12.5804,3,0.5
2026-10-01,BRKR,Bruker Corporation,医疗健康,生命科学工具,XLV,61.94,Wait,,65.3694,66.2647,54.3044,0.0482,0.7603,0.0669,0.1093,0.0334,11.9604,3.5,0.2075
2026-10-01,BRZE,"Braze, Inc.",软件,软件,IGV,25.65,Wait,,34.3523,34.8208,28.2832,0.0609,-0.3166,0.0023,0.3861,0.0105,6.5376,4,0.2
2026-10-01,BTSG,"BrightSpring Health Services, I",医疗健康,医疗健康,XLV,57.26,Wait,,63.1326,63.74,65.8241,0.0354,-0.4848,-0.1248,0.0508,0.1316,-2.0842,3.5,0.2828
2026-10-01,BTU,Peabody Energy Corporation,油气,煤矿,XLE,24.74,Wait,,29.9374,30.296,25.506,0.0483,-1.8525,-0.0673,0.3347,0.0334,4.7901,3.5,0.207
2026-10-01,BUD,Anheuser-Busch Inbev SA Sponsor,消费,消费必需品,XLP,73.02,Bad Market,,81.0802,81.5254,82.0285,0.0203,-3.4353,-0.0225,0.361,0.1332,-0.5031,3,0.4921
2026-10-01,BVN,Buenaventura Mining Company Inc,矿业,金,GDX,31.49,Bad Market,,35.7049,36.1118,31.553,0.0431,-1.5638,-0.1032,0.1862,0.0206,4.5588,3.5,0.2322
2026-10-01,BWLP,BW LPG Limited,航运,海运,SEA,25.77,Wait,,26.3977,26.6307,23.4221,0.0301,1.1455,0.0511,0.1974,0.2366,3.2085,3.5,0.3319
2026-10-01,BWXT,"BWX Technologies, Inc.",航空国防,航空航天国防,ITA,136.79,Bad Market,,162.9079,164.4295,159.1584,0.0371,-2.0949,-0.214,0.259,0.2385,5.2711,3.5,0.2697
2026-10-01,C,"Citigroup, Inc.",金融地产,银行,XLF,127.0,Bad Market,,140.09,141.1074,127.4606,0.0267,-2.2005,-0.0019,0.1397,0.0904,13.6468,3.5,0.3745
2026-10-01,CAH,"Cardinal Health, Inc.",医疗健康,医药分销,XLV,230.09,Wait,,250.9109,252.6091,231.6281,0.0246,-0.1851,0.0346,0.0766,0.0346,20.981,3,0.4065
2026-10-01,CAI,"Caris Life Sciences, Inc.",医疗健康,诊断检测,XLV,28.35,Wait,,32.5781,33.0403,26.1076,0.0543,-0.0334,0.1527,0.1667,0.2623,6.9327,4,0.2
2026-10-01,CAKE,The Cheesecake Factory Incorpor,消费,餐饮,XLY,107.95,Bad Market,,110.5695,111.6515,104.6663,0.0334,1.3236,0.0845,0.0377,0.2293,6.9852,3.5,0.2993
2026-10-01,CALM,"Cal-Maine Foods, Inc.",基础材料,农业,MOO,65.84,Bad Market,,79.6784,80.4253,84.7862,0.0378,-2.7389,-0.0269,0.6276,0.2982,-4.3609,3.5,0.2645
2026-10-01,CAMT,Camtek Ltd.,半导体,半导体,SOXX,153.79,Wait,,156.7879,159.0398,147.928,0.0488,1.1994,-0.202,0.2131,0.0238,11.1118,3.5,0.2049
2026-10-01,CART,Maplebear Inc.,消费,互联网零售,XLY,44.11,Bad Market,,52.1611,52.6422,46.1668,0.0364,-1.4341,-0.0741,0.3361,0.0704,6.4754,3.5,0.275
2026-10-01,CAT,"Caterpillar, Inc.",工业,工业机械,XLI,826.35,Bad Market,,834.9035,841.6829,835.207,0.0273,0.8418,-0.2077,0.1215,0.1177,6.4759,3.5,0.3657
2026-10-01,CB,Chubb Limited,金融地产,保险,XLF,331.3,Bad Market,,350.848,352.4068,347.9122,0.0157,-1.2257,-0.1308,0.14,0.0361,4.4946,3,0.5
2026-10-01,CBC,"Central Bancompany, Inc.",金融地产,银行,XLF,31.54,Bad Market,,32.9954,33.224,31.224,0.0242,-0.5925,-0.0434,0.0848,0.012,2.0,3,0.4139
2026-10-01,CBRS,Cerebras Systems Inc.,半导体,半导体,SOXX,169.52,Wait,,215.2491,219.5078,205.2776,0.0837,-1.8693,-0.292,0.0943,0.0254,14.2302,4,0.2
2026-10-01,CBSH,"Commerce Bancshares, Inc.",金融地产,银行,XLF,54.83,Bad Market,,59.1152,59.3943,57.5389,0.017,-2.4695,-0.0402,0.3288,0.155,1.8554,3,0.5
2026-10-01,CCJ,Cameco Corporation,矿业,铀,URA,85.69,Bad Market,,102.8269,103.8205,95.7682,0.0387,-2.3492,-0.2,0.3818,0.0508,8.0522,3.5,0.2587
2026-10-01,CDE,"Coeur Mining, Inc.",矿业,银,SIL,17.56,Bad Market,,21.838,22.1201,18.449,0.0535,-2.393,-0.1088,0.272,0.0492,3.6711,4,0.2
2026-10-01,CDNA,"CareDx, Inc.",医疗健康,诊断检测,XLV,66.23,Enter,0.6627,65.6623,66.5189,55.0061,0.0431,3.9079,0.3052,0.6074,0.486,11.5128,3.5,0.2319
2026-10-01,CDW,CDW Corporation,科技硬件,IT,XLK,135.83,Wait,,155.2783,157.0874,132.8937,0.0444,-1.4551,0.0126,0.2219,0.0272,24.1937,3.5,0.2252
2026-10-01,CEG,Constellation Energy Corporatio,公用电力,核电,XLU,258.92,Bad Market,,301.6392,304.6764,263.6154,0.0391,-1.2554,-0.0363,0.1313,0.0031,41.0611,3.5,0.2557
2026-10-01,CELC,Celcuity Inc.,医疗健康,生物技术,XBI,75.13,Wait,,97.3118,98.6344,78.7949,0.0587,-2.2185,-0.1752,0.3076,0.1393,19.8395,4,0.2
2026-10-01,CENX,Century Aluminum Company,基础材料,铝,XLB,35.99,Bad Market,,48.3192,48.8731,44.9054,0.0513,-2.9803,-0.2811,0.5142,0.138,3.9677,4,0.2
2026-10-01,CF,"CF Industries Holdings, Inc.",基础材料,化肥,MOO,114.54,Bad Market,,140.4154,141.7977,123.1427,0.0402,-2.8709,-0.0421,0.2674,0.0241,18.655,3.5,0.2486
2026-10-01,CFR,"Cullen/Frost Bankers, Inc.",金融地产,银行,XLF,153.48,Bad Market,,165.1292,166.0408,160.9645,0.0198,-1.958,-0.0109,0.2474,0.0686,5.0763,3,0.5
2026-10-01,CGAU,Centerra Gold Inc.,矿业,金,GDX,21.54,Bad Market,,23.6854,23.9368,21.3171,0.0389,-1.2095,-0.0281,0.1441,0.2041,2.6197,3.5,0.257
2026-10-01,CGNX,Cognex Corporation,工业,工业设备,XLI,62.22,Bad Market,,64.8422,65.4706,64.189,0.0337,0.8419,-0.1707,0.0545,0.0128,1.2816,3.5,0.2971
2026-10-01,CGON,"CG Oncology, Inc.",医疗健康,生物技术,XLV,68.35,Wait,,78.9335,79.948,68.8438,0.0495,-1.3792,0.0241,0.2037,0.048,11.1042,3.5,0.2021
2026-10-01,CHRD,Chord Energy Corporation,油气,油气勘探开发,XLE,136.85,Wait,,158.3685,159.6891,141.5935,0.0322,-1.6683,-0.0629,0.1918,0.091,18.0955,3.5,0.3109
2026-10-01,CHRN,ChronoScale Holdings Corporatio,数据中心,数据中心,DTCR,19.37,Bad Market,,22.2008,22.727,22.6141,0.0906,-0.2402,-0.1768,0.0661,0.1728,0.1129,4,0.2
2026-10-01,CHYM,"Chime Financial, Inc.",金融地产,消费金融,XLF,26.845,Bad Market,,34.8184,35.2063,30.0251,0.0482,-2.9018,-0.0258,0.3227,0.1087,5.1812,3.5,0.2076
2026-10-01,CIEN,Ciena Corporation,科技硬件,光通信,XLK,379.14,Wait,,387.2521,393.9304,356.137,0.0587,1.5331,-0.1757,0.0141,0.05,37.7934,4,0.2
2026-10-01,CIFR,Cipher Digital Inc.,数据中心,数据中心,DTCR,15.46,Bad Market,,19.375,19.8025,20.1199,0.0922,-1.167,-0.2356,0.0023,0.0671,-0.3174,4,0.2
2026-10-01,CL,Colgate-Palmolive Company,消费,消费必需品,XLP,84.53,Bad Market,,90.8573,91.3117,89.5262,0.0179,-1.8331,-0.1695,0.3819,0.1445,1.7855,3,0.5
2026-10-01,CLBK,"Columbia Financial, Inc.",金融地产,银行,XLF,11.16,Bad Market,,11.8116,11.8876,11.0596,0.0227,-1.0139,0.0488,0.1933,0.1723,0.8281,3,0.4403
2026-10-01,CLF,Cleveland-Cliffs Inc.,基础材料,钢铁,XLB,11.47,Bad Market,,12.9908,13.172,10.4541,0.0527,-1.0191,-0.0416,0.0107,0.0844,2.7179,4,0.2
2026-10-01,CLH,"Clean Harbors, Inc.",工业,环境服务,XLI,312.51,Bad Market,,325.9054,327.6546,308.8476,0.0187,-0.6051,-0.135,0.0676,0.0562,18.807,3,0.5
2026-10-01,CLMT,"Calumet, Inc",油气,燃料油,XLE,53.72,Wait,,59.5872,60.294,50.8035,0.0439,-0.699,0.1661,0.2014,0.2171,9.4906,3.5,0.228
2026-10-01,CLS,"Celestica, Inc.",科技硬件,电子元件,XLK,373.09,Wait,,377.5604,383.5611,293.5511,0.0536,1.8034,-0.0877,0.3086,0.0541,90.01,4,0.2
2026-10-01,CLSK,"CleanSpark, Inc.",数据中心,数据中心,DTCR,12.52,Bad Market,,15.3172,15.5831,12.0651,0.0708,-1.0172,-0.1696,0.084,0.0477,3.518,4,0.2
2026-10-01,CM,Canadian Imperial Bank of Comme,金融地产,银行,XLF,109.95,Bad Market,,119.2595,119.9197,117.138,0.02,-1.9065,-0.0098,0.1355,0.1564,2.7817,3,0.4996
2026-10-01,CMBT,CMB.TECH NV,航运,海运,SEA,19.61,Wait,,20.6061,20.7626,18.5839,0.0266,0.5118,0.005,0.2593,0.3042,2.1787,3.5,0.3759
2026-10-01,CMG,"Chipotle Mexican Grill, Inc.",消费,餐饮,XLY,32.32,Bad Market,,38.8432,39.1893,34.4817,0.0357,-1.8179,-0.0541,0.481,0.059,4.7076,3.5,0.2801
2026-10-01,CNC,Centene Corporation,医疗健康,健康保险,XLV,60.99,Wait,,70.0199,70.6734,61.7861,0.0357,-1.8207,-0.0282,0.1339,0.0838,8.8873,3.5,0.28
2026-10-01,CNH,CNH Industrial N.V.,工业,工业机械,XLI,12.85,Bad Market,,14.5285,14.6748,12.6937,0.0379,-1.4543,0.0266,0.1518,0.1471,1.981,3.5,0.2636
2026-10-01,CNO,"CNO Financial Group, Inc.",金融地产,保险,XLF,53.08,Bad Market,,57.2808,57.6183,53.3751,0.0212,-1.5307,0.0676,0.1787,0.0139,4.2432,3,0.4718
2026-10-01,CNP,"CenterPoint Energy, Inc (Holdin",公用电力,电力,XLU,37.21,Bad Market,,40.4456,40.641,42.6064,0.0175,-1.6769,-0.145,0.3429,0.2804,-1.9654,3,0.5
2026-10-01,CNQ,Canadian Natural Resources Limi,油气,油气勘探开发,XLE,47.79,Wait,,52.2879,52.6437,48.2522,0.0248,-1.4229,-0.0312,0.164,0.1325,4.3915,3,0.403
2026-10-01,COHR,Coherent Corp.,科技硬件,光通信,XLK,319.19,Wait,,325.7941,332.2053,293.6478,0.067,1.2696,-0.151,0.1567,0.0236,38.5575,4,0.2
2026-10-01,COHU,"Cohu, Inc.",半导体,半导体设备,SOXX,70.34,Too High,,68.8434,69.8984,55.8318,0.05,3.6743,-0.0527,0.485,0.1204,14.0666,3.5,0.2
2026-10-01,COIN,"Coinbase Global, Inc.",金融地产,加密金融,XLF,189.29,Bad Market,,203.2554,206.5336,157.3614,0.0577,0.335,-0.0144,0.0076,0.0598,49.1722,4,0.2
2026-10-01,COLD,"Americold Realty Trust, Inc.",金融地产,工业地产,XLRE,13.81,Bad Market,,15.1181,15.2663,14.2013,0.0358,-1.2836,-0.008,0.1881,0.1381,1.0649,3.5,0.2796
2026-10-01,COP,ConocoPhillips,油气,油气勘探开发,XLE,127.06,Wait,,142.4906,143.4633,129.8717,0.0255,-1.566,-0.0038,0.1251,0.1501,13.5916,3.5,0.3919
2026-10-01,CORT,Corcept Therapeutics Incorporat,医疗健康,生物制药,XBI,114.025,Wait,,119.6503,121.2204,105.2511,0.0459,0.0407,0.1628,0.0144,0.1688,15.9693,3.5,0.2179
2026-10-01,CORZ,"Core Scientific, Inc.",数据中心,数据中心,DTCR,16.35,Bad Market,,19.0006,19.3165,19.7984,0.0644,-1.0571,-0.216,0.0039,0.1477,-0.4819,4,0.2
2026-10-01,COST,Costco Wholesale Corporation,消费,消费必需品,XLP,914.94,Bad Market,,951.8693,956.6569,926.154,0.0174,0.3957,-0.0863,0.1938,0.0035,30.5029,3,0.5
2026-10-01,CP,Canadian Pacific Kansas City Li,工业,铁路,IYT,84.47,Bad Market,,93.5236,94.0238,91.6882,0.0197,-2.4147,-0.0764,0.4014,0.1153,2.3356,3,0.5
2026-10-01,CPAY,"Corpay, Inc.",金融地产,支付,XLF,389.73,Bad Market,,423.5773,426.0425,400.5876,0.0211,-1.6646,-0.1651,0.1827,0.102,25.4549,3,0.4743
2026-10-01,CRBG,Corebridge Financial Inc.,金融地产,保险,XLF,33.66,Bad Market,,35.3566,35.6191,31.9577,0.026,-0.7143,-0.0068,0.1145,0.0723,3.6614,3.5,0.3847
2026-10-01,CRC,California Resources Corporatio,油气,油气勘探开发,XLE,51.66,Wait,,58.1566,58.6355,52.0534,0.0309,-1.4168,-0.0774,0.0805,0.0143,6.5821,3.5,0.3236
2026-10-01,CRDO,Credo Technology Group Holding ,半导体,半导体,SOXX,210.17,Wait,,228.9314,233.0436,227.9912,0.0652,2.473,-0.2048,0.0835,0.0291,5.0524,4,0.2
2026-10-01,CRGY,Crescent Energy Company,油气,油气勘探开发,XLE,13.27,Wait,,15.5027,15.6456,13.7024,0.0359,-1.1806,0.0048,0.0646,0.1921,1.9432,3.5,0.2785
2026-10-01,CRL,Charles River Laboratories Inte,医疗健康,CRO,XLV,286.83,Wait,,298.8283,301.7905,264.0211,0.0344,0.2998,0.0592,0.0133,0.2229,37.7694,3.5,0.2905
2026-10-01,CRM,"Salesforce, Inc.",软件,软件,IGV,236.69,Wait,,266.7969,269.5077,232.8042,0.0382,-0.7683,0.0339,0.2034,0.2355,36.7034,3.5,0.2619
2026-10-01,CROX,"Crocs, Inc.",消费,服饰鞋类,XLY,119.24,Bad Market,,127.3324,128.6616,125.6831,0.0372,0.2295,-0.0215,0.0226,0.1004,2.9784,3.5,0.2691
2026-10-01,CRUS,"Cirrus Logic, Inc.",半导体,半导体,SOXX,120.17,Wait,,123.4117,124.4384,127.5116,0.0285,0.755,-0.2426,0.2756,0.1851,-3.0731,3.5,0.3511
2026-10-01,CRWD,"CrowdStrike Holdings, Inc.",软件,软件,IGV,266.09,Wait,,267.4109,270.9359,223.6255,0.0442,2.5271,0.1414,0.2372,0.1708,47.3103,3.5,0.2265
2026-10-01,CRWV,"CoreWeave, Inc.",数据中心,数据中心,DTCR,88.57,Bad Market,,100.8766,102.4466,86.7971,0.0591,0.3846,-0.2218,0.0554,0.057,15.6495,4,0.2
2026-10-01,CSCO,"Cisco Systems, Inc.",科技硬件,通讯,XLK,108.76,Wait,,113.2176,113.9836,116.22,0.0235,0.0554,-0.1583,0.0642,0.0366,-2.2364,3,0.426
2026-10-01,CSTM,Constellium SE,基础材料,铝加工,XLB,24.66,Bad Market,,27.7266,27.9887,26.9427,0.0354,-1.2083,-0.2242,0.212,0.1555,1.046,3.5,0.2823
2026-10-01,CSX,CSX Corporation,工业,铁路/联运,IYT,46.54,Bad Market,,50.9495,51.2132,50.5931,0.0189,-1.4665,-0.0681,0.4123,0.1121,0.6201,3,0.5
2026-10-01,CTVA,"Corteva, Inc.",基础材料,农业,MOO,12.57,Bad Market,,91.3287,93.3668,63.336,0.5405,-10.2612,0.974,0.8155,0.5496,30.0308,4,0.2
2026-10-01,CVE,Cenovus Energy Inc,油气,综合油气,XLE,31.65,Wait,,34.2365,34.5137,30.6861,0.0292,-0.684,-0.0106,0.0546,0.1522,3.8275,3.5,0.3425
2026-10-01,CVI,CVR Energy Inc.,油气,炼油,XLE,54.36,Wait,,54.6836,55.4691,44.9759,0.0482,1.7225,0.2281,0.5646,0.3745,10.4932,3.5,0.2076
2026-10-01,CVLT,"Commvault Systems, Inc.",软件,网络安全,IGV,147.77,Wait,,151.4777,153.2144,130.8389,0.0392,1.0379,0.0018,0.1549,0.0084,22.3755,3.5,0.2553
2026-10-01,CVX,Chevron Corporation,油气,综合油气,XLE,207.1,Wait,,219.841,221.0964,205.2156,0.0202,-0.47,-0.011,0.0189,0.1983,15.8809,3,0.4949
2026-10-01,CWEN,"Clearway Energy, Inc.",公用电力,电力,XLU,29.14,Bad Market,,33.4014,33.6417,31.6968,0.0275,-1.8847,-0.1798,0.2744,0.2204,1.9448,3.5,0.3638
2026-10-01,CXW,"CoreCivic, Inc.",工业,工业服务,XLI,32.49,Bad Market,,35.8729,36.3723,28.8816,0.0512,-0.7362,0.222,0.0395,0.0371,7.4907,4,0.2
2026-10-01,D,"Dominion Energy, Inc.",公用电力,电力,XLU,60.76,Bad Market,,67.339,67.6684,68.3959,0.0181,-2.407,-0.0699,0.4468,0.3505,-0.7275,3,0.5
2026-10-01,DAL,"Delta Air Lines, Inc.",工业,航空运输,IYT,84.13,Bad Market,,85.7813,86.4771,85.0223,0.0276,1.4194,-0.0636,0.2332,0.0235,1.4548,3.5,0.3627
2026-10-01,DAR,Darling Ingredients Inc.,基础材料,化工,XLB,61.64,Bad Market,,68.3164,69.0087,60.2629,0.0374,-1.1186,0.016,0.2244,0.0156,8.7458,3.5,0.2671
2026-10-01,DAVE,Dave Inc.,金融地产,消费金融,XLF,339.59,Bad Market,,394.7661,400.6254,364.4069,0.0575,-0.6551,-0.0691,0.0773,0.1504,36.2185,4,0.2
2026-10-01,DB,Deutsche Bank AG,金融地产,银行,XLF,35.13,Bad Market,,41.9113,42.1564,39.1094,0.0233,-4.2075,-0.0055,0.3784,0.0507,3.047,3,0.4301
2026-10-01,DBD,Diebold Nixdorf Incorporated,科技硬件,硬件,XLK,63.18,Wait,,69.3018,69.916,83.5848,0.0324,-0.5986,-0.1944,0.2387,0.268,-13.6688,3.5,0.3086
2026-10-01,DBX,"Dropbox, Inc.",软件,软件,IGV,34.08,Wait,,38.0808,38.4773,33.1138,0.0388,-0.6351,0.1468,0.066,0.0971,5.3636,3.5,0.2578
2026-10-01,DDOG,"Datadog, Inc.",软件,软件,IGV,276.46,Wait,,276.6146,280.2712,245.4897,0.0441,3.1859,-0.0107,0.3162,0.0308,34.7815,3.5,0.2268
2026-10-01,DE,Deere & Company,工业,工业机械,XLI,667.26,Bad Market,,716.1526,721.3543,648.7929,0.026,-1.1007,-0.0109,0.0702,0.1441,72.5614,3.5,0.3848
2026-10-01,DELL,Dell Technologies Inc.,科技硬件,硬件,XLK,541.74,Wait,,594.2331,602.9827,471.7386,0.0538,-0.0556,0.0475,0.194,0.1339,131.2441,4,0.2
2026-10-01,DEO,Diageo plc,消费,消费必需品,XLP,84.42,Bad Market,,92.6617,93.1487,92.2398,0.0192,-1.6958,-0.1378,0.348,0.0317,0.9089,3,0.5
2026-10-01,DGII,Digi International Inc.,科技硬件,通讯设备,XLK,73.39,Wait,,79.0339,79.8715,75.4683,0.038,0.4098,-0.0032,0.0537,0.1184,4.4032,3.5,0.2629
2026-10-01,DGX,Quest Diagnostics Incorporated,医疗健康,诊断检测,XLV,231.09,Wait,,249.7609,251.4166,230.8933,0.0239,-1.3302,0.0487,0.1463,0.2135,20.5233,3,0.4187
2026-10-01,DHR,Danaher Corporation,医疗健康,生命科学工具,XLV,211.76,Wait,,229.4476,231.2751,206.0089,0.0288,-0.2558,0.0188,0.0266,0.0604,25.2662,3.5,0.3476
2026-10-01,DHT,"DHT Holdings, Inc.",航运,海运,SEA,23.56,Enter,0.2196,23.5056,23.7533,20.3804,0.035,2.1639,0.1081,0.4659,0.2827,3.3729,3.5,0.2854
2026-10-01,DINO,HF Sinclair Corporation,油气,炼油,XLE,112.7,Wait,,117.747,119.144,100.3216,0.0413,0.9115,0.2494,0.2791,0.2784,18.8224,3.5,0.242
2026-10-01,DIOD,Diodes Incorporated,半导体,半导体,SOXX,97.49,Wait,,98.1549,99.4043,92.984,0.0427,1.1298,-0.217,0.1898,0.0033,6.4203,3.5,0.2341
2026-10-01,DIS,Walt Disney Company (The),通讯服务,影视娱乐,XLC,101.33,Bad Market,,109.6033,110.254,104.7427,0.0214,-1.9501,-0.038,0.2206,0.0532,5.5113,3,0.4672
2026-10-01,DK,"Delek US Holdings, Inc.",油气,炼油,XLE,74.34,Wait,,82.3947,83.6616,64.6569,0.0568,0.1826,0.1947,0.0,0.134,19.0048,4,0.2
2026-10-01,DLR,"Digital Realty Trust, Inc.",金融地产,房地产,XLRE,176.49,Bad Market,,191.2649,192.6343,184.1732,0.0259,-1.4331,-0.0638,0.1874,0.0028,8.4611,3.5,0.3866
2026-10-01,DLTR,"Dollar Tree, Inc.",消费,消费必需品,XLP,114.43,Bad Market,,133.0543,134.2099,123.2684,0.0337,-0.8722,-0.0919,0.2749,0.1153,10.9415,3.5,0.2971
2026-10-01,DOC,"Healthpeak Properties, Inc.",金融地产,医疗地产,XLRE,19.44,Bad Market,,21.2244,21.3411,21.6526,0.02,-2.5402,-0.0924,0.3898,0.1901,-0.3114,3,0.4996
2026-10-01,DOCU,"DocuSign, Inc.",软件,软件,IGV,69.74,Wait,,72.5474,73.3545,62.4335,0.0386,0.7417,0.0274,0.1133,0.2127,10.921,3.5,0.2592
2026-10-01,DOW,Dow Inc.,基础材料,化工,XLB,27.59,Bad Market,,31.5559,31.8237,29.7753,0.0324,-1.6079,-0.1963,0.3379,0.0764,2.0484,3.5,0.309
2026-10-01,DRI,"Darden Restaurants, Inc.",消费,餐饮,XLY,197.41,Bad Market,,222.0041,223.6254,208.7654,0.0274,-2.1207,-0.03,0.2318,0.0072,14.86,3.5,0.3653
2026-10-01,DSX,Diana Shipping inc.,航运,海运,SEA,2.82,Wait,,3.1382,3.17,2.7395,0.0375,-1.0579,0.0011,0.0811,0.2545,0.4305,3.5,0.2664
2026-10-01,DTM,"DT Midstream, Inc.",油气,油气中游,AMLP,120.08,Bad Market,,132.3408,133.2351,137.7471,0.0248,-2.0124,-0.0781,0.525,0.3068,-4.5121,3,0.4028
2026-10-01,DUK,Duke Energy Corporation (Holdin,公用电力,电力,XLU,113.74,Bad Market,,122.1972,122.6755,125.7371,0.014,-2.3173,-0.1752,0.4166,0.2124,-3.0616,3,0.5
2026-10-01,DVN,Devon Energy Corporation,油气,油气勘探开发,XLE,47.16,Wait,,51.8016,52.2226,46.418,0.0298,-0.8914,0.005,0.0808,0.1019,5.8046,3.5,0.336
2026-10-01,DXCM,"DexCom, Inc.",医疗健康,医疗器械,IHI,86.23,Bad Market,,91.9223,92.571,84.7717,0.0251,-0.336,-0.1269,0.2463,0.1785,7.7993,3.5,0.3988
2026-10-01,EAT,"Brinker International, Inc.",消费,餐饮,XLY,194.33,Bad Market,,235.9233,238.6229,222.4451,0.0463,-1.7775,0.0371,0.3552,0.0556,16.1777,3.5,0.216
2026-10-01,EBAY,eBay Inc.,消费,互联网零售,XLY,105.89,Bad Market,,113.9589,114.9588,105.7744,0.0315,-0.4644,0.0032,0.0757,0.0687,9.1844,3.5,0.3177
2026-10-01,ECL,Ecolab Inc.,基础材料,化工,XLB,271.26,Bad Market,,285.8161,287.3857,274.9038,0.0193,-0.8299,-0.0886,0.2598,0.0068,12.4819,3,0.5
2026-10-01,ECO,Okeanis Eco Tankers Corp.,航运,海运,SEA,85.74,Wait,,87.1574,88.1762,74.4139,0.0396,2.371,0.2506,0.4736,0.3478,13.7623,3.5,0.2525
2026-10-01,EFXT,Enerflex Ltd,油气,油气设备服务,XLE,25.44,Too High,,23.8844,24.2014,20.2721,0.0415,2.6729,0.1034,0.5112,0.06,3.9293,3.5,0.2408
2026-10-01,EGO,Eldorado Gold Corporation,矿业,金,GDX,37.61,Bad Market,,45.2291,45.7978,40.5577,0.0504,-2.4069,0.0039,0.2879,0.1242,5.2401,4,0.2
2026-10-01,EHC,Encompass Health Corporation,医疗健康,医疗服务,XLV,119.06,Wait,,125.2106,126.0719,117.1973,0.0241,-1.1061,-0.0264,0.0501,0.1358,8.8745,3,0.4147
2026-10-01,EIX,Edison International,公用电力,电力,XLU,53.8,Bad Market,,59.868,60.4957,73.0569,0.0389,-0.6106,-0.0516,0.0071,0.2715,-12.5612,3.5,0.2571
2026-10-01,EL,"Estee Lauder Companies, Inc. (T",消费,消费必需品,XLP,90.19,Bad Market,,104.7619,105.7496,94.6866,0.0365,-2.1487,0.0016,0.304,0.0819,11.0631,3.5,0.2739
2026-10-01,ELAN,Elanco Animal Health Incorporat,医疗健康,动物制药,XLV,21.77,Wait,,24.8977,25.1207,23.8579,0.0342,-1.7459,-0.1549,0.353,0.1643,1.2628,3.5,0.2928
2026-10-01,ELV,"Elevance Health, Inc.",医疗健康,健康保险,XLV,381.67,Wait,,428.0567,431.0742,389.0361,0.0264,-2.4316,-0.0612,0.0958,0.0308,42.0381,3.5,0.3795
2026-10-01,EMBJ,Embraer S.A.,航空国防,航空航天国防,ITA,74.09,Bad Market,,79.3709,80.0723,70.4465,0.0316,-0.4737,0.0228,0.1373,0.1624,9.6258,3.5,0.3169
2026-10-01,EMN,Eastman Chemical Company,基础材料,化工,XLB,64.05,Bad Market,,73.0805,73.5778,69.3583,0.0259,-2.033,-0.1376,0.3956,0.075,4.2195,3.5,0.3864
2026-10-01,EMR,Emerson Electric Company,工业,工业机械,XLI,158.57,Bad Market,,160.9757,162.1275,152.8623,0.0242,1.7098,-0.0451,0.1334,0.1738,9.2652,3,0.413
2026-10-01,ENB,Enbridge Inc,油气,油气中游,AMLP,46.27,Bad Market,,51.1002,51.3284,54.5785,0.0164,-2.8034,-0.1344,0.5218,0.4029,-3.2501,3,0.5
2026-10-01,ENPH,"Enphase Energy, Inc.",公用电力,太阳能,TAN,32.82,Bad Market,,39.1866,39.7216,36.9174,0.0543,-1.2158,-0.2946,0.2174,0.1904,2.8042,4,0.2
2026-10-01,ENS,EnerSys,工业,锂电池,XLI,189.59,Bad Market,,185.7559,187.4114,184.0853,0.0291,2.0711,-0.2326,0.1231,0.0718,3.3262,3.5,0.3436
2026-10-01,ENTG,"Entegris, Inc.",半导体,半导体材料,SOXX,158.48,Too High,,156.3548,158.3324,140.7382,0.0416,2.5525,-0.1843,0.2905,0.0768,17.5942,3.5,0.2404
2026-10-01,EOG,"EOG Resources, Inc.",油气,油气勘探开发,XLE,141.31,Wait,,155.1531,156.2239,141.2479,0.0253,-0.8687,-0.0337,0.0823,0.0316,14.9759,3.5,0.3959
2026-10-01,EPD,Enterprise Products Partners L.,油气,油气中游,AMLP,35.67,Bad Market,,39.6815,39.8744,37.4309,0.018,-3.8676,-0.0087,0.4393,0.1089,2.4435,3,0.5
2026-10-01,EQH,"Equitable Holdings, Inc.",金融地产,保险,XLF,51.95,Bad Market,,54.5595,54.9768,49.1716,0.0268,-0.6887,0.0132,0.1185,0.064,5.8052,3.5,0.3735
2026-10-01,EQIX,"Equinix, Inc.",数据中心,数据中心,DTCR,1012.33,Bad Market,,1069.3833,1077.3139,1009.5765,0.0261,-0.5662,-0.0267,0.1294,0.0136,67.7374,3.5,0.3829
2026-10-01,EQNR,Equinor ASA,油气,综合油气,XLE,42.17,Wait,,46.1717,46.5089,41.8154,0.0267,-1.0737,-0.0278,0.0371,0.1501,4.6935,3.5,0.3751
2026-10-01,EQT,EQT Corporation,油气,油气勘探开发,XLE,50.09,Wait,,56.2509,56.6712,50.8466,0.028,-1.52,-0.0336,0.2784,0.024,5.8246,3.5,0.3575
2026-10-01,EQX,Equinox Gold Corp.,矿业,金,GDX,10.82,Bad Market,,13.2282,13.39,12.0923,0.0498,-2.465,-0.1044,0.2411,0.0757,1.2977,3.5,0.2006
2026-10-01,ERAS,"Erasca, Inc.",医疗健康,生物技术,XBI,14.58,Wait,,18.082,18.385,17.2203,0.0693,-0.7572,-0.0863,0.3815,0.2748,1.1646,4,0.2
2026-10-01,ERIC,Ericsson,科技硬件,通讯设备,XLK,9.215,Wait,,10.4022,10.4668,9.7338,0.0234,-3.1872,-0.1725,0.3493,0.1279,0.7329,3,0.4278
2026-10-01,ERO,Ero Copper Corp.,矿业,铜,COPX,35.75,Bad Market,,38.6304,39.201,32.7921,0.0532,0.0731,0.0657,0.0601,0.1725,6.4089,4,0.2
2026-10-01,EROC,"ERock, Inc.",公用电力,电气设备,GRID,12.15,Bad Market,,13.9569,14.2823,13.0618,0.0893,-0.1567,-0.1598,0.0272,0.0022,1.2205,4,0.2
2026-10-01,ES,Eversource Energy (D/B/A),公用电力,电力,XLU,64.31,Bad Market,,72.1038,72.4721,71.7073,0.0191,-2.5783,-0.0983,0.3858,0.2641,0.7648,3,0.5
2026-10-01,ESE,ESCO Technologies Inc.,航空国防,航空航天国防,ITA,269.92,Bad Market,,276.7192,279.1485,303.818,0.03,0.438,-0.1803,0.0517,0.228,-24.6695,3.5,0.3333
2026-10-01,ESI,Element Solutions Inc.,基础材料,化工,XLB,36.33,Bad Market,,36.6433,37.0409,34.5812,0.0365,1.4,-0.1278,0.0484,0.0661,2.4597,3.5,0.2741
2026-10-01,ESTC,Elastic N.V.,软件,软件,IGV,92.31,Wait,,98.4731,99.6736,85.904,0.0434,0.9687,0.0497,0.1089,0.2385,13.7696,3.5,0.2307
2026-10-01,ETN,"Eaton Corporation, PLC",工业,工业机械,XLI,437.28,Bad Market,,446.8628,450.9541,412.2284,0.0312,1.3429,-0.0808,0.1951,0.0519,38.7256,3.5,0.3206
2026-10-01,ETR,Entergy Corporation,公用电力,电力,XLU,100.4,Bad Market,,109.534,110.1406,109.8835,0.0201,-1.2506,-0.0515,0.291,0.2477,0.2572,3,0.4965
2026-10-01,ETSY,"Etsy, Inc.",消费,互联网零售,XLY,72.84,Bad Market,,82.7584,83.6979,76.0692,0.043,-0.1295,0.0096,0.2748,0.1452,7.6287,3.5,0.2326
2026-10-01,EVRG,"Evergy, Inc.",公用电力,电力,XLU,78.79,Bad Market,,82.8444,83.207,83.5537,0.0153,-1.0209,-0.0986,0.1835,0.1984,-0.3466,3,0.5
2026-10-01,EW,Edwards Lifesciences Corporatio,医疗健康,医疗器械,IHI,85.19,Bad Market,,91.6719,92.306,87.3193,0.0248,-1.0641,-0.0418,0.2447,0.0399,4.9867,3,0.4031
2026-10-01,EWTX,"Edgewise Therapeutics, Inc.",医疗健康,生物制药,XBI,40.48,Wait,,47.3791,48.0378,38.1573,0.0542,-1.0962,-0.0013,0.0645,0.006,9.8805,4,0.2
2026-10-01,EXC,Exelon Corporation,公用电力,电力,XLU,40.47,Bad Market,,44.8876,45.1022,45.3843,0.0177,-2.474,-0.1448,0.4362,0.254,-0.2821,3,0.5
2026-10-01,EXE,Expand Energy Corporation,油气,油气勘探开发,XLE,85.96,Wait,,100.8396,101.5344,91.8743,0.0269,-2.3002,-0.0659,0.4729,0.0247,9.6601,3.5,0.3712
2026-10-01,EXK,Endeavour Silver Corporation,矿业,银,SIL,8.56,Bad Market,,11.5786,11.7416,9.2974,0.0635,-2.7156,-0.0856,0.2966,0.0323,2.4442,4,0.2
2026-10-01,EXPD,Expeditors International of Was,工业,货运代理,IYT,187.74,Bad Market,,195.7774,196.9378,182.2959,0.0206,-0.2616,-0.0044,0.0412,0.0904,14.6419,3,0.4854
2026-10-01,EXPE,"Expedia Group, Inc.",消费,在线旅游,XLY,262.67,Bad Market,,319.7467,323.2612,298.1274,0.0446,-1.4217,0.0074,0.45,0.0127,25.1338,3.5,0.2242
2026-10-01,EXTR,"Extreme Networks, Inc.",科技硬件,网络,XLK,21.97,Wait,,22.9497,23.1769,29.6891,0.0345,0.2357,-0.2551,0.0695,0.2805,-6.5122,3.5,0.2901
2026-10-01,F,Ford Motor Company,消费,可选消费,XLY,12.27,Bad Market,,14.7427,14.8606,13.904,0.032,-2.7802,-0.1115,0.3076,0.1512,0.9566,3.5,0.3121
2026-10-01,FANG,"Diamondback Energy, Inc.",油气,油气勘探开发,XLE,185.51,Wait,,213.3851,215.0157,192.5068,0.0293,-1.8147,-0.0775,0.2356,0.024,22.5089,3.5,0.3413
2026-10-01,FAST,Fastenal Company,工业,工业分销,XLI,50.225,Bad Market,,51.4807,51.7751,49.4358,0.0195,0.6781,-0.0891,0.0964,0.1619,2.3393,3,0.5
2026-10-01,FCFS,"FirstCash Holdings, Inc.",金融地产,消费金融,XLF,208.15,Bad Market,,230.4615,232.3443,214.4636,0.0302,-1.9,-0.1379,0.116,0.0329,17.8807,3.5,0.3317
2026-10-01,FCX,"Freeport-McMoRan, Inc.",矿业,铜,COPX,69.28,Bad Market,,77.3128,78.1323,70.3488,0.0394,-1.0127,-0.0292,0.2286,0.0993,7.7835,3.5,0.2536
2026-10-01,FDS,FactSet Research Systems Inc.,金融地产,资本市场,XLF,277.61,Bad Market,,316.3261,319.9772,270.9535,0.0438,-0.1421,0.0401,0.246,0.0755,49.0237,3.5,0.2281
2026-10-01,FDX,FedEx Corporation,工业,快递物流,IYT,287.07,Bad Market,,330.2707,332.327,318.7871,0.0239,-2.2759,-0.1123,0.4226,0.1191,13.5398,3,0.4188
2026-10-01,FE,FirstEnergy Corp.,公用电力,电力,XLU,43.39,Bad Market,,47.3992,47.6148,47.7646,0.0166,-2.4148,-0.1074,0.3388,0.2855,-0.1498,3,0.5
2026-10-01,FERG,Ferguson Enterprises Inc.,工业,工业分销,XLI,221.49,Bad Market,,230.6249,232.3402,243.7677,0.0258,0.0722,-0.0963,0.0567,0.05,-11.4274,3.5,0.3874
2026-10-01,FFIV,"F5, Inc.",科技硬件,通讯设备,XLK,443.68,Wait,,460.4268,464.4702,408.8174,0.0304,1.4654,0.0193,0.2436,0.0526,55.6528,3.5,0.3292
2026-10-01,FIVE,"Five Below, Inc.",消费,折扣零售,XLY,221.17,Bad Market,,256.2817,259.118,229.63,0.0427,-1.6056,0.0526,0.2785,0.1151,29.488,3.5,0.2339
2026-10-01,FIVN,"Five9, Inc.",软件,软件,IGV,35.75,Wait,,39.0443,39.6357,30.7645,0.0551,0.945,0.1363,0.0492,0.1851,8.8712,4,0.2
2026-10-01,FLEX,Flex Ltd.,科技硬件,电子元件,XLK,112.78,Wait,,116.9078,118.5126,111.277,0.0474,0.3498,-0.1726,0.0645,0.0886,7.2356,3.5,0.2108
2026-10-01,FLNC,"Fluence Energy, Inc.",公用电力,电力,GRID,7.57,Bad Market,,11.1645,11.3512,13.1804,0.0822,-1.9104,-0.4988,0.4122,0.3026,-1.8292,4,0.2
2026-10-01,FLNG,FLEX LNG Ltd.,航运,海运,SEA,31.32,Wait,,32.8332,33.0583,30.2686,0.024,-0.2532,-0.0583,0.0535,0.0178,2.7897,3,0.4173
2026-10-01,FLOC,Flowco Holdings Inc.,油气,油气设备服务,XLE,18.28,Wait,,22.1228,22.3647,20.9079,0.0441,-2.197,-0.1197,0.4645,0.083,1.4568,3.5,0.2267
2026-10-01,FLR,Fluor Corporation,工业,建筑,XLI,49.33,Bad Market,,57.9933,58.5917,50.5186,0.0404,-2.0813,-0.0479,0.2302,0.0206,8.0731,3.5,0.2473
2026-10-01,FLS,Flowserve Corporation,工业,工业机械,XLI,73.06,Bad Market,,79.8206,80.5051,74.8146,0.0312,-0.6772,-0.1229,0.2411,0.0649,5.6905,3.5,0.3202
2026-10-01,FN,Fabrinet,科技硬件,光通信,XLK,451.44,Too High,,428.7844,435.4824,520.4371,0.0495,2.1902,-0.2995,0.1663,0.0367,-84.9547,3.5,0.2022
2026-10-01,FNV,Franco-Nevada Corporation,矿业,金,GDX,235.79,Bad Market,,272.6679,275.5961,237.6076,0.0414,-2.525,0.1315,0.2667,0.1313,37.9885,3.5,0.2416
2026-10-01,FORM,"FormFactor, Inc.",半导体,半导体材料,SOXX,148.44,Wait,,150.7965,153.0262,119.58,0.0501,4.2331,-0.1323,0.5032,0.1232,33.4462,4,0.2
2026-10-01,FOXA,Fox Corporation,通讯服务,影视娱乐,XLC,61.28,Bad Market,,69.1428,69.6363,64.5728,0.0268,-2.2813,-0.1026,0.3037,0.099,5.0635,3.5,0.3725
2026-10-01,FPS,"Forgent Power Solutions, Inc.",工业,电气设备,XLI,37.33,Bad Market,,40.3458,41.0446,33.3033,0.0624,1.1435,-0.1646,0.2113,0.0685,7.7413,4,0.2
2026-10-01,FRO,Frontline Plc,航运,海运,SEA,51.54,Wait,,54.5454,55.1006,47.553,0.0359,1.4558,0.1155,0.3664,0.286,7.5476,3.5,0.2785
2026-10-01,FROG,JFrog Ltd.,软件,软件,IGV,97.59,Wait,,101.1068,102.6619,83.2945,0.0531,1.2625,0.0278,0.0493,0.042,19.3674,4,0.2
2026-10-01,FRSH,Freshworks Inc.,软件,软件,IGV,13.15,Wait,,14.0515,14.195,12.2455,0.0364,1.2478,-0.0274,0.1434,0.1659,1.9495,3.5,0.2749
2026-10-01,FSLR,"First Solar, Inc.",公用电力,太阳能,TAN,172.11,Bad Market,,215.0556,217.7641,213.9371,0.0525,-2.6024,-0.1624,0.241,0.173,3.827,4,0.2
2026-10-01,FSLY,"Fastly, Inc.",软件,软件,IGV,26.39,Wait,,30.1249,30.8373,20.5219,0.09,0.9181,0.1576,0.1407,0.1037,10.3154,4,0.2
2026-10-01,FTI,TechnipFMC plc,油气,油气设备服务,XLE,68.85,Wait,,80.7685,81.3929,72.7954,0.0302,-2.3677,-0.0718,0.4294,0.0554,8.5975,3.5,0.3308
2026-10-01,FTNT,"Fortinet, Inc.",软件,网络安全,IGV,178.72,Wait,,180.5472,182.4839,156.1651,0.0361,1.6222,0.0512,0.1167,0.079,26.3188,3.5,0.2768
2026-10-01,FUL,H. B. Fuller Company,基础材料,材料,XLB,50.23,Bad Market,,55.4523,56.014,57.0269,0.0373,-0.4518,-0.0274,0.4387,0.1461,-1.0129,3.5,0.2683
2026-10-01,GD,General Dynamics Corporation,航空国防,航空航天国防,ITA,332.72,Bad Market,,374.4793,376.3569,377.1943,0.0188,-2.8018,-0.114,0.6309,0.1848,-0.8374,3,0.5
2026-10-01,GE,GE Aerospace,航空国防,航空航天国防,ITA,312.39,Bad Market,,340.2439,342.7538,351.9382,0.0268,-1.0698,-0.0934,0.2956,0.1708,-9.1844,3.5,0.3734
2026-10-01,GEHC,GE HealthCare Technologies Inc.,医疗健康,医疗器械,IHI,63.98,Bad Market,,71.8698,72.3202,70.3158,0.0235,-1.2931,-0.1655,0.4606,0.0141,2.0044,3,0.4261
2026-10-01,GEL,"Genesis Energy, L.P.",油气,油气中游,AMLP,13.68,Bad Market,,16.7068,16.8298,15.1345,0.03,-3.4122,-0.0805,0.614,0.0725,1.6954,3.5,0.3335
2026-10-01,GEN,Gen Digital Inc.,软件,网络安全,IGV,22.25,Wait,,31.6615,32.0387,26.3802,0.0565,-4.4145,0.2296,0.493,0.1259,5.6585,4,0.2
2026-10-01,GENB,"Generate Biomedicines, Inc.",医疗健康,生物制药,XBI,13.8,Wait,,17.67,17.9849,16.1809,0.0761,-2.1681,-0.0615,0.1486,0.009,1.804,4,0.2
2026-10-01,GEV,GE Vernova Inc.,公用电力,电气设备,GRID,987.45,Bad Market,,981.1845,992.069,952.194,0.0367,1.3341,-0.169,0.2287,0.0569,39.875,3.5,0.2722
2026-10-01,GFI,Gold Fields Limited,矿业,金,GDX,35.79,Bad Market,,48.519,49.0575,41.6897,0.0502,-3.8341,-0.0288,0.4002,0.0453,7.3678,4,0.2
2026-10-01,GFL,GFL Environmental Inc. Subordin,工业,环境服务,XLI,40.43,Bad Market,,44.1343,44.5092,39.3561,0.0309,-1.5468,0.0372,0.1155,0.0441,5.1531,3.5,0.3235
2026-10-01,GFS,GlobalFoundries Inc.,半导体,半导体,SOXX,48.68,Wait,,49.4868,50.0799,54.4907,0.0406,1.2749,-0.3167,0.191,0.171,-4.4108,3.5,0.2462
2026-10-01,GH,"Guardant Health, Inc.",医疗健康,诊断检测,XLV,174.75,Wait,,184.8475,187.0662,157.2154,0.0423,0.5002,0.0095,0.2496,0.0621,29.8508,3.5,0.2363
2026-10-01,GILD,"Gilead Sciences, Inc.",医疗健康,制药,XLV,147.5,Wait,,154.145,155.1673,142.4467,0.0231,-0.4666,-0.0458,0.0342,0.1628,12.7206,3,0.4328
2026-10-01,GKOS,Glaukos Corporation,医疗健康,医疗器械,IHI,163.17,Bad Market,,186.6717,188.7026,165.8556,0.0415,-0.5419,0.0353,0.2191,0.0407,22.8471,3.5,0.241
2026-10-01,GLBE,Global-E Online Ltd.,软件,软件,IGV,40.21,Wait,,41.9521,42.3824,37.3403,0.0357,1.1191,-0.0454,0.168,0.0287,5.0421,3.5,0.2804
2026-10-01,GLNG,Golar LNG Limited,油气,油气中游,AMLP,48.3,Bad Market,,53.613,54.0053,48.5536,0.0271,-1.9502,-0.0453,0.2223,0.0784,5.4516,3.5,0.3694
2026-10-01,GLW,Corning Incorporated,科技硬件,电子元件,XLK,160.42,Wait,,170.117,172.6025,141.2698,0.0516,0.7403,-0.2072,0.1077,0.0452,31.3328,4,0.2
2026-10-01,GM,General Motors Company,消费,汽车,XLY,79.31,Bad Market,,88.5531,89.3444,81.0687,0.0333,-1.7642,0.0658,0.1838,0.0207,8.2757,3.5,0.3007
2026-10-01,GMAB,Genmab A/S,医疗健康,生物制药,XBI,34.55,Wait,,36.0205,36.267,33.2101,0.0238,0.3417,0.0093,0.1538,0.2293,3.0568,3,0.4205
2026-10-01,GNK,Genco Shipping & Trading Limite,航运,海运,SEA,27.22,Wait,,28.3922,28.6449,25.1723,0.0309,0.2808,-0.0082,0.1032,0.0827,3.4726,3.5,0.3232
2026-10-01,GOOGL,Alphabet Inc.,通讯服务,互联网媒体,XLC,338.24,Bad Market,,358.3524,361.0876,345.7389,0.027,-0.4687,-0.0408,0.0115,0.1074,15.3487,3.5,0.371
2026-10-01,GPC,Genuine Parts Company,消费,汽车零部件,XLY,125.12,Bad Market,,139.3312,140.2362,130.4405,0.0241,-2.0849,-0.1008,0.3756,0.0439,9.7957,3,0.4148
2026-10-01,GPN,Global Payments Inc.,金融地产,支付,XLF,80.29,Bad Market,,93.6129,94.3711,85.9838,0.0315,-2.6962,-0.083,0.3575,0.024,8.3874,3.5,0.3177
2026-10-01,GRAL,"GRAIL, Inc.",医疗健康,诊断检测,XLV,132.56,Wait,,141.7846,144.2816,106.8273,0.0628,4.3591,0.3824,0.6631,0.3307,37.4542,4,0.2
2026-10-01,GRDN,"Guardian Pharmacy Services, Inc",医疗健康,药房,XLV,40.84,Wait,,48.4084,48.9163,42.0739,0.0415,-1.3227,-0.0191,0.1895,0.0196,6.8424,3.5,0.2412
2026-10-01,GRMN,Garmin Ltd.,消费,可选消费,XLY,282.46,Bad Market,,297.8646,300.0306,287.8897,0.0256,0.1224,0.0024,0.024,0.1776,12.1409,3.5,0.3912
2026-10-01,GS,"Goldman Sachs Group, Inc. (The)",金融地产,投行,XLF,896.67,Bad Market,,1047.5767,1054.9172,1066.4301,0.0273,-3.0555,-0.1235,0.422,0.2949,-11.5128,3.5,0.3665
2026-10-01,GSK,GSK plc,医疗健康,制药,XLV,47.18,Wait,,51.5518,51.8512,50.7159,0.0212,-2.5185,-0.0728,0.2269,0.1141,1.1353,3,0.4727
2026-10-01,GTLB,GitLab Inc.,软件,软件,IGV,49.95,Wait,,50.7695,51.3956,42.9654,0.0418,0.7816,0.0387,0.136,0.2743,8.4302,3.5,0.2393
2026-10-01,HAE,Haemonetics Corporation,医疗健康,医疗器械,IHI,104.37,Bad Market,,109.7737,110.572,99.4862,0.0255,-0.3391,-0.0487,0.0723,0.3843,11.0859,3.5,0.3922
2026-10-01,HAFN,Hafnia Limited,航运,海运,SEA,10.07,Wait,,10.2207,10.3294,8.8516,0.036,2.0047,0.2506,0.3505,0.2814,1.4778,3.5,0.2779
2026-10-01,HAL,Halliburton Company,油气,油气设备服务,XLE,31.88,Wait,,37.9488,38.2187,34.4813,0.0282,-2.9807,-0.1333,0.5172,0.1128,3.7373,3.5,0.3544
2026-10-01,HALO,"Halozyme Therapeutics, Inc.",医疗健康,生物制药,XBI,106.94,Wait,,116.2894,117.2029,104.563,0.0285,-1.1406,0.0942,0.0128,0.3378,12.6398,3.5,0.3512
2026-10-01,HBM,Hudbay Minerals Inc.,矿业,铜,COPX,26.18,Bad Market,,29.2618,29.6436,26.3359,0.0486,-0.5559,-0.0531,0.1834,0.1094,3.3077,3.5,0.2057
2026-10-01,HCC,"Warrior Met Coal, Inc.",矿业,焦煤,XME,89.08,Bad Market,,109.4208,110.5885,94.907,0.0437,-1.5496,-0.0512,0.4106,0.0671,15.6814,3.5,0.2289
2026-10-01,HD,"Home Depot, Inc. (The)",消费,家居零售,XLY,282.46,Bad Market,,330.6546,332.6604,335.5624,0.0237,-3.1065,-0.1301,0.5663,0.2543,-2.902,3,0.4225
2026-10-01,HEI,Heico Corporation,航空国防,航空航天国防,ITA,306.39,Bad Market,,334.2139,336.5769,347.1016,0.0257,-0.3114,-0.1321,0.285,0.1942,-10.5246,3.5,0.389
2026-10-01,HESM,Hess Midstream LP,油气,油气中游,AMLP,38.05,Bad Market,,41.3505,41.6023,38.4518,0.0221,-1.656,0.0133,0.2911,0.0608,3.1505,3,0.4533
2026-10-01,HHH,Howard Hughes Holdings Inc.,金融地产,房地产,XLRE,72.06,Bad Market,,75.6006,76.3582,66.0418,0.035,2.815,0.2854,0.2533,0.0124,10.3163,3.5,0.2854
2026-10-01,HIMX,"Himax Technologies, Inc.",半导体,半导体,SOXX,14.45,Wait,,14.8745,15.055,13.3039,0.0416,0.8168,-0.2988,0.0962,0.0244,1.7511,3.5,0.2401
2026-10-01,HLN,Haleon plc,消费,消费必需品,XLP,8.72,Bad Market,,10.1572,10.2149,9.7034,0.022,-3.0647,0.0271,0.5137,0.1725,0.5114,3,0.4537
2026-10-01,HNGE,"Hinge Health, Inc.",医疗健康,医疗科技,XLV,97.94,Wait,,98.2194,99.4581,82.788,0.0422,1.2001,0.059,0.1402,0.1159,16.6702,3.5,0.2372
2026-10-01,HOOD,"Robinhood Markets, Inc.",金融地产,券商,XLF,111.15,Bad Market,,125.942,127.775,100.2797,0.055,-0.8496,0.008,0.08,0.0227,27.4954,4,0.2
2026-10-01,HP,"Helmerich & Payne, Inc.",油气,油气设备服务,XLE,38.2,Wait,,48.022,48.4796,42.3013,0.0399,-2.2585,-0.0022,0.2619,0.1024,6.1783,3.5,0.2504
2026-10-01,HPE,Hewlett Packard Enterprise Comp,科技硬件,IT,XLK,64.58,Wait,,64.6127,65.6967,49.4365,0.056,1.5462,0.2062,0.264,0.1885,16.2602,4,0.2
2026-10-01,HPQ,HP Inc.,科技硬件,硬件,XLK,32.15,Wait,,35.8015,36.2269,30.517,0.0441,-0.2768,0.092,0.1109,0.1894,5.7099,3.5,0.2267
2026-10-01,HRB,"H&R Block, Inc.",消费,消费服务,XLY,42.32,Bad Market,,52.0732,52.5413,48.7183,0.0369,-1.537,-0.0444,0.5756,0.0226,3.8231,3.5,0.2712
2026-10-01,HSBC,"HSBC Holdings, plc.",金融地产,银行,XLF,95.82,Bad Market,,108.0291,108.5806,102.3454,0.0192,-3.8497,0.0,0.2687,0.0784,6.2351,3,0.5
2026-10-01,HSIC,"Henry Schein, Inc.",医疗健康,医药分销,XLV,84.93,Wait,,91.7093,92.2422,85.5308,0.0209,-1.1979,-0.0605,0.216,0.0494,6.7114,3,0.4781
2026-10-01,HTFL,"Heartflow, Inc.",医疗健康,医疗科技,XLV,48.91,Wait,,51.2391,51.9317,42.6698,0.0472,-0.0416,0.0375,0.0729,0.3618,9.2618,3.5,0.2119
2026-10-01,HUM,Humana Inc.,医疗健康,健康保险,XLV,379.68,Wait,,413.5968,417.6343,362.696,0.0354,-0.9282,0.0333,0.0277,0.0801,54.9382,3.5,0.2821
2026-10-01,HUN,Huntsman Corporation,基础材料,化工,XLB,8.67,Bad Market,,9.8867,9.9895,12.0203,0.0395,-1.431,-0.301,0.2493,0.2481,-2.0308,3.5,0.2529
2026-10-01,HUT,Hut 8 Corp.,数据中心,数据中心,DTCR,86.36,Bad Market,,108.0756,110.274,88.3582,0.0849,-1.0918,-0.12,0.0839,0.0617,21.9158,4,0.2
2026-10-01,HWC,Hancock Whitney Corporation,金融地产,银行,XLF,71.93,Bad Market,,76.6411,77.0677,75.5135,0.0198,-1.6429,-0.0588,0.1761,0.1409,1.5542,3,0.5
2026-10-01,HWKN,"Hawkins, Inc.",基础材料,化工,XLB,127.19,Bad Market,,130.6019,131.7809,131.5345,0.0309,0.5286,-0.2133,0.178,0.1448,0.2464,3.5,0.3236
2026-10-01,HWM,Howmet Aerospace Inc.,航空国防,航空航天国防,ITA,228.38,Bad Market,,262.7738,264.8998,267.8463,0.031,-0.6389,-0.136,0.1746,0.2102,-2.9465,3.5,0.3223
2026-10-01,IAG,Iamgold Corporation,矿业,金,GDX,18.34,Bad Market,,21.1234,21.3657,19.3433,0.044,-1.9155,-0.0749,0.2,0.1202,2.0224,3.5,0.2271
2026-10-01,IBKR,"Interactive Brokers Group, Inc.",金融地产,券商,XLF,85.81,Bad Market,,98.1481,98.9853,88.4229,0.0325,-1.4384,-0.0918,0.3123,0.1206,10.5624,3.5,0.3075
2026-10-01,IBM,International Business Machines,科技硬件,IT,XLK,225.62,Wait,,251.3462,253.46,224.4287,0.0312,-1.0624,-0.1806,0.1025,0.0703,29.0314,3.5,0.3202
2026-10-01,ICE,Intercontinental Exchange Inc.,金融地产,资本市场,XLF,151.47,Bad Market,,166.1047,167.1195,154.4418,0.0223,-1.3644,-0.0629,0.2371,0.125,12.6777,3,0.4478
2026-10-01,IEX,IDEX Corporation,工业,工业机械,XLI,229.85,Bad Market,,233.4485,234.8399,226.6058,0.0202,0.981,-0.0543,0.0288,0.0525,8.2341,3,0.4956
2026-10-01,IFF,International Flavors & Fragran,基础材料,化工,XLB,83.12,Bad Market,,87.7712,88.313,82.6518,0.0217,-0.9958,-0.1428,0.2215,0.1337,5.6612,3,0.4602
2026-10-01,ILMN,"Illumina, Inc.",医疗健康,生命科学工具,XLV,265.72,Wait,,276.5572,279.9533,234.279,0.0426,2.6065,0.2723,0.366,0.2765,45.6743,3.5,0.2347
2026-10-01,IMAX,Imax Corporation,通讯服务,影视娱乐,XLC,52.52,Bad Market,,56.8552,57.4372,49.5397,0.0369,-0.3817,0.0757,0.0779,0.2271,7.8975,3.5,0.2707
2026-10-01,IMNM,"Immunome, Inc.",医疗健康,生物制药,XBI,20.89,Wait,,27.647,28.0024,25.0859,0.0567,-2.9445,-0.0272,0.5138,0.058,2.9164,4,0.2
2026-10-01,IMOS,ChipMOS TECHNOLOGIES INC.,半导体,半导体,SOXX,72.68,Enter,0.1913,72.5068,73.412,61.2195,0.0415,3.7469,-0.0631,0.4322,0.0364,12.1924,3.5,0.2409
2026-10-01,INCY,Incyte Corporation,医疗健康,生物制药,XBI,117.14,Wait,,130.0014,131.0243,117.9966,0.0291,-2.2213,-0.0117,0.1515,0.0204,13.0276,3.5,0.3436
2026-10-01,INFQ,"Infleqtion, Inc.",科技硬件,量子计算,QTUM,13.36,Wait,,14.6827,14.9418,11.056,0.0646,-0.073,-0.1922,0.0382,0.1302,3.8858,4,0.2
2026-10-01,INGM,Ingram Micro Holding Corporatio,科技硬件,IT,XLK,27.79,Wait,,29.1179,29.4233,26.8372,0.0366,0.6862,-0.0016,0.0291,0.0271,2.5861,3.5,0.273
2026-10-01,INSW,"International Seaways, Inc.",航运,海运,SEA,114.6,Too High,,112.296,113.5884,96.0724,0.0376,1.985,0.1495,0.3904,0.2741,17.516,3.5,0.266
2026-10-01,INTC,Intel Corporation,半导体,半导体,SOXX,120.0,Wait,,128.6047,130.4268,103.0955,0.0506,1.8515,-0.0676,0.375,0.0918,27.3314,4,0.2
2026-10-01,IONQ,"IonQ, Inc.",科技硬件,量子计算,QTUM,43.99,Wait,,46.0271,46.8479,35.8971,0.0622,1.3517,-0.1509,0.2086,0.08,10.9508,4,0.2
2026-10-01,IONS,"Ionis Pharmaceuticals, Inc.",医疗健康,生物制药,XBI,44.0,Wait,,61.77,62.4271,55.9036,0.0498,-2.5991,-0.0733,0.5479,0.1645,6.5235,3.5,0.2009
2026-10-01,IOT,Samsara Inc.,软件,软件,IGV,40.04,Wait,,43.3144,43.921,34.8218,0.0505,0.4444,-0.0283,0.0345,0.0572,9.0992,4,0.2
2026-10-01,IOVA,"Iovance Biotherapeutics, Inc.",医疗健康,生物制药,XBI,14.23,Wait,,14.9901,15.2452,11.4185,0.0598,4.8672,0.5042,0.6326,0.4757,3.8267,4,0.2
2026-10-01,IPGP,IPG Photonics Corporation,科技硬件,光电,XLK,83.66,Too High,,81.1266,82.1377,96.1137,0.0403,1.8057,-0.3274,0.2573,0.181,-13.976,3.5,0.2482
2026-10-01,IQV,"IQVIA Holdings, Inc.",医疗健康,CRO,XLV,260.72,Wait,,277.6272,279.7788,249.918,0.0275,-0.8794,-0.0184,0.0061,0.2433,29.8608,3.5,0.3635
2026-10-01,IRDM,Iridium Communications Inc,航空国防,卫星通信,ITA,47.87,Bad Market,,49.3687,49.6721,47.1659,0.0211,0.2625,-0.3706,0.0948,0.0237,2.5062,3,0.4733
2026-10-01,IREN,IREN LIMITED,数据中心,数据中心,DTCR,40.65,Bad Market,,49.0884,49.896,37.7821,0.0662,-1.2503,-0.2527,0.114,0.0225,12.1139,4,0.2
2026-10-01,ITT,ITT Inc.,工业,工业机械,XLI,202.13,Bad Market,,215.9913,217.846,198.1717,0.0306,-0.2074,0.0112,0.0244,0.0489,19.6744,3.5,0.3269
2026-10-01,JBL,Jabil Inc.,科技硬件,电子元件,XLK,299.79,Wait,,321.9279,326.2617,319.7987,0.0482,-0.4349,0.0001,0.0399,0.0467,6.463,3.5,0.2075
2026-10-01,JCI,Johnson Controls International ,工业,暖通楼宇,XLI,151.77,Bad Market,,151.7177,152.7555,144.3821,0.0228,2.1387,-0.1244,0.3112,0.0859,8.3734,3,0.4387
2026-10-01,JEF,Jefferies Financial Group Inc.,金融地产,投行,XLF,45.25,Bad Market,,56.1725,56.6956,51.1272,0.0385,-2.633,-0.0679,0.392,0.293,5.5684,3.5,0.2595
2026-10-01,JHX,James Hardie Industries plc.,工业,建筑,XLI,25.2,Bad Market,,30.642,30.9393,27.6111,0.0393,-2.1547,0.0235,0.364,0.038,3.3282,3.5,0.2543
2026-10-01,JNJ,Johnson & Johnson,医疗健康,制药,XLV,258.66,Wait,,281.0166,282.5799,262.7972,0.0201,-2.0994,-0.0099,0.1524,0.0831,19.7827,3,0.4964
2026-10-01,JPM,JP Morgan Chase & Co.,金融地产,银行,XLF,333.18,Bad Market,,365.3519,367.3271,345.4283,0.0198,-2.2437,-0.009,0.3194,0.0818,21.8988,3,0.5
2026-10-01,JXN,Jackson Financial Inc.,金融地产,保险,XLF,129.48,Bad Market,,141.9248,143.0898,127.038,0.03,-1.3088,0.0398,0.1026,0.0499,16.0518,3.5,0.3334
2026-10-01,KALU,Kaiser Aluminum Corporation,基础材料,铝加工,XLB,148.39,Bad Market,,169.2839,171.2524,170.4238,0.0442,-1.067,-0.1169,0.1557,0.0589,0.8286,3.5,0.2261
2026-10-01,KEYS,Keysight Technologies Inc.,科技硬件,科技仪器,XLK,373.88,Too High,,367.7788,371.0187,326.2411,0.0289,3.3049,-0.0889,0.3969,0.1459,44.7777,3.5,0.3462
2026-10-01,KGS,"Kodiak Gas Services, Inc.",油气,油气中游,AMLP,53.56,Bad Market,,64.6756,65.3995,59.1443,0.0451,-1.7859,-0.0752,0.1933,0.1782,6.2552,3.5,0.222
2026-10-01,KHC,The Kraft Heinz Company,消费,消费必需品,XLP,22.46,Bad Market,,26.4846,26.6729,25.4226,0.028,-3.0343,-0.0529,0.5377,0.1472,1.2503,3.5,0.3577
2026-10-01,KKR,KKR & Co. Inc.,金融地产,私募股权,XLF,91.24,Bad Market,,110.6724,111.6128,104.3284,0.0344,-2.7675,-0.1065,0.4861,0.0917,7.2844,3.5,0.2911
2026-10-01,KLAC,KLA Corporation,半导体,半导体,SOXX,200.33,Enter,0.7897,198.5333,200.8085,197.9555,0.0379,2.5042,-0.2453,0.2771,0.0895,2.8531,3.5,0.2641
2026-10-01,KLIC,"Kulicke and Soffa Industries, I",半导体,半导体,SOXX,96.03,Enter,0.7055,95.2103,96.3721,94.9854,0.0403,2.8228,-0.2492,0.3864,0.0759,1.3867,3.5,0.248
2026-10-01,KMI,"Kinder Morgan, Inc.",油气,油气中游,AMLP,30.53,Bad Market,,32.5453,32.7475,30.8476,0.0221,-0.9472,-0.047,0.2736,0.0885,1.8999,3,0.4529
2026-10-01,KMX,CarMax Inc,消费,汽车零售,XLY,55.89,Bad Market,,63.8489,64.6359,55.0386,0.0469,-1.2355,0.1799,0.2269,0.0582,9.5973,3.5,0.2131
2026-10-01,KNOP,KNOT Offshore Partners LP,航运,海运,SEA,10.47,Wait,,11.6447,11.7389,10.4411,0.03,-1.8696,-0.0474,0.1209,0.0359,1.2978,3.5,0.3335
2026-10-01,KNSA,Kiniksa Pharmaceuticals Interna,医疗健康,制药,XLV,75.22,Wait,,81.2222,81.9912,71.9483,0.0341,-0.726,-0.0077,0.1423,0.1682,10.0429,3.5,0.2934
2026-10-01,KNTK,Kinetik Holdings Inc.,油气,油气中游,AMLP,51.01,Bad Market,,55.5401,56.0085,49.6351,0.0306,-1.4827,0.022,0.3812,0.0642,6.3734,3.5,0.3267
2026-10-01,KO,Coca-Cola Company (The),消费,消费必需品,XLP,86.1,Bad Market,,89.9634,90.3314,88.3098,0.0142,-1.517,-0.1311,0.2112,0.085,2.0216,3,0.5
2026-10-01,KOD,Kodiak Sciences Inc,医疗健康,生物技术,XBI,98.46,Too High,,96.247,98.4175,65.8598,0.0735,7.7523,0.7688,0.775,0.4769,32.5577,4,0.2
2026-10-01,LAES,SEALSQ Corp,半导体,半导体,SOXX,2.36,Wait,,2.5136,2.5469,2.6211,0.0471,0.198,-0.3736,0.1262,0.0761,-0.0742,3.5,0.2124
2026-10-01,LBRT,Liberty Energy Inc.,油气,油气设备服务,XLE,18.47,Wait,,22.2503,22.5357,21.3344,0.0515,-1.1304,-0.1797,0.1354,0.1889,1.2013,4,0.2
2026-10-01,LFST,"LifeStance Health Group, Inc.",医疗健康,医疗服务,XLV,11.91,Wait,,13.4991,13.629,11.8644,0.0364,-1.4722,0.0355,0.1157,0.0786,1.7646,3.5,0.275
2026-10-01,LH,Labcorp Holdings Inc.,医疗健康,诊断检测,XLV,304.6,Wait,,335.706,337.8742,317.6581,0.0237,-1.7388,-0.019,0.3375,0.1552,20.2161,3,0.4215
2026-10-01,LHX,"L3Harris Technologies, Inc.",航空国防,航空航天国防,ITA,238.4,Bad Market,,268.634,270.2456,289.0837,0.0225,-1.5985,-0.223,0.636,0.2558,-18.838,3,0.4438
2026-10-01,LIN,Linde plc,基础材料,化工气体,XLB,469.45,Bad Market,,493.4984,495.8494,497.2296,0.0167,0.1299,-0.1267,0.2795,0.2006,-1.3802,3,0.5
2026-10-01,LITE,Lumentum Holdings Inc.,科技硬件,光通信,XLK,1045.78,Too High,,1002.4092,1022.553,720.3954,0.0642,1.8574,-0.04,0.1808,0.1298,302.1576,4,0.2
2026-10-01,LLY,Eli Lilly and Company,医疗健康,制药,XLV,1149.85,Wait,,1196.2785,1205.9412,1167.6087,0.028,-0.0843,-0.0599,0.0353,0.0076,38.3325,3.5,0.357
2026-10-01,LMT,Lockheed Martin Corporation,航空国防,航空航天国防,ITA,505.5,Bad Market,,566.285,569.8253,573.2768,0.0233,-1.8282,-0.1263,0.435,0.0216,-3.4515,3,0.4284
2026-10-01,LNC,Lincoln National Corporation,金融地产,保险,XLF,39.73,Bad Market,,46.0573,46.408,42.9081,0.0294,-2.4908,-0.0377,0.2407,0.0341,3.4999,3.5,0.3398
2026-10-01,LNG,"Cheniere Energy, Inc.",油气,油气中游,XLE,272.4,Wait,,298.584,300.7198,270.9417,0.0261,-0.4381,-0.0518,0.2705,0.0765,29.7781,3.5,0.3826
2026-10-01,LNT,Alliant Energy Corporation,公用电力,天然气/电力,XLU,63.71,Bad Market,,69.1756,69.515,72.3563,0.0178,-1.8917,-0.0688,0.3864,0.3373,-2.8413,3,0.5
2026-10-01,LOGI,Logitech International S.A. - R,科技硬件,硬件,XLK,103.315,Wait,,106.8531,107.7137,101.6206,0.0278,0.71,-0.0671,0.1231,0.0319,6.093,3.5,0.3602
2026-10-01,LPG,Dorian LPG Ltd.,航运,海运,SEA,56.59,Wait,,58.8759,59.5005,51.023,0.0368,0.7973,0.1061,0.3009,0.2547,8.4775,3.5,0.2718
2026-10-01,LQDA,Liquidia Corporation,医疗健康,生物制药,XBI,27.99,Wait,,74.9688,76.9171,65.0534,0.232,-5.9274,0.4002,0.5234,0.3142,11.8636,4,0.2
2026-10-01,LRCX,Lam Research Corporation,半导体,半导体设备,SOXX,340.1,Too High,,331.911,336.0945,295.0328,0.041,2.8689,-0.1879,0.2183,0.0091,41.0616,3.5,0.2439
2026-10-01,LSCC,Lattice Semiconductor Corporati,半导体,半导体,SOXX,128.86,Wait,,129.3386,130.947,119.3653,0.0416,2.2508,-0.1745,0.209,0.0187,11.5817,3.5,0.2404
2026-10-01,LTH,"Life Time Group Holdings, Inc.",消费,消费服务,XLY,40.36,Bad Market,,43.8936,44.3137,40.8294,0.0347,-0.4396,0.055,0.149,0.0478,3.4843,3.5,0.2882
2026-10-01,LUMN,"Lumen Technologies, Inc.",通讯服务,电信,XLC,5.59,Bad Market,,7.092,7.185,5.7902,0.0554,-2.6633,-0.2165,0.2185,0.0927,1.3948,4,0.2
2026-10-01,LUNR,"Intuitive Machines, Inc.",航空国防,航空航天国防,ITA,14.05,Bad Market,,16.4454,16.7534,16.2729,0.0731,-0.7689,-0.3602,0.1196,0.0237,0.4805,4,0.2
2026-10-01,LWLG,"Lightwave Logic, Inc.",科技硬件,电光聚合物材料,XLK,5.44,Wait,,5.6731,5.7827,6.6485,0.0672,0.765,-0.4417,0.0024,0.0796,-0.8659,4,0.2
2026-10-01,LYB,LyondellBasell Industries NV,基础材料,化工,XLB,57.78,Bad Market,,67.1478,67.7335,61.2674,0.0338,-2.2357,-0.1244,0.3554,0.0036,6.4661,3.5,0.296
2026-10-01,MA,Mastercard Incorporated,金融地产,支付,XLF,550.0,Bad Market,,593.9507,596.7351,572.016,0.0169,-2.009,-0.1053,0.389,0.05,24.7191,3,0.5
2026-10-01,MANE,"Veradermics, Incorporated",医疗健康,生物制药,XBI,117.22,Wait,,122.4666,124.3216,98.9675,0.0527,1.5572,-0.0791,0.3346,0.038,25.3541,4,0.2
2026-10-01,MANH,"Manhattan Associates, Inc.",软件,软件,IGV,204.15,Wait,,225.2315,227.3122,199.4849,0.034,-0.6443,-0.0578,0.2562,0.2038,27.8273,3.5,0.2943
2026-10-01,MARA,"MARA Holdings, Inc.",数据中心,数据中心,DTCR,11.21,Bad Market,,13.7958,14.0446,10.3132,0.074,-0.9744,-0.1169,0.0449,0.0378,3.7314,4,0.2
2026-10-01,MATX,"Matson, Inc.",航运,海运,SEA,225.5,Wait,,240.855,242.9371,214.3092,0.0308,-0.3264,0.076,0.0096,0.0979,28.6279,3.5,0.3249
2026-10-01,MCD,McDonald's Corporation,消费,餐饮,XLY,231.83,Bad Market,,265.8583,267.26,262.2428,0.0202,-3.4102,-0.0752,0.6426,0.2305,5.0172,3,0.4962
2026-10-01,MCHP,Microchip Technology Incorporat,半导体,半导体,SOXX,78.5,Wait,,79.565,80.3748,76.812,0.0344,1.6135,-0.2113,0.1725,0.0757,3.5628,3.5,0.2908
2026-10-01,MCK,McKesson Corporation,医疗健康,医药分销,XLV,898.82,Wait,,933.7682,941.101,839.2306,0.0272,0.5276,0.0578,0.0498,0.1332,101.8704,3.5,0.3677
2026-10-01,MDA,MDA Space Ltd.,航空国防,航空航天国防,ITA,28.97,Bad Market,,32.0797,32.4906,30.8366,0.0473,-0.7072,-0.2196,0.0069,0.1075,1.654,3.5,0.2115
2026-10-01,MDB,"MongoDB, Inc.",软件,软件,IGV,351.73,Wait,,458.802,466.9501,363.6492,0.0772,-1.0556,0.1906,0.2875,0.0246,103.3009,4,0.2
2026-10-01,MDLN,Medline Inc.,医疗健康,医疗用品,XLV,34.94,Wait,,36.9394,37.3257,37.5334,0.0369,0.7537,-0.1636,0.0069,0.0969,-0.2077,3.5,0.2714
2026-10-01,MDT,Medtronic plc.,医疗健康,医疗器械,IHI,86.44,Bad Market,,95.0344,95.6476,88.0381,0.0236,-2.3095,-0.016,0.2153,0.1103,7.6095,3,0.4229
2026-10-01,MEDP,"Medpace Holdings, Inc.",医疗健康,CRO,XLV,598.08,Wait,,636.1708,641.0934,572.7602,0.0274,-0.6004,-0.0785,0.0273,0.146,68.3331,3.5,0.3645
2026-10-01,MEOH,Methanex Corporation,基础材料,甲醇,XLB,58.55,Bad Market,,65.0555,65.6493,57.5418,0.0338,-0.9803,-0.0951,0.0188,0.0698,8.1075,3.5,0.2958
2026-10-01,MET,"MetLife, Inc.",金融地产,保险,XLF,94.35,Bad Market,,100.1735,100.7404,94.2808,0.02,-1.2928,0.0168,0.0409,0.044,6.4596,3,0.4993
2026-10-01,META,"Meta Platforms, Inc.",通讯服务,互联网媒体,XLC,725.93,Bad Market,,784.8493,792.6991,686.0097,0.036,1.6256,0.1319,0.4125,0.0622,106.6893,3.5,0.2774
2026-10-01,MFC,Manulife Financial Corporation,金融地产,保险,XLF,42.55,Bad Market,,44.9477,45.1622,42.6241,0.0168,-1.6266,-0.0241,0.0154,0.0263,2.5381,3,0.5
2026-10-01,MGA,"Magna International, Inc.",消费,汽车零部件,XLY,64.46,Bad Market,,69.5146,70.035,66.9792,0.0269,-0.1868,-0.072,0.0443,0.0285,3.0558,3.5,0.3716
2026-10-01,MGNI,"Magnite, Inc.",软件,广告技术,IGV,25.44,Wait,,25.9244,26.2517,21.8517,0.0429,1.0037,0.1362,0.1668,0.1811,4.4,3.5,0.2332
2026-10-01,MGY,Magnolia Oil & Gas Corporation,油气,油气勘探开发,XLE,24.07,Wait,,28.7907,29.0424,25.6138,0.0349,-2.1534,-0.0354,0.2536,0.0902,3.4286,3.5,0.2869
2026-10-01,MHK,"Mohawk Industries, Inc.",消费,家居用品,XLY,125.12,Bad Market,,134.8812,136.148,125.3202,0.0338,-0.2153,-0.0052,0.0591,0.101,10.8279,3.5,0.2963
2026-10-01,MKSI,MKS Inc.,半导体,半导体设备,SOXX,271.24,Wait,,270.7624,274.215,313.5192,0.0424,1.3634,-0.2834,0.1089,0.1661,-39.3042,3.5,0.2357
2026-10-01,MLI,"Mueller Industries, Inc.",工业,工业金属,XLI,61.32,Bad Market,,64.3532,64.7953,65.0394,0.024,0.1751,-0.1608,0.0862,0.0848,-0.2441,3,0.4161
2026-10-01,MMM,3M Company,工业,工业制造,XLI,163.02,Bad Market,,173.4602,174.5004,173.378,0.0213,-0.9902,-0.0755,0.2201,0.0236,1.1224,3,0.4702
2026-10-01,MMSI,"Merit Medical Systems, Inc.",医疗健康,医疗器械,IHI,86.15,Bad Market,,91.5415,92.0958,86.4369,0.0214,-0.506,-0.1175,0.3152,0.2566,5.6589,3,0.4663
2026-10-01,MNR,Mach Natural Resources LP,油气,油气勘探开发,XLE,10.29,Wait,,12.8129,12.8988,12.6379,0.0278,-4.0705,-0.0968,0.6261,0.3825,0.2609,3.5,0.3594
2026-10-01,MNST,Monster Beverage Corporation,消费,消费必需品,XLP,42.14,Bad Market,,46.3414,46.6459,46.9245,0.0241,-1.3693,-0.0082,0.3699,0.2013,-0.2786,3,0.4151
2026-10-01,MO,"Altria Group, Inc.",消费,消费必需品,XLP,66.95,Bad Market,,71.2795,71.6851,70.8641,0.0202,-1.5352,-0.1129,0.1367,0.0751,0.821,3,0.4952
2026-10-01,MOG.A,Moog Inc.,航空国防,航空航天国防,ITA,390.19,Bad Market,,393.8619,397.5049,402.8777,0.0311,1.5856,-0.0942,0.2065,0.0147,-5.3727,3.5,0.3213
2026-10-01,MOS,Mosaic Company (The),基础材料,化肥,MOO,21.55,Bad Market,,26.7455,27.0656,22.7957,0.0495,-2.8497,0.0291,0.2206,0.0554,4.2699,3.5,0.202
2026-10-01,MPC,Marathon Petroleum Corporation,油气,炼油,XLE,420.15,Wait,,429.0915,433.6591,371.6014,0.0362,1.458,0.2939,0.3297,0.3625,62.0577,3.5,0.276
2026-10-01,MPLX,MPLX LP,油气,油气中游,AMLP,56.35,Bad Market,,60.7897,61.1255,57.1518,0.0199,-2.0859,0.0528,0.2645,0.002,3.9737,3,0.5
2026-10-01,MRCY,Mercury Systems Inc,航空国防,航空航天国防,ITA,84.07,Bad Market,,88.1707,89.2861,100.3469,0.0442,0.2195,-0.2224,0.0993,0.1354,-11.0608,3.5,0.2261
2026-10-01,MRNA,"Moderna, Inc.",医疗健康,生物制药,XBI,188.94,Wait,,206.1894,210.2834,148.8726,0.0722,1.8474,0.421,0.3655,0.3103,61.4108,4,0.2
2026-10-01,MRVL,"Marvell Technology, Inc.",半导体,半导体,SOXX,268.08,Enter,0.3028,266.8908,270.8175,218.398,0.0488,2.1511,-0.147,0.3909,0.1331,52.4196,3.5,0.2048
2026-10-01,MRX,Marex Group Limited,金融地产,资本市场,XLF,70.96,Bad Market,,78.9796,79.9386,67.0814,0.045,-0.6616,0.056,0.0423,0.067,12.8572,3.5,0.222
2026-10-01,MS,Morgan Stanley,金融地产,投行,XLF,188.01,Bad Market,,219.6001,221.0516,211.6153,0.0257,-3.4959,-0.0829,0.4925,0.2775,9.4363,3.5,0.3886
2026-10-01,MSFT,Microsoft Corporation,软件,软件,IGV,512.8,Wait,,521.298,524.8172,480.9777,0.0229,1.0483,-0.0128,0.0428,0.2991,43.8396,3,0.4371
2026-10-01,MSGE,Madison Square Garden Entertain,通讯服务,影视娱乐,XLC,80.05,Bad Market,,82.5705,83.3945,78.8067,0.0343,0.4045,0.0987,0.0971,0.0865,4.5878,3.5,0.2914
2026-10-01,MSGS,Madison Square Garden Sports Co,通讯服务,体育娱乐,XLC,399.19,Bad Market,,420.3319,423.7448,376.523,0.0285,0.1723,0.0545,0.1835,0.039,47.2218,3.5,0.3509
2026-10-01,MT,Arcelor Mittal NY Registry Shar,基础材料,钢铁,XLB,64.56,Bad Market,,79.3856,80.0047,71.5167,0.032,-4.2233,-0.021,0.3543,0.0485,8.488,3.5,0.3128
2026-10-01,MTCH,"Match Group, Inc.",通讯服务,互联网媒体,XLC,40.13,Bad Market,,44.8013,45.1702,40.0961,0.0306,-1.4439,0.0313,0.0403,0.0006,5.0741,3.5,0.3263
2026-10-01,MTDR,Matador Resources Company,油气,油气勘探开发,XLE,52.96,Wait,,63.6996,64.2773,56.4296,0.0364,-1.9534,-0.0212,0.2069,0.005,7.8478,3.5,0.275
2026-10-01,MTG,MGIC Investment Corporation,金融地产,保险,XLF,26.37,Bad Market,,31.7337,31.9677,28.7396,0.0296,-4.266,0.2168,0.531,0.1029,3.2281,3.5,0.338
2026-10-01,MTRN,Materion Corporation,工业,工业金属,XLI,285.14,Bad Market,,272.4414,275.7742,258.1971,0.039,2.9173,-0.0726,0.4648,0.0773,17.5771,3.5,0.2567
2026-10-01,MTZ,"MasTec, Inc.",工业,建筑,XLI,213.66,Bad Market,,248.4971,251.9728,312.5179,0.0542,-0.8807,-0.2303,0.205,0.2861,-60.5451,4,0.2
2026-10-01,MU,"Micron Technology, Inc.",半导体,半导体,SOXX,1097.39,Wait,,1107.1339,1121.3215,930.6383,0.0431,1.8035,-0.1623,0.2584,0.1148,190.6832,3.5,0.232
2026-10-01,MUFG,"Mitsubishi UFJ Financial Group,",金融地产,银行,XLF,22.62,Bad Market,,24.3562,24.5094,22.5978,0.0226,-1.5194,0.0906,0.0175,0.0082,1.9116,3,0.4429
2026-10-01,MWH,"SOLV Energy, Inc.",公用电力,太阳能,TAN,24.63,Bad Market,,27.1531,27.5478,27.4678,0.0534,-0.4964,-0.2257,0.0686,0.114,0.08,4,0.2
2026-10-01,MXL,"MaxLinear, Inc",半导体,半导体,SOXX,92.12,Wait,,95.1239,97.0497,68.1621,0.0697,2.4204,-0.1008,0.3988,0.0138,28.8876,4,0.2
2026-10-01,NAT,Nordic American Tankers Limited,航运,海运,SEA,8.17,Wait,,8.3317,8.427,7.1382,0.0389,1.6843,0.1448,0.4323,0.2819,1.2887,3.5,0.2572
2026-10-01,NBIS,Nebius Group N.V.,数据中心,数据中心,DTCR,232.28,Bad Market,,247.0949,251.9172,213.3824,0.0692,0.3598,-0.1406,0.1574,0.0513,38.5348,4,0.2
2026-10-01,NBIX,"Neurocrine Biosciences, Inc.",医疗健康,生物科技,XBI,140.71,Wait,,159.7571,160.9939,171.0704,0.0293,-1.9297,-0.0821,0.313,0.2325,-10.0764,3.5,0.3413
2026-10-01,NDAQ,"Nasdaq, Inc.",金融地产,资本市场,XLF,91.67,Bad Market,,99.6267,100.251,93.2266,0.0227,-0.8166,-0.0619,0.2502,0.0056,7.0244,3,0.4405
2026-10-01,NDSN,Nordson Corporation,工业,工业机械,XLI,329.02,Bad Market,,334.3474,336.1638,316.5357,0.0184,1.9175,-0.0519,0.1144,0.2249,19.6281,3,0.5
2026-10-01,NE,Noble Corporation plc A,油气,油气设备服务,XLE,41.72,Wait,,48.4972,48.9573,42.7117,0.0368,-1.8963,-0.0258,0.2431,0.0253,6.2456,3.5,0.272
2026-10-01,NEE,"NextEra Energy, Inc.",公用电力,电力,XLU,76.35,Bad Market,,84.7309,85.1335,85.7643,0.0176,-2.7711,-0.1307,0.3996,0.38,-0.6308,3,0.5
2026-10-01,NEM,Newmont Corporation,矿业,金,GDX,114.67,Bad Market,,131.5767,132.7508,121.4424,0.0341,-2.3114,-0.0716,0.2286,0.1372,11.3084,3.5,0.293
2026-10-01,NEOG,Neogen Corporation,医疗健康,生命科学工具,XLV,12.24,Wait,,14.1024,14.2655,12.0769,0.0444,-0.7586,0.1583,0.1278,0.1657,2.1886,3.5,0.2251
2026-10-01,NESR,National Energy Services Reunit,油气,油气设备服务,XLE,24.935,Wait,,35.4354,35.9236,29.8015,0.0653,-4.5445,0.0858,0.6644,0.0858,6.122,4,0.2
2026-10-01,NET,"Cloudflare, Inc.",软件,网络安全,IGV,351.0,Wait,,362.33,367.2723,301.1595,0.0469,1.5463,0.0668,0.2254,0.165,66.1128,3.5,0.2131
2026-10-01,NEU,NewMarket Corp,基础材料,化工,XLB,921.14,Bad Market,,921.6514,928.6098,880.7389,0.0252,1.344,-0.0189,0.1313,0.2963,47.8709,3.5,0.3971
2026-10-01,NFLX,"Netflix, Inc.",通讯服务,流媒体娱乐,XLC,67.85,Bad Market,,83.4085,84.0217,75.5763,0.0301,-3.5092,-0.1191,0.4169,0.0792,8.4454,3.5,0.332
2026-10-01,NGL,NGL ENERGY PARTNERS LP,油气,油气中游,AMLP,15.6,Bad Market,,19.126,19.3252,16.6457,0.0426,-1.4908,-0.0981,0.4849,0.0146,2.6795,3.5,0.2349
2026-10-01,NHC,National HealthCare Corporation,医疗健康,医疗服务,XLV,223.35,Wait,,229.9935,231.8741,214.81,0.0281,-0.0362,-0.0823,0.1217,0.0377,17.0641,3.5,0.3563
2026-10-01,NI,NiSource Inc,公用电力,天然气/电力,XLU,39.5,Bad Market,,42.2414,42.4463,44.7015,0.0173,-1.466,-0.1354,0.2152,0.3028,-2.2553,3,0.5
2026-10-01,NJR,NewJersey Resources Corporation,公用电力,天然气,XLU,51.15,Bad Market,,54.6091,54.9145,56.9955,0.0199,-1.4614,-0.0778,0.2797,0.2458,-2.0809,3,0.5
2026-10-01,NKE,"Nike, Inc.",消费,运动服饰,XLY,35.15,Bad Market,,39.4115,39.7083,41.1079,0.0281,-1.5073,-0.1743,0.4035,0.2192,-1.3996,3.5,0.3553
2026-10-01,NMM,Navios Maritime Partners LP,航运,海运,SEA,91.65,Wait,,94.6265,95.3648,85.097,0.0269,0.1823,0.0346,0.1362,0.2299,10.2678,3.5,0.3724
2026-10-01,NN,NextNav Inc.,科技硬件,软件基础设施,XLK,13.76,Wait,,16.06,16.3451,16.0946,0.069,-1.192,-0.1911,0.2196,0.038,0.2505,4,0.2
2026-10-01,NOG,"Northern Oil and Gas, Inc.",油气,油气勘探开发,XLE,23.52,Wait,,27.3552,27.6122,24.3413,0.0364,-1.564,-0.0446,0.2444,0.1155,3.2709,3.5,0.2745
2026-10-01,NOK,Nokia Corporation Sponsored,科技硬件,通讯设备,XLK,10.37,Wait,,11.2337,11.3738,9.6157,0.045,-0.015,-0.1803,0.0366,0.053,1.758,3.5,0.2221
2026-10-01,NOV,NOV Inc.,油气,油气设备服务,XLE,18.91,Wait,,21.8991,22.0829,19.5652,0.0324,-2.6078,-0.0489,0.4648,0.0282,2.5177,3.5,0.3086
2026-10-01,NRG,"NRG Energy, Inc.",公用电力,电力,XLU,96.93,Bad Market,,120.6093,121.8183,128.8848,0.0416,-2.3572,-0.2272,0.276,0.2328,-7.0665,3.5,0.2405
2026-10-01,NSIT,"Insight Enterprises, Inc.",科技硬件,IT,XLK,161.33,Wait,,166.9833,168.7454,144.8121,0.0364,0.5498,0.0796,0.0674,0.3169,23.9333,3.5,0.2747
2026-10-01,NTAP,"NetApp, Inc.",科技硬件,硬件,XLK,215.05,Too High,,212.2305,214.5552,182.9589,0.036,2.7014,0.0731,0.3614,0.2745,31.5963,3.5,0.2775
2026-10-01,NTNX,"Nutanix, Inc.",软件,软件,IGV,71.52,Enter,0.6383,71.1252,71.7438,63.1936,0.0288,1.5205,-0.0363,0.171,0.3116,8.5502,3.5,0.3469
2026-10-01,NTR,Nutrien Ltd.,基础材料,化肥,MOO,69.73,Bad Market,,81.4273,82.0664,73.2743,0.0305,-3.253,0.0431,0.2197,0.0232,8.7921,3.5,0.3273
2026-10-01,NU,Nu Holdings Ltd.,金融地产,银行,XLF,13.29,Bad Market,,15.8129,15.9796,13.7346,0.0418,-1.5068,0.0193,0.18,0.0345,2.245,3.5,0.2391
2026-10-01,NVDA,NVIDIA Corporation,半导体,半导体,SOXX,230.86,Wait,,232.6686,234.4159,209.9748,0.0252,1.3171,-0.1147,0.1495,0.0855,24.4411,3.5,0.3964
2026-10-01,NVGS,Navigator Holdings Ltd.,航运,海运,SEA,23.8,Wait,,25.298,25.5155,22.5224,0.0305,0.5248,0.0663,0.2209,0.1414,2.9931,3.5,0.3283
2026-10-01,NVO,Novo Nordisk A/S,医疗健康,制药,XLV,37.4,Wait,,47.884,48.2188,47.7043,0.0298,-4.1903,-0.1548,0.4458,0.2768,0.5145,3.5,0.3352
2026-10-01,NVT,nVent Electric plc,工业,电气设备,XLI,165.77,Bad Market,,166.0677,168.0137,154.5069,0.0391,1.3518,-0.0889,0.191,0.0297,13.5068,3.5,0.2556
2026-10-01,NVTS,Navitas Semiconductor Corporati,半导体,半导体,SOXX,12.12,Wait,,12.6236,12.869,11.3082,0.0675,0.7085,-0.3446,0.0626,0.0413,1.5608,4,0.2
2026-10-01,NWE,"NorthWestern Energy Group, Inc.",公用电力,天然气/电力,XLU,68.53,Bad Market,,72.4653,72.9151,68.7719,0.0219,-0.5412,-0.0256,0.043,0.0845,4.1433,3,0.4571
2026-10-01,NWG,NatWest Group plc,金融地产,银行,XLF,17.4,Bad Market,,19.124,19.2476,18.1835,0.0237,-2.8084,0.0549,0.1356,0.0378,1.0641,3,0.4222
2026-10-01,NWSA,News Corporation,通讯服务,媒体出版,XLC,28.64,Bad Market,,31.2364,31.4492,29.062,0.0248,-1.3294,-0.0119,0.284,0.0307,2.3873,3,0.4037
2026-10-01,NXE,Nexgen Energy Ltd.,矿业,铀,URA,8.87,Bad Market,,10.8187,10.9354,9.848,0.0439,-2.2768,-0.1824,0.3306,0.0294,1.0874,3.5,0.2279
2026-10-01,NXPI,NXP Semiconductors N.V.,半导体,半导体,SOXX,239.19,Wait,,240.4719,242.6607,253.4742,0.0305,1.2521,-0.2248,0.1565,0.1574,-10.8135,3.5,0.3278
2026-10-01,NXT,Nextpower Inc.,公用电力,太阳能,TAN,79.48,Bad Market,,86.2448,87.3909,95.7583,0.0481,-0.549,-0.3426,0.0734,0.2188,-8.3674,3.5,0.208
2026-10-01,NYT,New York Times Company (The),通讯服务,媒体出版,XLC,63.71,Bad Market,,73.0471,73.7358,69.6557,0.036,-1.4241,0.0616,0.1344,0.1693,4.0801,3.5,0.2775
2026-10-01,OGE,OGE Energy Corp,公用电力,电力,XLU,45.67,Bad Market,,47.7697,47.9975,47.6717,0.0166,-0.2318,-0.0735,0.0051,0.1495,0.3259,3,0.5
2026-10-01,OKE,"ONEOK, Inc.",油气,油气中游,AMLP,87.16,Bad Market,,98.3816,99.1305,88.7727,0.0286,-2.2777,0.0198,0.3745,0.0603,10.3578,3.5,0.3491
2026-10-01,OKLO,Oklo Inc.,公用电力,核能,NLR,36.14,Bad Market,,43.7636,44.4439,39.3489,0.0627,-1.1529,-0.3627,0.1644,0.1,5.095,4,0.2
2026-10-01,OKTA,"Okta, Inc.",软件,网络安全,IGV,212.63,Enter,0.4778,211.2363,214.1533,175.0785,0.0457,2.6831,0.2097,0.3279,0.2359,39.0748,3.5,0.2187
2026-10-01,OMC,Omnicom Group Inc.,通讯服务,广告传媒,XLC,74.7,Bad Market,,88.277,88.9224,81.4101,0.0288,-1.5934,-0.0992,0.4202,0.0792,7.5123,3.5,0.3472
2026-10-01,OMF,"OneMain Holdings, Inc.",金融地产,消费金融,XLF,55.87,Bad Market,,65.1887,65.6346,60.4778,0.0266,-3.0774,-0.0367,0.3427,0.1068,5.1567,3.5,0.3759
2026-10-01,ON,ON Semiconductor Corporation,半导体,半导体,SOXX,80.08,Too High,,78.0008,79.0213,80.6345,0.0425,2.1298,-0.2341,0.1328,0.1058,-1.6133,3.5,0.2354
2026-10-01,ONB,Old National Bancorp,金融地产,银行,XLF,24.98,Bad Market,,26.2897,26.4395,25.7918,0.02,-0.822,-0.0143,0.1107,0.1046,0.6478,3,0.5
2026-10-01,ONC,BeOne Medicines Ltd.,医疗健康,生物制药,XBI,358.77,Wait,,371.6677,374.5106,343.6926,0.0264,0.1657,0.0114,0.0084,0.1751,30.818,3.5,0.3786
2026-10-01,ONDS,Ondas Inc,科技硬件,通讯设备,XLK,7.12,Wait,,7.8045,7.9313,8.0797,0.0593,-0.7727,-0.3195,0.1595,0.0047,-0.1484,4,0.2
2026-10-01,OR,OR Royalties Inc.,矿业,金,GDX,33.98,Bad Market,,38.0198,38.3677,34.8614,0.0341,-1.8386,-0.1313,0.209,0.1445,3.5062,3.5,0.293
2026-10-01,ORA,"Ormat Technologies, Inc.",公用电力,再生能源,XLU,89.66,Bad Market,,108.8666,109.848,103.3098,0.0365,-2.113,-0.0956,0.253,0.1693,6.5382,3.5,0.2741
2026-10-01,ORCL,Oracle Corporation,软件,软件,IGV,138.07,Wait,,163.9007,165.9638,138.4506,0.0498,-1.2919,-0.1193,0.1241,0.0253,27.5132,3.5,0.2008
2026-10-01,OSCR,"Oscar Health, Inc.",医疗健康,健康保险,XLV,29.9,Wait,,34.1424,34.641,27.1617,0.0556,-0.9284,0.0225,0.0041,0.016,7.4793,4,0.2
2026-10-01,OVV,Ovintiv Inc. (DE),油气,油气勘探开发,XLE,59.98,Wait,,67.5698,68.1295,60.4398,0.0311,-1.344,0.0079,0.242,0.066,7.6897,3.5,0.3215
2026-10-01,OXY,Occidental Petroleum Corporatio,油气,油气勘探开发,XLE,57.84,Wait,,64.0984,64.5699,58.0186,0.0272,-0.7733,-0.0398,0.1147,0.0807,6.5513,3.5,0.368
2026-10-01,P,"Everpure, Inc.",工业,污水处理,XLI,134.13,Bad Market,,132.1213,134.0701,108.0436,0.0484,4.1042,0.1757,0.5507,0.3493,26.0265,3.5,0.2065
2026-10-01,PAA,"Plains All American Pipeline, L",油气,油气中游,AMLP,23.7,Bad Market,,26.337,26.4912,24.5578,0.0217,-2.882,0.0444,0.4212,0.0244,1.9334,3,0.461
2026-10-01,PAAS,Pan American Silver Corp.,矿业,银,SIL,44.98,Bad Market,,53.3498,53.9192,48.2469,0.0422,-2.2571,-0.137,0.259,0.0204,5.6723,3.5,0.237
2026-10-01,PACS,"PACS Group, Inc.",医疗健康,医疗服务,XLV,41.03,Wait,,45.2603,45.7442,42.8043,0.0393,-1.0458,-0.1217,0.0941,0.1048,2.9399,3.5,0.2544
2026-10-01,PANW,"Palo Alto Networks, Inc.",软件,网络安全,IGV,396.25,Wait,,401.2725,406.5388,335.8699,0.0443,1.8362,0.1231,0.0667,0.0843,70.6689,3.5,0.2257
2026-10-01,PARR,"Par Pacific Holdings, Inc. Comm",油气,炼油,XLE,86.21,Wait,,87.3706,88.6915,68.878,0.0511,1.0904,0.0888,0.1909,0.1095,19.8135,4,0.2
2026-10-01,PATH,"UiPath, Inc.",软件,软件,IGV,13.32,Wait,,18.8226,19.0515,15.6177,0.0573,-0.7968,-0.0256,0.4798,0.0522,3.4338,4,0.2
2026-10-01,PAY,"Paymentus Holdings, Inc.",软件,软件,IGV,30.81,Wait,,37.3903,37.8557,38.3945,0.0504,-2.1242,-0.0257,0.2849,0.0286,-0.5388,4,0.2
2026-10-01,PAYC,"Paycom Software, Inc.",软件,软件,IGV,227.47,Wait,,242.7947,245.0681,213.9972,0.0333,0.4693,0.0214,0.1803,0.3597,31.0709,3.5,0.3002
2026-10-01,PBA,Pembina Pipeline Corp.,油气,油气中游,AMLP,45.28,Bad Market,,49.6532,49.9192,48.7107,0.0196,-1.9212,-0.002,0.3775,0.1894,1.2085,3,0.5
2026-10-01,PBF,PBF Energy Inc.,油气,炼油,XLE,82.34,Too High,,79.2099,80.5746,60.1028,0.0553,1.6599,0.1893,0.2259,0.1895,20.4718,4,0.2
2026-10-01,PBR,Petroleo Brasileiro S.A. Petrob,油气,综合油气,XLE,20.98,Wait,,21.9798,22.1523,19.7576,0.0274,0.1991,0.0272,0.2188,0.1642,2.3947,3.5,0.3649
2026-10-01,PCG,Pacific Gas & Electric Co.,公用电力,电力,XLU,12.17,Bad Market,,14.9417,15.1045,16.4607,0.0446,-1.9331,-0.0126,0.1627,0.2784,-1.3562,3.5,0.2243
2026-10-01,PCVX,"Vaxcyte, Inc.",医疗健康,生物制药,XBI,56.05,Wait,,62.1405,62.8095,55.4949,0.0398,-1.2685,-0.0406,0.2608,0.0122,7.3146,3.5,0.2513
2026-10-01,PENG,"Penguin Solutions, Inc.",数据中心,数据中心,DTCR,54.98,Bad Market,,57.1957,58.1193,60.5359,0.056,0.9935,-0.2619,0.164,0.1377,-2.4167,4,0.2
2026-10-01,PEP,"Pepsico, Inc.",消费,消费必需品,XLP,125.6,Bad Market,,141.6768,142.3708,137.7294,0.0184,-3.3611,-0.1342,0.6574,0.1443,4.6415,3,0.5
2026-10-01,PFE,"Pfizer, Inc.",医疗健康,生物技术,XLV,28.12,Wait,,29.2697,29.4196,27.5215,0.0178,0.026,-0.0643,0.0825,0.2321,1.8981,3,0.5
2026-10-01,PFG,Principal Financial Group Inc,金融地产,保险,XLF,112.24,Bad Market,,119.6324,120.3895,110.9386,0.0225,-1.2061,0.0473,0.0665,0.0112,9.4509,3,0.4447
2026-10-01,PG,Procter & Gamble Company (The),消费,消费必需品,XLP,143.95,Bad Market,,150.2501,150.9821,144.1796,0.017,-0.9928,-0.0955,0.0433,0.0611,6.8024,3,0.5
2026-10-01,PGR,Progressive Corporation (The),金融地产,保险,XLF,210.96,Bad Market,,225.9796,227.3341,210.3752,0.0214,-0.6155,-0.0812,0.1282,0.0391,16.9589,3,0.4672
2026-10-01,PH,Parker-Hannifin Corporation,工业,工业机械,XLI,965.88,Bad Market,,989.0988,995.4099,1010.7588,0.0218,0.6344,-0.0964,0.0624,0.0204,-15.3489,3,0.4591
2026-10-01,PK,Park Hotels & Resorts Inc.,金融地产,酒店地产,XLRE,15.42,Bad Market,,15.8742,15.991,14.8074,0.0252,0.4213,-0.0282,0.0345,0.0829,1.1836,3.5,0.3961
2026-10-01,PL,Planet Labs PBC,航空国防,航空航天国防,ITA,16.14,Bad Market,,20.1906,20.4914,20.8888,0.0621,-0.9189,-0.4333,0.3401,0.2647,-0.3974,4,0.2
2026-10-01,PLAB,"Photronics, Inc.",半导体,半导体材料,SOXX,30.83,Wait,,31.3783,31.7169,29.6501,0.0366,1.4634,-0.3216,0.2293,0.0301,2.0668,3.5,0.2732
2026-10-01,PLD,"Prologis, Inc.",金融地产,工业地产,XLRE,128.18,Bad Market,,141.0451,141.7202,143.3091,0.0176,-3.0038,-0.1318,0.4377,0.2057,-1.5889,3,0.5
2026-10-01,PLTR,Palantir Technologies Inc.,软件,软件,IGV,190.04,Wait,,194.4904,196.3667,170.7,0.0329,1.7895,-0.1063,0.0438,0.2381,25.6667,3.5,0.3039
2026-10-01,PLXS,Plexus Corp.,科技硬件,电子元件,XLK,270.27,Enter,0.5737,268.8327,271.3379,247.5632,0.0309,2.2055,-0.1538,0.3537,0.0644,23.7746,3.5,0.3237
2026-10-01,PM,Philip Morris International Inc,消费,消费必需品,XLP,188.18,Bad Market,,196.7418,198.0863,186.7246,0.0238,-0.3693,-0.046,0.0219,0.0548,11.3618,3,0.4199
2026-10-01,PNR,Pentair plc.,工业,污水处理,XLI,52.88,Bad Market,,60.9888,61.4381,64.6582,0.0283,-2.1861,-0.2488,0.6501,0.2342,-3.2201,3.5,0.3531
2026-10-01,PNW,Pinnacle West Capital Corporati,公用电力,电力,XLU,94.63,Bad Market,,98.926,99.4576,103.9739,0.0187,-0.0677,-0.0145,0.1958,0.3046,-4.5163,3,0.5
2026-10-01,POET,POET Technologies Inc.,半导体,半导体,SOXX,7.64,Wait,,8.5026,8.6416,7.7273,0.0606,-0.1522,-0.4097,0.0289,0.0333,0.9143,4,0.2
2026-10-01,POR,Portland General Electric Co,公用电力,电力,XLU,44.76,Bad Market,,49.9176,50.2223,49.8727,0.0227,-2.6286,0.0483,0.395,0.2853,0.3496,3,0.4407
2026-10-01,POWI,"Power Integrations, Inc.",半导体,半导体,SOXX,51.5,Wait,,52.795,53.5099,66.0498,0.0463,0.4797,-0.2749,0.0059,0.225,-12.54,3.5,0.2161
2026-10-01,PPC,Pilgrim's Pride Corporation,基础材料,农业,MOO,25.2,Bad Market,,31.632,31.9553,28.6585,0.0428,-3.77,-0.0102,0.6398,0.1078,3.2968,3.5,0.2339
2026-10-01,PPL,PPL Corporation,公用电力,电力,XLU,32.76,Bad Market,,35.381,35.5437,34.7538,0.0165,-1.3476,-0.126,0.2318,0.1815,0.7898,3,0.5
2026-10-01,PR,Permian Resources Corporation,油气,油气勘探开发,XLE,21.93,Wait,,24.7093,24.912,22.1247,0.0308,-1.1838,0.0305,0.1696,0.105,2.7873,3.5,0.3245
2026-10-01,PRM,"Perimeter Solutions, SA",基础材料,化工,XLB,27.2,Bad Market,,32.4608,32.8821,31.733,0.0516,-2.2468,-0.0675,0.218,0.1295,1.1491,4,0.2
2026-10-01,PRU,"Prudential Financial, Inc.",金融地产,保险,XLF,113.13,Bad Market,,124.3313,125.0549,117.8943,0.0213,-2.1983,0.0019,0.1649,0.0295,7.1605,3,0.4691
2026-10-01,PSX,Phillips 66,油气,炼油,XLE,264.23,Wait,,276.8523,279.4129,244.3366,0.0323,0.5809,0.1985,0.2373,0.368,35.0762,3.5,0.3096
2026-10-01,PTEN,"Patterson-UTI Energy, Inc.",油气,油气勘探开发,XLE,11.3,Wait,,13.263,13.4073,11.4664,0.0426,-1.2962,-0.0572,0.2359,0.0885,1.9409,3.5,0.2349
2026-10-01,PURR,Hyperliquid Strategies Inc,金融地产,加密金融,XLF,12.03,Bad Market,,14.2962,14.6054,9.9665,0.0857,-0.4031,0.1715,0.0175,0.1707,4.639,4,0.2
2026-10-01,PWR,"Quanta Services, Inc.",工业,建筑工程,XLI,662.6,Bad Market,,658.416,664.8856,646.8309,0.0325,1.3959,-0.1257,0.2513,0.018,18.0548,3.5,0.3073
2026-10-01,Q,"Qnity Electronics, Inc.",半导体,半导体材料,SOXX,128.45,Enter,0.5313,127.6845,129.1253,125.7802,0.0374,1.4117,-0.2341,0.1807,0.074,3.3452,3.5,0.2674
2026-10-01,QBTS,D-Wave Quantum Inc.,科技硬件,量子计算,QTUM,16.56,Wait,,17.9023,18.2056,17.7849,0.0611,-0.395,-0.2944,0.0677,0.0417,0.4208,4,0.2
2026-10-01,QCOM,QUALCOMM Incorporated,半导体,半导体,SOXX,182.09,Wait,,203.7909,206.3295,172.353,0.0465,-0.2105,-0.0618,0.1144,0.0192,33.9765,3.5,0.2152
2026-10-01,QLYS,"Qualys, Inc.",软件,网络安全,IGV,187.43,Wait,,189.0743,191.8274,163.761,0.049,1.314,0.1202,0.0103,0.1029,28.0663,3.5,0.2042
2026-10-01,QMCO,Quantum Corporation,科技硬件,硬件,XLK,31.885,Wait,,33.3568,34.1019,22.9245,0.0779,2.3302,0.355,0.3916,0.3934,11.1774,4,0.2
2026-10-01,QNT,Quantinuum Inc.,科技硬件,量子计算,QTUM,46.68,Wait,,55.1627,56.1568,58.4853,0.071,-0.9524,-0.3538,0.153,0.1225,-2.3285,4,0.2
2026-10-01,QRVO,"Qorvo, Inc.",半导体,半导体,SOXX,112.21,Wait,,120.7121,121.9739,104.8693,0.0375,-0.1397,0.1406,0.2454,0.2629,17.1046,3.5,0.2668
2026-10-01,QSR,Restaurant Brands International,消费,餐饮,XLY,69.76,Bad Market,,80.9576,81.4416,76.7297,0.0231,-3.1299,-0.0629,0.422,0.0838,4.712,3,0.4324
2026-10-01,QUBT,Quantum Computing Inc.,科技硬件,量子计算,QTUM,8.39,Wait,,9.2439,9.3663,7.802,0.0486,0.0257,-0.2983,0.0447,0.0262,1.5644,3.5,0.2056
2026-10-01,RAL,Ralliant Corporation,工业,工业机械,XLI,70.8,Bad Market,,70.738,71.3744,65.1955,0.03,1.7447,-0.0893,0.4205,0.054,6.1788,3.5,0.3338
2026-10-01,RBLX,Roblox Corporation,通讯服务,游戏,XLC,43.0,Bad Market,,51.7775,52.5087,47.3207,0.0567,-1.2477,-0.1151,0.0544,0.18,5.1879,4,0.2
2026-10-01,RBRK,"Rubrik, Inc.",软件,网络安全,IGV,115.4,Wait,,116.724,118.3215,96.933,0.0461,2.3442,0.0709,0.3421,0.2166,21.3884,3.5,0.2167
2026-10-01,RCAT,"Red Cat Holdings, Inc.",航空国防,航空航天国防,ITA,6.33,Bad Market,,8.7826,8.9139,9.3788,0.0692,-2.4612,-0.4136,0.485,0.1043,-0.4649,4,0.2
2026-10-01,RCL,Royal Caribbean Cruises Ltd.,消费,旅游,XLY,269.99,Bad Market,,271.4399,274.535,291.3102,0.0382,1.6463,-0.0326,0.0127,0.0905,-16.7752,3.5,0.2617
2026-10-01,RDDT,"Reddit, Inc.",通讯服务,互联网媒体,XLC,149.53,Bad Market,,163.9155,166.2187,167.3201,0.0513,-0.4558,-0.1931,0.0185,0.1571,-1.1014,4,0.2
2026-10-01,RDNT,"RadNet, Inc.",医疗健康,医疗服务,XLV,67.7,Wait,,78.457,79.2392,68.6538,0.0385,-2.265,-0.0597,0.2749,0.0809,10.5855,3.5,0.2596
2026-10-01,RDW,Redwire Corporation,航空国防,航空航天国防,ITA,10.57,Bad Market,,11.9084,12.1309,10.6227,0.0702,-0.5251,-0.2396,0.0173,0.053,1.5082,4,0.2
2026-10-01,RF,Regions Financial Corporation,金融地产,银行,XLF,26.96,Bad Market,,30.7096,30.8839,30.6574,0.0215,-3.1461,-0.0425,0.4332,0.2843,0.2265,3,0.4641
2026-10-01,RGEN,Repligen Corporation,医疗健康,生命科学工具,XLV,177.23,Wait,,196.3423,198.5554,168.7507,0.0416,-0.0876,0.0613,0.0447,0.1502,29.8047,3.5,0.2402
2026-10-01,RGTI,"Rigetti Computing, Inc.",科技硬件,量子计算,QTUM,15.62,Wait,,16.8433,17.1183,15.1538,0.0587,-0.0477,-0.2746,0.0054,0.0116,1.9645,4,0.2
2026-10-01,RIO,Rio Tinto Plc,矿业,金属采矿,XME,92.87,Bad Market,,104.7587,105.3941,100.4556,0.0228,-2.5029,-0.0749,0.4742,0.0106,4.9385,3,0.4385
2026-10-01,RIOT,"Riot Platforms, Inc.",数据中心,数据中心,DTCR,19.61,Bad Market,,25.2303,25.6807,18.924,0.0766,-1.5383,-0.1052,0.031,0.009,6.7567,4,0.2
2026-10-01,RJF,"Raymond James Financial, Inc.",金融地产,券商,XLF,159.76,Bad Market,,182.6976,183.8189,169.9667,0.0234,-2.0368,-0.0282,0.4021,0.104,13.8522,3,0.4274
2026-10-01,RKLB,Rocket Lab Corporation,航空国防,航空航天国防,ITA,70.46,Bad Market,,74.7363,75.9157,67.104,0.0558,0.8989,-0.2906,0.1802,0.0474,8.8117,4,0.2
2026-10-01,RLAY,"Relay Therapeutics, Inc.",医疗健康,生物制药,XBI,18.49,Wait,,19.5356,19.814,17.0284,0.0502,-0.111,-0.0304,0.014,0.0516,2.7856,4,0.2
2026-10-01,RMBS,"Rambus, Inc.",半导体,半导体,SOXX,107.29,Wait,,107.8329,109.3818,88.6893,0.0481,2.8923,-0.2383,0.3632,0.0287,20.6926,3.5,0.2078
2026-10-01,RNG,"Ringcentral, Inc.",软件,软件,IGV,78.31,Wait,,80.6031,81.6086,68.0893,0.0428,1.2479,0.1349,0.211,0.376,13.5192,3.5,0.2336
2026-10-01,RNR,RenaissanceRe Holdings Ltd.,金融地产,保险,XLF,322.99,Bad Market,,341.1999,343.1982,317.9872,0.0206,-0.6398,-0.0519,0.0729,0.0912,25.2109,3,0.4849
2026-10-01,ROIV,Roivant Sciences Ltd.,医疗健康,生物技术,XLV,35.5,Wait,,42.165,42.5831,36.9324,0.0393,-1.9525,0.0874,0.0471,0.016,5.6507,3.5,0.2547
2026-10-01,ROK,"Rockwell Automation, Inc.",工业,工业机械,XLI,442.45,Bad Market,,439.7545,442.7443,451.0821,0.0225,1.6557,-0.1495,0.1816,0.065,-8.3378,3,0.444
2026-10-01,ROKU,"Roku, Inc.",通讯服务,流媒体娱乐,XLC,151.26,Bad Market,,159.2399,159.7979,154.1804,0.0123,-1.7681,-0.3086,0.2578,0.1352,5.6175,3,0.5
2026-10-01,RPRX,Royalty Pharma plc,医疗健康,生物技术,XLV,57.63,Wait,,64.5363,64.9193,60.1295,0.0222,-1.4207,-0.0206,0.2958,0.0376,4.7898,3,0.4514
2026-10-01,RTX,RTX Corporation,航空国防,航空航天国防,ITA,185.01,Bad Market,,209.5801,210.7002,214.2887,0.0202,-2.4995,-0.1341,0.6469,0.096,-3.5884,3,0.4955
2026-10-01,RVMD,"Revolution Medicines, Inc.",医疗健康,生物制药,XBI,205.89,Wait,,212.9289,215.1959,194.7019,0.0367,0.5234,0.0474,0.0055,0.1113,20.494,3.5,0.2725
2026-10-01,RVTY,"Revvity, Inc.",医疗健康,生命科学工具,XLV,149.06,Wait,,154.3806,155.8565,135.671,0.033,2.0444,0.1598,0.3293,0.3002,20.1855,3.5,0.303
2026-10-01,S,"SentinelOne, Inc.",软件,网络安全,IGV,24.67,Enter,0.9552,24.3467,24.6851,20.1514,0.0457,2.337,0.1217,0.1856,0.1535,4.5337,3.5,0.2187
2026-10-01,SAIC,Science Applications Internatio,航空国防,航空航天国防,ITA,126.3,Bad Market,,135.003,136.1535,120.3171,0.0304,-1.0403,-0.0248,0.0658,0.1322,15.8365,3.5,0.3293
2026-10-01,SAIL,"SailPoint, Inc.",软件,网络安全,IGV,20.58,Wait,,22.3536,22.7041,17.4472,0.0568,0.7332,0.0825,0.0015,0.1764,5.2569,4,0.2
2026-10-01,SAN,"Banco Santander, S.A. Sponsored",金融地产,银行,XLF,13.28,Bad Market,,15.1828,15.2782,14.0957,0.024,-3.9973,0.0092,0.2471,0.048,1.1825,3,0.4175
2026-10-01,SANM,Sanmina Corporation,科技硬件,电子元件,XLK,221.96,Wait,,226.9896,230.3023,186.1218,0.0497,1.3403,-0.074,0.2042,0.0402,44.1805,3.5,0.201
2026-10-01,SAP,SAP  SE,软件,软件,IGV,210.79,Wait,,222.9979,224.571,205.8086,0.0249,-0.078,-0.1069,0.1575,0.2757,18.7624,3,0.402
2026-10-01,SARO,"StandardAero, Inc.",航空国防,航空航天国防,ITA,21.17,Bad Market,,25.0217,25.2418,28.4425,0.0347,-2.7141,-0.1662,0.4224,0.2501,-3.2007,3.5,0.2886
2026-10-01,SBGSY,Schneider Electric SE,工业,电气设备,XLI,65.86,Bad Market,,69.7286,70.1678,67.1482,0.0222,-0.3217,-0.1082,0.1149,0.0691,3.0196,3,0.4499
2026-10-01,SBLK,Star Bulk Carriers Corp.,航运,海运,SEA,30.43,Wait,,32.7843,33.0561,29.3089,0.0298,-0.5027,0.0284,0.0396,0.1362,3.7472,3.5,0.3359
2026-10-01,SBS,Companhia de saneamento Basico ,公用电力,污水处理,XLU,5.26,Bad Market,,5.4926,5.5367,5.4059,0.0279,0.1634,-0.0717,0.2597,0.146,0.1308,3.5,0.3581
2026-10-01,SBUX,Starbucks Corporation,消费,餐饮,XLY,94.88,Bad Market,,107.6688,108.3014,102.2241,0.0222,-1.4756,-0.1392,0.5544,0.1697,6.0773,3,0.45
2026-10-01,SCCO,Southern Copper Corporation,矿业,铜,COPX,199.22,Bad Market,,211.2522,213.554,192.8454,0.0385,-0.0162,-0.0543,0.125,0.0818,20.7086,3.5,0.2596
2026-10-01,SCHW,Charles Schwab Corporation (The,金融地产,券商,XLF,98.37,Bad Market,,111.3637,112.0262,107.0246,0.0225,-2.6949,-0.0243,0.4447,0.0715,5.0016,3,0.4454
2026-10-01,SCTX,Scribe Therapeutics Inc.,医疗健康,生物制药,XBI,17.175,Wait,,33.7394,34.8486,,0.2153,-2.8523,,0.3428,,,4,0.2
2026-10-01,SDGR,"Schrodinger, Inc.",软件,软件,IGV,30.46,Wait,,31.4106,31.9514,23.839,0.0592,2.8825,0.4581,0.479,0.3745,8.1124,4,0.2
2026-10-01,SEDG,"SolarEdge Technologies, Inc.",公用电力,太阳能,TAN,30.87,Bad Market,,37.2235,37.9336,45.1109,0.0767,-1.4394,-0.3022,0.0599,0.2634,-7.1773,4,0.2
2026-10-01,SEZL,Sezzle Inc.,金融地产,消费金融,XLF,109.715,Bad Market,,124.114,125.845,165.4702,0.0526,-0.9533,-0.2734,0.1935,0.3072,-39.6252,4,0.2
2026-10-01,SFL,SFL Corporation Ltd,航运,海运,SEA,13.48,Wait,,13.8848,14.0052,12.3459,0.0298,1.2039,0.1507,0.2304,0.225,1.6593,3.5,0.336
2026-10-01,SHAZ,"SharonAI Holdings, Inc.",数据中心,数据中心,DTCR,49.85,Bad Market,,64.1858,65.6494,57.3847,0.0979,-1.2359,-0.2155,0.0992,0.1136,8.2647,4,0.2
2026-10-01,SHEL,Shell PLC,油气,综合油气,XLE,95.61,Wait,,99.7192,100.1808,94.3346,0.0161,0.2717,-0.0218,0.1926,0.2081,5.8461,3,0.5
2026-10-01,SHIP,Seanergy Maritime Holdings Corp,航运,海运,SEA,17.33,Wait,,19.0933,19.292,16.6015,0.0382,-0.9118,-0.0286,0.0473,0.0999,2.6906,3.5,0.2616
2026-10-01,SHOP,Shopify Inc.,软件,电商软件,IGV,149.09,Wait,,149.7909,151.781,135.3124,0.0445,1.7026,0.0229,0.0207,0.1183,16.4685,3.5,0.2248
2026-10-01,SHW,Sherwin-Williams Company (The),基础材料,化工,XLB,320.78,Bad Market,,342.0178,344.4585,341.2547,0.0254,-0.5658,-0.0438,0.2263,0.0414,3.2038,3.5,0.3943
2026-10-01,SIMO,Silicon Motion Technology Corpo,半导体,半导体,SOXX,275.24,Wait,,287.6446,292.3916,230.1076,0.0575,0.6763,-0.1583,0.1308,0.0269,62.284,4,0.2
2026-10-01,SIND,Sinda Ltd.,矿业,银,SIL,14.18,Bad Market,,16.8201,17.1353,13.7177,0.0741,-0.752,-0.1118,0.1673,0.0616,3.4175,4,0.2
2026-10-01,SITM,SiTime Corporation,半导体,半导体,SOXX,678.87,Enter,0.763,670.0105,681.6212,594.6305,0.057,1.7805,-0.0902,0.2595,0.0471,86.9907,4,0.2
2026-10-01,SKHY,SK hynix Inc.,半导体,半导体,SOXX,193.5,Wait,,200.565,203.2761,167.0006,0.0467,1.1164,-0.2326,0.2181,0.0453,36.2755,3.5,0.2141
2026-10-01,SLB,SLB Limited,油气,油气设备服务,XLE,48.66,Wait,,60.5866,61.0845,54.2909,0.0341,-2.949,-0.0133,0.6471,0.0218,6.7936,3.5,0.2932
2026-10-01,SLF,Sun Life Financial Inc.,金融地产,保险,XLF,77.67,Bad Market,,82.0217,82.3708,80.5796,0.015,-1.988,-0.0311,0.0506,0.1038,1.7911,3,0.5
2026-10-01,SLS,"SELLAS Life Sciences Group, Inc",医疗健康,生物制药,XBI,11.33,Wait,,14.3476,14.629,11.7077,0.0828,-1.049,-0.0395,0.2154,0.0476,2.9213,4,0.2
2026-10-01,SM,SM Energy Company,油气,油气勘探开发,XLE,35.06,Wait,,41.6406,42.093,36.012,0.043,-0.9284,0.0427,0.1036,0.1059,6.081,3.5,0.2325
2026-10-01,SMMT,Summit Therapeutics Inc.,医疗健康,生物技术,XBI,16.69,Wait,,18.65,18.995,13.8202,0.0689,-0.2102,0.1094,0.2425,0.056,5.1748,4,0.2
2026-10-01,SMR,NuScale Power Corporation,公用电力,核能,NLR,7.79,Bad Market,,11.2984,11.4759,8.8129,0.076,-1.9763,-0.2641,0.1737,0.0255,2.6629,4,0.2
2026-10-01,SMTC,Semtech Corporation,半导体,半导体,SOXX,186.59,Wait,,187.2705,190.6763,139.5892,0.0608,1.8585,0.0411,0.3462,0.1354,51.0871,4,0.2
2026-10-01,SNDK,Sandisk Corporation,半导体,存储硬件,SOXX,1787.6899,Wait,,1907.5043,1938.2006,1477.7553,0.0572,0.9206,-0.1827,0.1811,0.0416,460.4453,4,0.2
2026-10-01,SNOW,Snowflake Inc.,软件,软件,IGV,341.99,Wait,,359.8899,364.2565,305.5267,0.0426,0.614,0.0501,0.0608,0.201,58.7297,3.5,0.235
2026-10-01,SNPS,"Synopsys, Inc.",软件,软件,IGV,490.54,Too High,,444.4954,450.2627,397.6043,0.0392,4.6001,0.1327,0.2218,0.1245,52.6585,3.5,0.2552
2026-10-01,SNX,TD SYNNEX Corporation,科技硬件,IT,XLK,271.76,Wait,,290.6076,294.1451,246.6194,0.0434,0.6602,0.2537,0.1474,0.0846,47.5257,3.5,0.2305
2026-10-01,SO,Southern Company (The),公用电力,电力,XLU,83.47,Bad Market,,89.6577,90.0583,93.244,0.016,-1.7988,-0.1185,0.3536,0.307,-3.1857,3,0.5
2026-10-01,SOLV,Solventum Corporation,医疗健康,医疗器械,IHI,87.77,Bad Market,,93.3177,93.9043,86.574,0.0223,-0.8185,-0.1154,0.2,0.1523,7.3303,3,0.4489
2026-10-01,SON,Sonoco Products Company,基础材料,包装容器纸制品,XLB,48.5,Bad Market,,55.635,56.0374,55.8649,0.0277,-0.9531,-0.1133,0.4747,0.1192,0.1726,3.5,0.3615
2026-10-01,SONY,Sony Group Corporation,消费,消费电子,XLY,23.49,Bad Market,,25.1949,25.3377,23.532,0.0203,-0.541,-0.0616,0.1717,0.1567,1.8057,3,0.4935
2026-10-01,SPCX,Space Exploration Technologies ,航空国防,航空航天国防,ITA,148.07,Bad Market,,156.2907,158.2221,132.2767,0.0435,-0.1915,-0.3172,0.0604,0.0534,25.9454,3.5,0.23
2026-10-01,SPG,"Simon Property Group, Inc.",金融地产,零售地产,XLRE,200.81,Bad Market,,213.8324,214.7399,227.6254,0.0151,-1.6009,-0.1463,0.4106,0.2247,-12.8855,3,0.5
2026-10-01,SPOT,Spotify Technology S.A.,通讯服务,流媒体娱乐,XLC,491.4,Bad Market,,565.024,570.1851,499.8975,0.035,-1.9232,-0.1119,0.2597,0.0104,70.2876,3.5,0.2856
2026-10-01,SQM,Sociedad Quimica y Minera S.A.,基础材料,化工,XLB,64.12,Bad Market,,81.7812,82.4894,74.0682,0.0368,-2.8506,-0.1496,0.4629,0.0934,8.4212,3.5,0.2716
2026-10-01,SRE,DBA Sempra,公用电力,电力,XLU,78.05,Bad Market,,86.2505,86.7231,88.7137,0.0202,-2.1734,-0.1212,0.1996,0.2705,-1.9906,3,0.4954
2026-10-01,SRRK,Scholar Rock Holding Corporatio,医疗健康,生物制药,XBI,46.16,Wait,,57.9211,58.6728,50.0176,0.0543,-2.1117,0.0285,0.372,0.1113,8.6552,4,0.2
2026-10-01,SSNC,"SS&C Technologies Holdings, Inc",软件,软件,IGV,78.44,Wait,,85.4144,85.9135,79.639,0.0212,-0.9975,-0.1023,0.232,0.1773,6.2745,3,0.4715
2026-10-01,SSRM,SSR Mining Inc.,矿业,银,SIL,33.42,Bad Market,,39.2242,39.6769,33.9285,0.0452,-1.7873,-0.0628,0.2193,0.1155,5.7484,3.5,0.2215
2026-10-01,ST,Sensata Technologies Holding pl,科技硬件,科技仪器,XLK,42.35,Wait,,44.0635,44.4148,44.5611,0.0277,0.2698,-0.2085,0.1041,0.0597,-0.1463,3.5,0.3616
2026-10-01,STM,STMicroelectronics N.V.,半导体,半导体,SOXX,53.5,Wait,,53.945,54.44,61.9749,0.0308,1.4273,-0.321,0.1772,0.1773,-7.5349,3.5,0.3242
2026-10-01,STNG,Scorpio Tankers Inc.,航运,海运,SEA,85.79,Wait,,88.7079,89.5315,78.2413,0.032,0.7862,0.03,0.2891,0.1132,11.2902,3.5,0.3125
2026-10-01,STRL,"Sterling Infrastructure, Inc.",工业,建筑工程,XLI,505.12,Bad Market,,523.8847,531.6918,615.2453,0.0515,0.3915,-0.3036,0.1252,0.1505,-83.5535,4,0.2
2026-10-01,STT,State Street Corporation,金融地产,资本市场,XLF,174.62,Bad Market,,196.0062,197.2198,182.1235,0.0232,-2.6643,-0.0137,0.4173,0.1145,15.0963,3,0.4316
2026-10-01,STX,Seagate Technology Holdings PLC,科技硬件,存储硬件,XLK,945.57,Enter,0.8335,933.5075,947.9788,801.8396,0.051,1.7089,-0.1218,0.2373,0.0718,146.1392,4,0.2
2026-10-01,SU,Suncor Energy  Inc.,油气,综合油气,XLE,69.1,Wait,,72.561,73.0875,65.7281,0.0254,0.3356,0.0155,0.1108,0.1538,7.3594,3.5,0.3938
2026-10-01,SUN,Sunoco LP,油气,炼油,XLE,74.54,Wait,,80.7154,81.345,72.6248,0.0282,-0.7603,0.0642,0.0545,0.0561,8.7202,3.5,0.3552
2026-10-01,SUNB,"Sunbelt Rentals Holdings, Inc.",工业,设备租赁,XLI,75.61,Bad Market,,76.4261,77.2829,74.804,0.0378,1.1392,-0.0284,0.1053,0.0336,2.4788,3.5,0.2647
2026-10-01,SW,Smurfit WestRock plc,基础材料,包装容器纸制品,XLB,43.04,Bad Market,,47.3304,47.7572,45.8211,0.0331,-1.1845,-0.1032,0.23,0.0103,1.936,3.5,0.3026
2026-10-01,SWK,"Stanley Black & Decker, Inc.",工业,工业机械,XLI,89.59,Bad Market,,98.2559,99.0777,94.4124,0.0306,-0.518,-0.0481,0.2534,0.0202,4.6653,3.5,0.3271
2026-10-01,SWKS,"Skyworks Solutions, Inc.",半导体,半导体,SOXX,83.16,Wait,,92.3422,93.6805,73.6063,0.0536,-0.2424,0.1744,0.2334,0.2286,20.0741,4,0.2
2026-10-01,SXI,Standex International Corporati,工业,工业机械,XLI,285.12,Bad Market,,292.5112,295.3711,306.755,0.0334,1.6211,-0.1192,0.0524,0.0781,-11.3839,3.5,0.2991
2026-10-01,SXT,Sensient Technologies Corporati,基础材料,化工,XLB,128.42,Bad Market,,137.5842,138.5106,128.1863,0.024,-0.6581,-0.1178,0.2719,0.1668,10.3242,3,0.4159
2026-10-01,SYNA,Synaptics Incorporated,半导体,半导体,SOXX,106.15,Too High,,103.7815,105.1189,105.9874,0.042,2.1103,-0.1876,0.16,0.0982,-0.8685,3.5,0.2381
2026-10-01,T,AT&T Inc.,通讯服务,电信,XLC,24.3,Bad Market,,26.963,27.1232,25.1178,0.022,-2.2955,-0.0956,0.2544,0.1668,2.0055,3,0.455
2026-10-01,TALO,"Talos Energy, Inc.",油气,油气勘探开发,XLE,16.64,Wait,,18.4964,18.6878,16.0964,0.0384,-0.5939,-0.0261,0.0954,0.1359,2.5914,3.5,0.2607
2026-10-01,TARS,"Tarsus Pharmaceuticals, Inc.",医疗健康,生物制药,XBI,75.46,Wait,,91.5346,92.4426,80.1861,0.0401,-1.3793,-0.0509,0.0267,0.2084,12.2565,3.5,0.2493
2026-10-01,TD,Toronto Dominion Bank (The),金融地产,银行,XLF,117.61,Bad Market,,125.0485,125.6537,118.7487,0.0172,-1.5917,0.0184,0.1295,0.1146,6.9049,3,0.5
2026-10-01,TDW,Tidewater Inc.,油气,油气设备服务,XLE,82.18,Wait,,101.4318,102.357,89.8158,0.0375,-2.183,-0.0695,0.2509,0.0641,12.5413,3.5,0.2665
2026-10-01,TE,T1 Energy Inc.,公用电力,太阳能,TAN,3.73,Bad Market,,5.1247,5.2216,5.3669,0.0867,-1.6766,-0.4399,0.1837,0.2131,-0.1453,4,0.2
2026-10-01,TECK,Teck Resources Ltd,矿业,铜,COPX,65.22,Bad Market,,72.6222,73.2988,64.076,0.0346,-0.7078,-0.0394,0.1138,0.1068,9.2228,3.5,0.2892
2026-10-01,TEL,TE Connectivity plc,科技硬件,电子元件,XLK,217.76,Wait,,220.7676,222.5724,197.634,0.0276,1.5055,-0.0879,0.1701,0.092,24.9384,3.5,0.362
2026-10-01,TEM,"Tempus AI, Inc.",软件,AI医疗,IGV,76.5,Wait,,86.087,87.5975,64.9401,0.0658,0.87,0.1626,0.2558,0.142,22.6574,4,0.2
2026-10-01,TENB,"Tenable Holdings, Inc.",软件,网络安全,IGV,36.11,Wait,,38.5807,39.2266,31.577,0.0596,0.5833,0.0535,0.077,0.065,7.6497,4,0.2
2026-10-01,TEVA,Teva Pharmaceutical Industries ,医疗健康,制药,XLV,39.31,Wait,,40.6131,40.9809,35.929,0.0312,0.7227,0.0799,0.2302,0.2314,5.0519,3.5,0.3206
2026-10-01,TFII,TFI International Inc.,工业,铁路/联运,IYT,120.55,Bad Market,,138.3155,139.3821,144.1769,0.0295,-1.9842,-0.1391,0.3319,0.1965,-4.7949,3.5,0.3391
2026-10-01,TFPM,Triple Flag Precious Metals Cor,矿业,金,GDX,30.44,Bad Market,,34.8544,35.1656,32.0694,0.0341,-2.2804,-0.1236,0.2345,0.0911,3.0962,3.5,0.2935
2026-10-01,TGT,Target Corporation,消费,消费必需品,XLP,156.7,Bad Market,,166.007,167.1656,158.3045,0.0246,-0.4343,-0.043,0.1142,0.1652,8.861,3,0.4058
2026-10-01,TGTX,"TG Therapeutics, Inc.",医疗健康,生物制药,XBI,53.62,Wait,,58.6462,59.3373,50.0469,0.043,-1.0304,0.0372,0.0328,0.0469,9.2904,3.5,0.2328
2026-10-01,THC,Tenet Healthcare Corporation,医疗健康,医疗服务,XLV,253.97,Wait,,271.6197,274.0155,252.8191,0.0314,-0.8628,-0.0425,0.1498,0.2422,21.1964,3.5,0.318
2026-10-01,TIGO,Millicom International Cellular,通讯服务,电信,XLC,85.61,Bad Market,,97.5361,98.4759,93.3453,0.0366,-2.6639,-0.0301,0.2454,0.093,5.1307,3.5,0.2733
2026-10-01,TJX,"TJX Companies, Inc. (The)",消费,折扣零售,XLY,133.59,Bad Market,,135.2459,136.1329,153.1901,0.0221,1.5242,-0.0608,0.0104,0.1956,-17.0572,3,0.4518
2026-10-01,TK,Teekay Corporation Ltd.,航运,海运,SEA,14.6,Wait,,14.856,15.0087,12.9282,0.0349,1.2267,0.0629,0.2727,0.2723,2.0806,3.5,0.2868
2026-10-01,TMO,Thermo Fisher Scientific Inc,医疗健康,生命科学工具,XLV,652.51,Wait,,686.1351,690.9045,631.9154,0.0244,0.6457,0.0228,0.1971,0.2758,58.9892,3,0.4104
2026-10-01,TMUS,"T-Mobile US, Inc.",通讯服务,电信,XLC,161.73,Bad Market,,189.6373,190.9788,179.9889,0.0276,-2.5902,-0.1305,0.3223,0.1564,10.9899,3.5,0.3617
2026-10-01,TNK,Teekay Tankers Ltd.,航运,海运,SEA,101.01,Wait,,101.9301,103.0046,88.3843,0.0355,1.2324,0.1027,0.3446,0.3125,14.6203,3.5,0.282
2026-10-01,TOST,"Toast, Inc.",软件,软件,IGV,29.23,Wait,,34.3823,34.7012,33.2494,0.0364,-2.0489,-0.1069,0.4355,0.0352,1.4518,3.5,0.275
2026-10-01,TPG,TPG Inc.,金融地产,私募股权,XLF,44.73,Bad Market,,54.5673,55.0546,49.5254,0.0363,-1.5043,-0.0837,0.5246,0.0049,5.5292,3.5,0.2754
2026-10-01,TRGP,"Targa Resources, Inc.",油气,油气中游,AMLP,279.31,Bad Market,,298.8531,301.1866,275.0263,0.0278,-0.8381,0.0288,0.2251,0.0051,26.1603,3.5,0.3591
2026-10-01,TRMD,TORM plc,航运,海运,SEA,38.8,Enter,0.4155,38.618,39.056,33.1196,0.0376,2.2796,0.2301,0.3551,0.2728,5.9365,3.5,0.2657
2026-10-01,TRP,TC Energy Corporation,油气,油气中游,AMLP,58.62,Bad Market,,64.0362,64.409,66.8617,0.0212,-1.8322,-0.0678,0.3305,0.3011,-2.4527,3,0.4717
2026-10-01,TS,Tenaris S.A.,油气,油气设备服务,XLE,55.65,Wait,,58.1465,58.5186,54.5892,0.0223,-0.4148,-0.0511,0.0173,0.0319,3.9294,3,0.4487
2026-10-01,TSEM,Tower Semiconductor Ltd.,半导体,半导体,SOXX,241.3,Enter,0.4654,239.3718,243.5146,210.2435,0.0572,1.6904,-0.1642,0.201,0.0177,33.271,4,0.2
2026-10-01,TSM,Taiwan Semiconductor Manufactur,半导体,半导体,SOXX,459.2,Wait,,461.532,464.6001,426.259,0.0223,2.2541,-0.2123,0.363,0.1116,38.3411,3,0.449
2026-10-01,TT,Trane Technologies plc,工业,暖通楼宇,XLI,458.94,Bad Market,,460.1794,463.4496,451.2577,0.0238,1.791,-0.1059,0.1506,0.0706,12.1919,3,0.421
2026-10-01,TTAN,"ServiceTitan, Inc.",软件,软件,IGV,67.34,Wait,,98.916,100.2301,83.1191,0.065,0.5898,-0.0487,0.411,0.069,17.111,4,0.2
2026-10-01,TTC,Toro Company (The),工业,工业机械,XLI,97.79,Bad Market,,100.1279,100.7934,93.6952,0.0227,1.3955,-0.0657,0.0009,0.0602,7.0982,3,0.4408
2026-10-01,TTE,TotalEnergies SE,油气,综合油气,XLE,84.51,Wait,,93.9651,94.4808,87.9626,0.0203,-3.4375,0.0001,0.153,0.0691,6.5183,3,0.4916
2026-10-01,TTMI,"TTM Technologies, Inc.",科技硬件,电子元件,XLK,126.5,Wait,,130.896,133.215,115.9299,0.0611,0.6166,-0.2097,0.1036,0.065,17.2851,4,0.2
2026-10-01,TVTX,"Travere Therapeutics, Inc.",医疗健康,生物制药,XBI,56.85,Wait,,68.0785,68.8246,58.8149,0.0437,-2.6289,0.0312,0.3438,0.0017,10.0097,3.5,0.2286
2026-10-01,TWLO,Twilio Inc.,软件,软件,IGV,301.27,Wait,,302.6727,306.9107,250.2172,0.0469,3.2692,0.2068,0.3663,0.2349,56.6935,3.5,0.2133
2026-10-01,TWST,Twist Bioscience Corporation,医疗健康,生命科学工具,XLV,188.05,Wait,,195.4903,198.8658,148.234,0.0598,3.1804,0.3311,0.4125,0.3109,50.6318,4,0.2
2026-10-01,TX,Ternium S.A. Ternium S.A.,基础材料,钢铁,XLB,55.3,Bad Market,,58.663,59.0947,53.0731,0.026,-0.919,-0.0295,0.0316,0.2612,6.0217,3.5,0.3843
2026-10-01,TXG,"10x Genomics, Inc.",医疗健康,生命科学工具,XLV,88.76,Wait,,91.3786,92.9064,69.989,0.0574,2.6992,0.3995,0.5086,0.3926,22.9174,4,0.2
2026-10-01,TXT,Textron Inc.,航空国防,航空航天国防,ITA,77.17,Bad Market,,81.7717,82.3051,90.7959,0.023,-0.9682,-0.1528,0.2301,0.19,-8.4908,3,0.434
2026-10-01,U,Unity Software Inc.,软件,软件,IGV,43.61,Wait,,44.5361,45.164,39.7847,0.048,0.7322,0.101,0.0728,0.2273,5.3793,3.5,0.2084
2026-10-01,UBER,"Uber Technologies, Inc.",工业,铁路/联运,IYT,67.88,Bad Market,,77.1288,77.6948,73.7461,0.0278,-1.8664,-0.1798,0.41,0.0689,3.9487,3.5,0.3598
2026-10-01,UBS,UBS Group AG Registered,金融地产,银行,XLF,47.57,Bad Market,,56.1957,56.52,52.4771,0.0227,-3.7429,0.0705,0.4571,0.2153,4.0429,3,0.4401
2026-10-01,UBSI,"United Bankshares, Inc.",金融地产,银行,XLF,46.4,Bad Market,,48.2554,48.4926,46.9977,0.017,-0.7682,-0.0053,0.0923,0.0146,1.495,3,0.5
2026-10-01,UCTT,"Ultra Clean Holdings, Inc.",半导体,半导体材料,SOXX,78.64,Wait,,81.9489,83.2821,87.3729,0.0565,1.2878,-0.2992,0.2235,0.1167,-4.0907,4,0.2
2026-10-01,UEC,Uranium Energy Corp.,矿业,铀,URA,9.36,Bad Market,,12.3585,12.5363,11.2498,0.0633,-1.6935,-0.1776,0.5434,0.0434,1.2865,4,0.2
2026-10-01,UL,Unilever PLC,消费,消费必需品,XLP,59.58,Bad Market,,65.3577,65.6623,63.8239,0.017,-2.961,-0.0493,0.4213,0.0462,1.8384,3,0.5
2026-10-01,UMC,United Microelectronics Corpora,半导体,半导体,SOXX,25.21,Wait,,26.0221,26.3004,22.5235,0.0368,2.2564,-0.1131,0.3683,0.008,3.7769,3.5,0.2718
2026-10-01,UNH,UnitedHealth Group Incorporated,医疗健康,医疗服务,XLV,365.2,Wait,,404.592,407.1837,410.4327,0.0237,-1.9395,-0.0999,0.2975,0.2133,-3.249,3,0.4227
2026-10-01,UNM,Unum Group,金融地产,保险,XLF,88.08,Bad Market,,97.4508,98.1463,88.4558,0.0263,-2.3196,0.082,0.1899,0.0135,9.6905,3.5,0.3799
2026-10-01,UNP,Union Pacific Corporation,工业,铁路,IYT,272.42,Bad Market,,303.1502,304.6384,295.7386,0.0182,-1.6442,-0.1162,0.5783,0.102,8.8998,3,0.5
2026-10-01,USAC,"USA Compression Partners, LP",油气,油气中游,AMLP,25.27,Bad Market,,28.0227,28.2087,25.9103,0.0245,-1.8971,-0.1228,0.27,0.0719,2.2984,3,0.4076
2026-10-01,USB,U.S. Bancorp,金融地产,银行,XLF,57.36,Bad Market,,64.1036,64.4518,61.9379,0.0202,-2.9306,-0.0121,0.3019,0.1795,2.5139,3,0.4942
2026-10-01,UUUU,Energy Fuels Inc,矿业,铀,URA,10.71,Bad Market,,14.8777,15.0692,13.4163,0.0596,-2.8218,-0.3268,0.6048,0.0807,1.6529,4,0.2
2026-10-01,V,Visa Inc.,金融地产,支付,XLF,359.85,Bad Market,,382.28,384.0259,366.6802,0.0162,-1.639,-0.1118,0.2935,0.0259,17.3457,3,0.5
2026-10-01,VALE,VALE S.A.,矿业,铁矿,XME,13.45,Bad Market,,15.8645,15.9801,14.3808,0.0287,-2.6382,-0.0639,0.3519,0.1034,1.5994,3.5,0.3489
2026-10-01,VCTR,"Victory Capital Holdings, Inc. ",金融地产,资管,XLF,111.74,Bad Market,,119.1274,120.2506,108.0258,0.0335,0.7488,0.1186,0.1897,0.1353,12.2249,3.5,0.2984
2026-10-01,VCYT,"Veracyte, Inc.",医疗健康,诊断检测,XLV,44.19,Wait,,49.0298,49.7645,49.9841,0.0554,0.4548,0.0243,0.0342,0.1984,-0.2196,4,0.2
2026-10-01,VECO,Veeco Instruments Inc.,半导体,半导体,SOXX,53.19,Enter,0.9789,52.4319,53.2063,47.9252,0.0485,3.2066,-0.2029,0.3206,0.0417,5.2811,3.5,0.2061
2026-10-01,VEEV,Veeva Systems Inc.,软件,软件,IGV,281.93,Wait,,288.5093,291.2072,254.2142,0.0319,1.3108,0.0392,0.0463,0.3171,36.993,3.5,0.3135
2026-10-01,VG,"Venture Global, Inc.",油气,油气中游,XLE,12.77,Wait,,15.9304,16.126,13.1918,0.0511,-2.0673,-0.1076,0.2551,0.0059,2.9343,4,0.2
2026-10-01,VIAV,Viavi Solutions Inc.,科技硬件,通讯设备,XLK,44.78,Too High,,42.427,43.1875,36.1199,0.0566,3.0538,-0.1058,0.3104,0.0544,7.0676,4,0.2
2026-10-01,VICR,Vicor Corporation,科技硬件,电子元件,XLK,308.59,Too High,,294.4353,300.0682,215.5743,0.0608,4.4734,-0.0545,0.5346,0.0871,84.4939,4,0.2
2026-10-01,VIRT,"Virtu Financial, Inc.",金融地产,资本市场,XLF,55.62,Bad Market,,66.1962,66.8685,60.0861,0.0403,-1.1102,-0.0171,0.4235,0.0759,6.7824,3.5,0.2482
2026-10-01,VISN,"Vistance Networks, Inc.",科技硬件,电子元件,XLK,6.16,Wait,,6.7942,6.8905,11.2057,0.0521,-0.7023,-0.3413,0.0676,0.3506,-4.3151,4,0.2
2026-10-01,VIST,Vista Energy S.A.B. de C.V.,油气,油气勘探开发,XLE,64.63,Wait,,79.5963,80.4069,69.4927,0.0418,-2.9187,-0.0575,0.1854,0.0097,10.9142,3.5,0.2392
2026-10-01,VKTX,"Viking Therapeutics, Inc.",医疗健康,生物制药,XBI,30.51,Wait,,42.1899,42.9999,30.8512,0.0885,-1.0066,0.3023,0.0674,0.122,12.1487,4,0.2
2026-10-01,VLO,Valero Energy Corporation,油气,炼油,XLE,408.46,Wait,,417.3646,421.9965,359.241,0.0378,1.3724,0.2682,0.3296,0.3559,62.7555,3.5,0.2646
2026-10-01,VLTO,Veralto Corp,工业,污水处理,XLI,94.6,Bad Market,,99.4375,99.958,94.8949,0.0183,-0.6291,-0.141,0.2131,0.0637,5.0631,3,0.5
2026-10-01,VNOM,"Viper Energy, Inc.",油气,油气勘探开发,XLE,40.69,Wait,,46.3669,46.6736,42.3819,0.0251,-2.2395,-0.0631,0.3144,0.0747,4.2917,3.5,0.398
2026-10-01,VOYA,"Voya Financial, Inc.",金融地产,保险,XLF,95.38,Bad Market,,105.8138,106.5452,96.3272,0.0256,-1.9826,0.0439,0.2446,0.0533,10.218,3.5,0.3912
2026-10-01,VRT,"Vertiv Holdings, LLC",工业,电气设备,XLI,246.12,Bad Market,,293.2912,296.937,262.0353,0.0494,-0.5358,-0.2028,0.0732,0.1292,34.9017,3.5,0.2025
2026-10-01,VRTX,Vertex Pharmaceuticals Incorpor,医疗健康,生物技术,XLV,506.74,Wait,,563.0274,566.6685,521.5494,0.024,-1.4252,-0.0526,0.3165,0.0841,45.119,3,0.4175
2026-10-01,VSAT,"ViaSat, Inc.",航空国防,通讯设备,ITA,70.35,Bad Market,,78.545,79.7374,71.3305,0.0565,-0.6801,-0.1334,0.0811,0.0008,8.407,4,0.2
2026-10-01,VSH,"Vishay Intertechnology, Inc.",半导体,半导体,SOXX,34.27,Too High,,33.5527,34.0453,35.0529,0.0479,1.4318,-0.3426,0.2465,0.0916,-1.0076,3.5,0.2087
2026-10-01,VST,Vistra Corp.,公用电力,电力,XLU,139.75,Bad Market,,153.1175,154.5227,152.5856,0.0335,-0.6391,-0.1962,0.0511,0.1277,1.9371,3.5,0.2983
2026-10-01,VSXY,Victorias Secret & Co.,消费,服饰零售,XLY,88.51,Bad Market,,90.1151,91.2877,86.2892,0.0442,2.2383,-0.0166,0.0639,0.0354,4.9985,3.5,0.2264
2026-10-01,VTR,"Ventas, Inc.",金融地产,医疗地产,XLRE,83.73,Bad Market,,92.9473,93.4527,95.4764,0.0201,-2.7518,-0.1154,0.5544,0.1554,-2.0237,3,0.497
2026-10-01,VTRS,Viatris Inc.,医疗健康,制药,XLV,17.46,Wait,,18.4446,18.5829,16.6566,0.0264,0.7723,0.0057,0.2116,0.0654,1.9263,3.5,0.3788
2026-10-01,VVX,"V2X, Inc.",航空国防,航空航天国防,ITA,70.71,Bad Market,,78.1571,78.9973,80.4377,0.0396,-1.3074,-0.0976,0.2326,0.0551,-1.4404,3.5,0.2525
2026-10-01,VZ,Verizon Communications Inc.,通讯服务,电信,XLC,45.98,Bad Market,,51.9098,52.1893,48.6551,0.0203,-2.9293,-0.1031,0.3588,0.106,3.5342,3,0.4935
2026-10-01,W,Wayfair Inc.,消费,互联网零售,XLY,101.37,Bad Market,,108.3637,109.7957,99.3729,0.0471,0.1351,-0.0474,0.0471,0.0631,10.4228,3.5,0.2124
2026-10-01,WAB,Westinghouse Air Brake Technolo,工业,工业机械,XLI,287.84,Bad Market,,295.2484,297.0359,287.9146,0.0207,0.6596,-0.08,0.0347,0.1444,9.1214,3,0.4831
2026-10-01,WAT,Waters Corporation,医疗健康,生命科学工具,XLV,425.53,Wait,,447.5153,451.0489,402.035,0.0277,0.4288,-0.0046,0.0923,0.1643,49.0139,3.5,0.3613
2026-10-01,WAY,Waystar Holding Corp.,软件,软件,IGV,25.35,Wait,,26.9235,27.2579,22.7683,0.044,0.1606,-0.0182,0.0714,0.0815,4.4897,3.5,0.2274
2026-10-01,WBI,WaterBridge Infrastructure LLC,油气,油气设备服务,XLE,28.13,Wait,,33.3013,33.6494,32.1484,0.0413,-2.3491,-0.1309,0.3835,0.2312,1.501,3.5,0.2424
2026-10-01,WCC,"WESCO International, Inc.",工业,工业分销,XLI,371.28,Bad Market,,371.1528,374.7959,331.5968,0.0327,1.6288,-0.0486,0.2069,0.0853,43.1992,3.5,0.3057
2026-10-01,WDAY,"Workday, Inc.",软件,软件,IGV,186.75,Wait,,208.7875,211.1865,178.9313,0.0428,-0.6171,-0.0522,0.129,0.1576,32.2553,3.5,0.2335
2026-10-01,WDC,Western Digital Corporation,科技硬件,存储硬件,XLK,462.56,Wait,,487.5064,495.346,453.7719,0.0565,0.4778,-0.2275,0.0535,0.0532,41.5741,4,0.2
2026-10-01,WDS,Woodside Energy Group Limited,油气,油气勘探开发,XLE,21.8,Wait,,24.408,24.57,22.7102,0.0248,-2.2798,-0.0278,0.1741,0.0429,1.8598,3,0.4037
2026-10-01,WELL,Welltower Inc.,金融地产,医疗地产,XLRE,226.94,Bad Market,,243.3894,244.8144,237.8203,0.0209,-1.4554,-0.0484,0.1987,0.0493,6.9941,3,0.4778
2026-10-01,WEN,Wendy's Company (The),消费,餐饮,XLY,6.25,Bad Market,,8.3625,8.4514,8.0832,0.0474,-3.0094,-0.2039,0.6156,0.0979,0.3682,3.5,0.211
2026-10-01,WES,"Western Midstream Partners, LP",油气,油气中游,AMLP,44.38,Bad Market,,49.9838,50.2754,46.8845,0.0219,-2.8965,-0.0115,0.3859,0.0389,3.3909,3,0.4567
2026-10-01,WEX,WEX Inc.,金融地产,支付,XLF,168.66,Bad Market,,202.4366,204.2538,182.0493,0.0359,-3.1704,0.001,0.3018,0.0591,22.2045,3.5,0.2784
2026-10-01,WFC,Wells Fargo & Company,金融地产,银行,XLF,80.25,Bad Market,,91.0925,91.6718,84.4973,0.0241,-3.0392,-0.0202,0.2563,0.1365,7.1745,3,0.4156
2026-10-01,WFRD,Weatherford International plc,油气,油气设备服务,XLE,78.44,Wait,,98.5544,99.5128,86.5888,0.0407,-2.5815,-0.0918,0.5566,0.0334,12.924,3.5,0.2455
2026-10-01,WHD,"Cactus, Inc. Class A Common Sto",油气,油气设备服务,XLE,62.19,Wait,,72.7619,73.3792,66.5284,0.0331,-2.5501,-0.0333,0.3707,0.1285,6.8508,3.5,0.3022
2026-10-01,WMB,"Williams Companies, Inc. (The)",油气,油气中游,AMLP,69.22,Bad Market,,76.5222,77.0513,69.6578,0.0255,-1.5058,-0.0478,0.3921,0.102,7.3935,3.5,0.3925
2026-10-01,WMT,Walmart Inc.,消费,消费必需品,XLP,104.26,Bad Market,,111.5726,112.2436,109.3001,0.0215,-1.3974,-0.101,0.0244,0.1138,2.9435,3,0.4661
2026-10-01,WOLF,"Wolfspeed, Inc.",半导体,半导体,SOXX,31.17,Too High,,29.3244,29.9909,26.2127,0.0713,2.0879,-0.3608,0.1764,0.0467,3.7782,4,0.2
2026-10-01,WPM,Wheaton Precious Metals Corp,矿业,金,GDX,133.42,Bad Market,,158.0942,159.7197,144.7557,0.0406,-2.7607,-0.0192,0.2334,0.1319,14.964,3.5,0.2462
2026-10-01,WRBY,Warby Parker Inc.,消费,服饰零售,XLY,27.49,Bad Market,,28.1138,28.6146,23.2436,0.0607,1.7135,0.0192,0.1489,0.0101,5.371,4,0.2
2026-10-01,WSM,"Williams-Sonoma, Inc.",消费,家居零售,XLY,233.39,Bad Market,,235.0239,237.0765,227.8326,0.0293,1.0318,-0.0428,0.0773,0.0601,9.2439,3.5,0.3411
2026-10-01,WST,"West Pharmaceutical Services, I",医疗健康,生命科学工具,XLV,365.01,Wait,,380.2801,382.7852,351.579,0.0229,0.7351,-0.0229,0.2652,0.0275,31.2062,3,0.4371
2026-10-01,WT,"WisdomTree, Inc.",金融地产,资管,XLF,24.03,Bad Market,,25.1303,25.3949,21.9525,0.0367,0.3412,0.032,0.0034,0.1669,3.4424,3.5,0.2724
2026-10-01,WTTR,"Select Water Solutions, Inc.",油气,油气设备服务,XLE,20.03,Wait,,21.0003,21.2648,19.1745,0.044,-0.1537,0.0513,0.0603,0.0019,2.0902,3.5,0.2272
2026-10-01,WULF,TeraWulf Inc.,数据中心,数据中心,DTCR,14.91,Bad Market,,18.0692,18.383,15.8657,0.0702,-1.1581,-0.2696,0.0157,0.1109,2.5173,4,0.2
2026-10-01,WYFI,"WhiteFiber, Inc.",数据中心,数据中心,DTCR,17.48,Bad Market,,20.8849,21.3574,24.0512,0.0901,-0.8405,-0.3811,0.0782,0.1706,-2.6938,4,0.2
2026-10-01,XE,"X-Energy, Inc.",公用电力,核能,NLR,13.95,Bad Market,,19.3865,19.7412,18.0,0.0848,-1.7768,-0.3272,0.3319,0.0235,1.7412,4,0.2
2026-10-01,XEL,Xcel Energy Inc.,公用电力,电力,XLU,70.55,Bad Market,,77.5378,77.9325,77.7231,0.0186,-1.9128,-0.0977,0.3291,0.2341,0.2094,3,0.5
2026-10-01,XMTR,"Xometry, Inc.",工业,工业分销,XLI,104.23,Bad Market,,106.1723,107.6976,87.3343,0.0488,1.7874,0.0405,0.2244,0.0378,20.3633,3.5,0.205
2026-10-01,XNDU,Xanadu Quantum Technologies Lim,科技硬件,量子计算,QTUM,4.48,Wait,,10.8676,11.0289,9.4485,0.1201,-5.3358,-0.5798,0.9263,0.3216,1.5804,4,0.2
2026-10-01,XOM,ExxonMobil Holdings Corporation,油气,综合油气,XLE,163.82,Wait,,170.9582,172.0273,158.6289,0.0218,0.3134,-0.029,0.0669,0.1843,13.3984,3,0.4597
2026-10-01,XP,XP Inc.,金融地产,资本市场,XLF,21.17,Bad Market,,21.4217,21.6569,18.4658,0.037,1.2888,0.0886,0.3534,0.246,3.1911,3.5,0.27
2026-10-01,XYZ,"Block, Inc.",金融地产,支付,XLF,74.04,Bad Market,,84.1104,84.817,76.6062,0.0318,-1.6329,-0.1098,0.2689,0.1017,8.2108,3.5,0.3143
2026-10-01,YPF,YPF Sociedad Anonima,油气,综合油气,XLE,49.27,Wait,,58.1027,58.6342,51.4096,0.036,-2.508,-0.0162,0.1108,0.019,7.2245,3.5,0.2781
2026-10-01,ZBRA,Zebra Technologies Corporation,科技硬件,硬件,XLK,375.45,Wait,,379.7245,382.9597,345.3156,0.0287,1.7432,-0.0349,0.1827,0.3453,37.6441,3.5,0.3482
2026-10-01,ZETA,Zeta Global Holdings Corp.,软件,软件,IGV,32.4,Wait,,33.004,33.4515,27.4589,0.046,1.2894,0.065,0.0957,0.2307,5.9927,3.5,0.2172
2026-10-01,ZIM,ZIM Integrated Shipping Service,航运,海运,SEA,29.75,Wait,,30.8075,31.1072,27.0138,0.0336,0.3574,0.1301,0.215,0.1648,4.0934,3.5,0.2978
2026-10-01,ZS,"Zscaler, Inc.",软件,网络安全,IGV,198.78,Wait,,216.6278,219.5122,180.9885,0.0484,0.9913,0.0577,0.0799,0.1845,38.5237,3.5,0.2067
2026-10-01,ZWS,Zurn Elkay Water Solutions Corp,工业,污水处理,XLI,47.2,Bad Market,,48.272,48.5561,50.3386,0.0201,0.6926,-0.1706,0.0726,0.0152,-1.7825,3,0.4983
